transaction_id,customer_id,event_ts,province,channel,merchant_category,customer_segment,amount_cad,is_international,is_card_present,device_trust_score,account_age_days,transactions_24h,distance_from_home_km,hour_of_day,is_fraud,event_date,week_start,risk_score,is_alert,risk_tier,reason_code
TX0051852,C006499,2026-01-01 00:10:00,ON,Mobile wallet,Electronics,Student,131.26,0,0,53.9,257,3,33.8,0,0,2026-01-01,2025-12-29,0.5848569816681665,0,High,unusual hour
TX0052037,C010346,2026-01-01 00:13:00,QC,ATM,Dining,Everyday,170.84,0,0,63.7,269,3,22.0,0,0,2026-01-01,2025-12-29,0.2904870546121552,0,Guarded,unusual hour
TX0054814,C002613,2026-01-01 00:26:00,QC,E-commerce,Fuel,Student,54.5,0,0,63.7,224,4,3.7,0,0,2026-01-01,2025-12-29,0.5528290442762415,0,High,unusual hour
TX0010970,C006441,2026-01-01 00:27:00,SK,Mobile wallet,Travel,Everyday,194.94,0,0,54.5,708,5,52.3,0,0,2026-01-01,2025-12-29,0.5863916423184327,0,High,unusual hour
TX0051725,C012227,2026-01-01 00:41:00,ON,Point of sale,Digital services,Everyday,57.02,0,1,45.9,1242,4,28.6,0,0,2026-01-01,2025-12-29,0.42911537106615444,0,Guarded,unusual hour
TX0018640,C014308,2026-01-01 00:43:00,ON,E-commerce,Electronics,Everyday,157.74,0,0,90.6,1082,3,9.5,0,0,2026-01-01,2025-12-29,0.5776237314040654,0,High,unusual hour
TX0009648,C014212,2026-01-01 00:44:00,AB,Point of sale,Cash,Student,71.37,0,1,72.3,1080,4,1.4,0,0,2026-01-01,2025-12-29,0.22685078888462717,0,Low,unusual hour
TX0021410,C005788,2026-01-01 00:53:00,QC,Recurring,Digital services,Student,18.66,0,0,78.4,1783,3,14.1,0,0,2026-01-01,2025-12-29,0.2953117251785996,0,Guarded,unusual hour
TX0049249,C003502,2026-01-01 00:56:00,ON,Point of sale,Travel,New-to-bank,195.09,0,1,86.9,1587,1,35.0,0,0,2026-01-01,2025-12-29,0.1695381101504335,0,Low,unusual hour
TX0020672,C000849,2026-01-01 00:57:00,AB,Point of sale,Fuel,Everyday,22.98,0,1,99.3,218,2,30.4,0,0,2026-01-01,2025-12-29,0.10788035667188328,0,Low,unusual hour
TX0017442,C011731,2026-01-01 00:58:00,ON,Point of sale,Grocery,Affluent,152.06,0,1,50.3,1666,6,111.3,0,0,2026-01-01,2025-12-29,0.6405745971272806,1,High,unusual hour
TX0042616,C014654,2026-01-01 00:58:00,ON,Point of sale,Grocery,Small business,326.55,0,1,100.0,1329,3,15.8,0,0,2026-01-01,2025-12-29,0.20996505207446742,0,Low,unusual hour
TX0048422,C001709,2026-01-01 01:09:00,AB,Point of sale,Cash,Student,51.58,0,1,75.8,542,2,3.5,1,0,2026-01-01,2025-12-29,0.1443720932896293,0,Low,unusual hour
TX0015053,C009159,2026-01-01 01:24:00,BC,Point of sale,Other,New-to-bank,581.06,0,1,59.5,369,5,41.2,1,0,2026-01-01,2025-12-29,0.6598273977715443,1,High,"high amount, unusual hour"
TX0029484,C001754,2026-01-01 01:30:00,ON,ATM,Grocery,Everyday,31.26,0,0,75.0,863,1,37.8,1,0,2026-01-01,2025-12-29,0.14485789539106098,0,Low,unusual hour
TX0001807,C001987,2026-01-01 01:35:00,ON,E-commerce,Grocery,Student,5.27,0,0,73.3,600,2,42.3,1,0,2026-01-01,2025-12-29,0.43627722986241574,0,Guarded,unusual hour
TX0027208,C006678,2026-01-01 01:35:00,ON,Point of sale,Other,Small business,22.16,0,1,70.3,64,3,88.5,1,0,2026-01-01,2025-12-29,0.22487722568168775,0,Low,"unusual hour, new account"
TX0002963,C012438,2026-01-01 01:52:00,BC,Point of sale,Grocery,New-to-bank,13.81,0,1,94.0,537,4,33.9,1,0,2026-01-01,2025-12-29,0.16000699626604964,0,Low,unusual hour
TX0054889,C001612,2026-01-01 01:53:00,QC,Point of sale,Travel,Student,506.21,0,1,79.8,1634,4,1.6,1,0,2026-01-01,2025-12-29,0.4472953738393061,0,Guarded,"high amount, unusual hour"
TX0025934,C007148,2026-01-01 01:57:00,ON,ATM,Dining,Everyday,132.62,0,0,64.8,890,5,9.2,1,0,2026-01-01,2025-12-29,0.3210316157201542,0,Guarded,unusual hour
TX0029168,C013674,2026-01-01 02:04:00,BC,ATM,Other,Affluent,140.79,0,0,63.0,818,6,35.1,2,0,2026-01-01,2025-12-29,0.4804339331006368,0,Guarded,unusual hour
TX0023953,C001717,2026-01-01 02:12:00,ON,Point of sale,Other,Student,133.98,0,1,33.6,492,3,39.1,2,0,2026-01-01,2025-12-29,0.4031911182522783,0,Guarded,"low device trust, unusual hour"
TX0025383,C005891,2026-01-01 02:12:00,ON,Mobile wallet,Dining,Everyday,27.34,0,0,83.8,1546,1,80.0,2,0,2026-01-01,2025-12-29,0.263025416144822,0,Guarded,unusual hour
TX0024479,C003549,2026-01-01 02:13:00,QC,Point of sale,Other,Everyday,26.27,0,1,100.0,1165,2,43.4,2,0,2026-01-01,2025-12-29,0.13989046868565735,0,Low,unusual hour
TX0058910,C009152,2026-01-01 02:17:00,ON,Point of sale,Dining,Everyday,16.17,0,1,100.0,477,4,11.9,2,0,2026-01-01,2025-12-29,0.12984681163269443,0,Low,unusual hour
TX0058822,C011389,2026-01-01 02:19:00,ON,Point of sale,Digital services,Everyday,74.79,0,1,55.1,841,3,59.5,2,0,2026-01-01,2025-12-29,0.37818858497613794,0,Guarded,unusual hour
TX0051492,C012171,2026-01-01 02:22:00,QC,E-commerce,Fuel,Affluent,101.19,0,0,66.5,609,4,3.7,2,0,2026-01-01,2025-12-29,0.61171502874934,0,High,unusual hour
TX0023021,C004462,2026-01-01 02:25:00,ON,Recurring,Electronics,Everyday,44.1,0,0,58.2,1783,5,11.7,2,0,2026-01-01,2025-12-29,0.4243353098162513,0,Guarded,unusual hour
TX0037663,C011729,2026-01-01 02:40:00,ON,Mobile wallet,Grocery,Student,48.54,0,0,81.1,311,2,46.9,2,0,2026-01-01,2025-12-29,0.2866007869819887,0,Guarded,unusual hour
TX0032205,C003264,2026-01-01 02:43:00,BC,E-commerce,Grocery,Affluent,16.4,0,0,100.0,1868,4,2.9,2,0,2026-01-01,2025-12-29,0.42682662418304584,0,Guarded,unusual hour
TX0010342,C013766,2026-01-01 02:45:00,ON,E-commerce,Fuel,Everyday,83.06,0,0,65.3,1553,4,44.1,2,0,2026-01-01,2025-12-29,0.5910036459437685,0,High,unusual hour
TX0056166,C014624,2026-01-01 02:49:00,ON,Point of sale,Grocery,Everyday,134.57,0,1,68.3,2279,1,9.2,2,0,2026-01-01,2025-12-29,0.17572347182420542,0,Low,unusual hour
TX0014053,C000916,2026-01-01 02:51:00,ON,E-commerce,Grocery,Everyday,30.34,0,0,37.4,616,3,34.7,2,0,2026-01-01,2025-12-29,0.6076552119548834,0,High,unusual hour
TX0041916,C006670,2026-01-01 02:51:00,QC,Mobile wallet,Grocery,Everyday,38.01,1,0,40.7,1606,7,19.0,2,0,2026-01-01,2025-12-29,0.9309895168691397,1,Critical,"international, unusual hour"
TX0024957,C012826,2026-01-01 03:00:00,ON,Point of sale,Travel,New-to-bank,189.58,0,1,68.8,563,6,4.9,3,0,2026-01-01,2025-12-29,0.3437852343109635,0,Guarded,unusual hour
TX0052224,C006407,2026-01-01 03:05:00,QC,E-commerce,Electronics,Affluent,905.26,0,0,25.6,330,4,18.4,3,0,2026-01-01,2025-12-29,0.9756136907911716,1,Critical,"low device trust, high amount, unusual hour"
TX0050251,C004138,2026-01-01 03:19:00,ON,Mobile wallet,Digital services,Affluent,133.97,0,0,61.6,1115,4,32.7,3,0,2026-01-01,2025-12-29,0.643345139246036,1,High,unusual hour
TX0043871,C007910,2026-01-01 03:20:00,ON,E-commerce,Digital services,Affluent,122.45,0,0,74.2,2557,2,23.6,3,0,2026-01-01,2025-12-29,0.6563780316197131,1,High,unusual hour
TX0015503,C005514,2026-01-01 03:26:00,QC,E-commerce,Travel,Everyday,412.21,0,0,100.0,678,2,29.0,3,0,2026-01-01,2025-12-29,0.5367960853422495,0,High,unusual hour
TX0032683,C000669,2026-01-01 03:32:00,BC,Point of sale,Cash,Everyday,5.94,0,1,64.8,797,3,15.0,3,0,2026-01-01,2025-12-29,0.1508858787382791,0,Low,unusual hour
TX0047494,C007970,2026-01-01 03:47:00,ON,Recurring,Dining,New-to-bank,14.27,0,0,57.0,488,2,2.8,3,0,2026-01-01,2025-12-29,0.1788685627261673,0,Low,unusual hour
TX0019250,C003980,2026-01-01 03:59:00,AB,Point of sale,Other,Small business,68.06,0,1,81.3,1113,4,82.9,3,0,2026-01-01,2025-12-29,0.2646333583278121,0,Guarded,unusual hour
TX0010042,C004621,2026-01-01 04:01:00,ON,Recurring,Other,Everyday,10.55,0,0,66.7,583,7,246.1,4,0,2026-01-01,2025-12-29,0.659735402055344,1,High,"unusual hour, distance anomaly"
TX0041172,C014406,2026-01-01 04:05:00,BC,Mobile wallet,Grocery,Small business,4.75,0,0,68.1,1220,5,6.9,4,0,2026-01-01,2025-12-29,0.3203212977072528,0,Guarded,unusual hour
TX0043064,C012829,2026-01-01 04:08:00,QC,E-commerce,Electronics,Everyday,280.32,0,0,55.7,4495,3,10.2,4,0,2026-01-01,2025-12-29,0.8055611526546778,1,Critical,unusual hour
TX0043781,C008743,2026-01-01 04:11:00,QC,Recurring,Fuel,Everyday,6.51,0,0,70.5,1244,1,18.7,4,0,2026-01-01,2025-12-29,0.13360977344824068,0,Low,unusual hour
TX0038189,C009416,2026-01-01 04:14:00,AB,Point of sale,Grocery,Everyday,28.9,0,1,76.7,2141,4,6.0,4,0,2026-01-01,2025-12-29,0.20510140940478475,0,Low,unusual hour
TX0041836,C007693,2026-01-01 04:16:00,QC,Point of sale,Travel,Everyday,691.19,0,1,28.0,998,3,30.3,4,0,2026-01-01,2025-12-29,0.6983170382254695,1,High,"low device trust, high amount, unusual hour"
TX0001427,C005698,2026-01-01 04:38:00,AB,ATM,Other,Small business,288.22,0,0,100.0,659,6,64.2,4,1,2026-01-01,2025-12-29,0.3865702214609109,0,Guarded,unusual hour
TX0023979,C005592,2026-01-01 04:44:00,ON,Point of sale,Cash,Student,13.25,0,1,46.0,1020,4,30.3,4,0,2026-01-01,2025-12-29,0.27172310254845045,0,Guarded,unusual hour
TX0005485,C009634,2026-01-01 04:52:00,ON,E-commerce,Dining,Small business,23.34,0,0,55.1,1151,2,0.9,4,0,2026-01-01,2025-12-29,0.38990442134796294,0,Guarded,unusual hour
TX0001244,C014026,2026-01-01 04:54:00,BC,E-commerce,Other,New-to-bank,51.9,0,0,84.4,1688,1,55.1,4,0,2026-01-01,2025-12-29,0.4000853773431374,0,Guarded,unusual hour
TX0006574,C007779,2026-01-01 05:19:00,ON,Mobile wallet,Grocery,Affluent,122.08,1,0,56.2,418,4,38.9,5,0,2026-01-01,2025-12-29,0.8900782501380429,1,Critical,international
TX0014362,C014677,2026-01-01 05:19:00,AB,Point of sale,Grocery,Everyday,21.99,0,1,67.4,2614,4,49.9,5,0,2026-01-01,2025-12-29,0.2729861365752433,0,Guarded,combined behavioural signal
TX0036766,C007558,2026-01-01 05:23:00,QC,Point of sale,Electronics,New-to-bank,257.36,0,1,87.5,1242,6,4.4,5,0,2026-01-01,2025-12-29,0.4668268058393122,0,Guarded,combined behavioural signal
TX0014977,C001318,2026-01-01 05:48:00,BC,Mobile wallet,Travel,Affluent,291.21,0,0,71.5,498,2,10.9,5,0,2026-01-01,2025-12-29,0.3997271320873293,0,Guarded,combined behavioural signal
TX0040626,C012303,2026-01-01 05:51:00,BC,Mobile wallet,Travel,Affluent,449.5,1,0,69.8,1469,2,14.4,5,0,2026-01-01,2025-12-29,0.887263741418801,1,Critical,international
TX0041292,C004866,2026-01-01 05:55:00,ON,ATM,Dining,Student,24.03,0,0,98.1,594,4,58.3,5,0,2026-01-01,2025-12-29,0.1769655201702631,0,Low,combined behavioural signal
TX0008483,C001608,2026-01-01 05:56:00,SK,Point of sale,Other,New-to-bank,72.3,0,1,84.6,905,2,6.9,5,0,2026-01-01,2025-12-29,0.13941154736885403,0,Low,combined behavioural signal
TX0054997,C006524,2026-01-01 06:05:00,QC,Recurring,Electronics,Student,32.75,0,0,92.1,1284,6,33.2,6,0,2026-01-01,2025-12-29,0.36872383518282376,0,Guarded,combined behavioural signal
TX0021023,C010212,2026-01-01 06:06:00,ON,E-commerce,Electronics,Affluent,39.15,0,0,66.0,675,7,49.8,6,0,2026-01-01,2025-12-29,0.8149268240128107,1,Critical,combined behavioural signal
TX0013820,C010533,2026-01-01 06:07:00,ON,Point of sale,Other,Everyday,47.04,0,1,99.7,1060,2,7.2,6,0,2026-01-01,2025-12-29,0.10431666906680341,0,Low,combined behavioural signal
TX0009898,C001622,2026-01-01 06:17:00,AB,Point of sale,Grocery,New-to-bank,34.38,0,1,77.0,1082,5,6.7,6,0,2026-01-01,2025-12-29,0.23032963235356152,0,Low,combined behavioural signal
TX0003869,C005866,2026-01-01 06:23:00,ON,ATM,Electronics,Everyday,15.04,0,0,62.5,260,6,18.8,6,0,2026-01-01,2025-12-29,0.38591986560382086,0,Guarded,combined behavioural signal
TX0054355,C003090,2026-01-01 06:23:00,ON,Point of sale,Cash,Small business,285.23,1,1,48.1,409,2,24.3,6,0,2026-01-01,2025-12-29,0.701898222563138,1,High,international
TX0003954,C003428,2026-01-01 06:24:00,AB,Point of sale,Dining,Small business,92.78,0,1,63.5,1033,5,24.5,6,0,2026-01-01,2025-12-29,0.2646984054268181,0,Guarded,combined behavioural signal
TX0026605,C013529,2026-01-01 06:24:00,ON,Point of sale,Digital services,Small business,48.02,0,1,37.1,272,4,12.8,6,0,2026-01-01,2025-12-29,0.34288462255252267,0,Guarded,combined behavioural signal
TX0025322,C008056,2026-01-01 06:26:00,QC,ATM,Grocery,Everyday,22.19,0,0,64.6,2146,5,18.0,6,0,2026-01-01,2025-12-29,0.2902587781475088,0,Guarded,combined behavioural signal
TX0020523,C000155,2026-01-01 06:42:00,MB,Point of sale,Dining,Everyday,229.06,0,1,80.0,421,4,74.3,6,0,2026-01-01,2025-12-29,0.3030277968418022,0,Guarded,combined behavioural signal
TX0043737,C009044,2026-01-01 06:42:00,BC,Point of sale,Other,New-to-bank,32.62,0,1,80.4,491,6,55.5,6,0,2026-01-01,2025-12-29,0.2896338795114223,0,Guarded,combined behavioural signal
TX0037295,C001455,2026-01-01 06:46:00,ON,E-commerce,Digital services,Everyday,59.7,0,0,88.9,666,3,45.6,6,0,2026-01-01,2025-12-29,0.5238705675085148,0,High,combined behavioural signal
TX0056129,C000691,2026-01-01 07:03:00,BC,Point of sale,Grocery,Small business,10.41,0,1,58.6,1404,3,80.0,7,0,2026-01-01,2025-12-29,0.20031183915091583,0,Low,combined behavioural signal
TX0033779,C006623,2026-01-01 07:03:00,AB,Mobile wallet,Other,Everyday,46.37,0,0,40.6,810,3,22.0,7,0,2026-01-01,2025-12-29,0.45625252486135487,0,Guarded,combined behavioural signal
TX0054000,C000784,2026-01-01 07:09:00,ON,E-commerce,Grocery,Affluent,20.8,0,0,77.8,1264,3,12.7,7,0,2026-01-01,2025-12-29,0.4598008279957578,0,Guarded,combined behavioural signal
TX0010418,C005516,2026-01-01 07:12:00,QC,ATM,Grocery,Small business,23.34,0,0,71.2,1047,3,9.7,7,0,2026-01-01,2025-12-29,0.15264891674964176,0,Low,combined behavioural signal
TX0050245,C003461,2026-01-01 07:13:00,AB,Point of sale,Grocery,New-to-bank,35.74,0,1,53.6,559,2,37.2,7,0,2026-01-01,2025-12-29,0.20999867214956516,0,Low,combined behavioural signal
TX0056746,C008399,2026-01-01 07:22:00,ON,E-commerce,Electronics,Everyday,19.92,0,0,36.2,2054,1,90.4,7,0,2026-01-01,2025-12-29,0.681452641335201,1,High,combined behavioural signal
TX0036572,C010845,2026-01-01 07:51:00,ON,E-commerce,Other,Student,53.6,0,0,100.0,1402,3,24.7,7,0,2026-01-01,2025-12-29,0.39517048255595333,0,Guarded,combined behavioural signal
TX0001282,C013357,2026-01-01 07:53:00,QC,ATM,Digital services,Everyday,36.91,0,0,100.0,18,1,6.2,7,0,2026-01-01,2025-12-29,0.11753658500608588,0,Low,new account
TX0018803,C011044,2026-01-01 07:55:00,AB,E-commerce,Grocery,Everyday,40.61,0,0,77.7,394,4,67.8,7,0,2026-01-01,2025-12-29,0.5342260246005729,0,High,combined behavioural signal
TX0032535,C004403,2026-01-01 07:55:00,QC,Point of sale,Grocery,Everyday,71.62,0,1,100.0,181,6,8.7,7,0,2026-01-01,2025-12-29,0.1949516409457532,0,Low,combined behavioural signal
TX0028038,C010713,2026-01-01 07:57:00,QC,Point of sale,Other,Affluent,69.61,0,1,100.0,367,4,9.7,7,0,2026-01-01,2025-12-29,0.19454515274920803,0,Low,combined behavioural signal
TX0003601,C012890,2026-01-01 08:08:00,QC,ATM,Other,Everyday,48.21,0,0,66.4,1030,2,5.8,8,0,2026-01-01,2025-12-29,0.17822029270435683,0,Low,combined behavioural signal
TX0054901,C008155,2026-01-01 08:20:00,QC,Recurring,Fuel,Everyday,87.85,0,0,78.0,1243,3,102.7,8,0,2026-01-01,2025-12-29,0.26144912005927884,0,Guarded,combined behavioural signal
TX0053784,C014800,2026-01-01 08:27:00,ON,Point of sale,Fuel,Small business,137.03,0,1,59.5,179,2,4.2,8,0,2026-01-01,2025-12-29,0.14291789275574546,0,Low,combined behavioural signal
TX0023991,C003489,2026-01-01 08:37:00,QC,ATM,Electronics,New-to-bank,283.2,0,0,78.2,1590,4,46.0,8,0,2026-01-01,2025-12-29,0.4809982641859991,0,Guarded,combined behavioural signal
TX0050921,C008915,2026-01-01 08:38:00,ON,Point of sale,Grocery,Everyday,24.97,0,1,71.0,111,2,90.3,8,0,2026-01-01,2025-12-29,0.1755428843933011,0,Low,combined behavioural signal
TX0043269,C011087,2026-01-01 08:40:00,AB,Recurring,Fuel,Affluent,23.76,0,0,45.2,1133,7,11.8,8,0,2026-01-01,2025-12-29,0.4642728470800419,0,Guarded,combined behavioural signal
TX0013446,C010185,2026-01-01 08:44:00,QC,Point of sale,Dining,Everyday,37.54,0,1,96.9,933,9,45.7,8,0,2026-01-01,2025-12-29,0.3403067475132156,0,Guarded,high velocity
TX0009180,C008371,2026-01-01 08:48:00,ON,E-commerce,Grocery,Affluent,24.98,0,0,54.2,381,3,19.3,8,0,2026-01-01,2025-12-29,0.5414186888552736,0,High,combined behavioural signal
TX0006839,C005995,2026-01-01 09:14:00,SK,Mobile wallet,Other,Small business,17.0,0,0,61.0,583,4,0.4,9,0,2026-01-01,2025-12-29,0.29709286224885817,0,Guarded,combined behavioural signal
TX0011063,C007218,2026-01-01 09:17:00,AB,ATM,Grocery,New-to-bank,135.26,0,0,51.6,465,7,4.0,9,0,2026-01-01,2025-12-29,0.4431860603299306,0,Guarded,combined behavioural signal
TX0045026,C006421,2026-01-01 09:21:00,BC,E-commerce,Grocery,Affluent,19.66,0,0,68.0,459,5,44.2,9,0,2026-01-01,2025-12-29,0.5879097233654028,0,High,combined behavioural signal
TX0046664,C003455,2026-01-01 09:21:00,AB,E-commerce,Digital services,Everyday,49.7,0,0,70.4,4069,3,21.4,9,0,2026-01-01,2025-12-29,0.6201186008454959,0,High,combined behavioural signal
TX0027725,C005084,2026-01-01 09:22:00,QC,Point of sale,Other,New-to-bank,65.78,1,1,74.9,607,3,21.8,9,0,2026-01-01,2025-12-29,0.6369799913153389,0,High,international
TX0024864,C012991,2026-01-01 09:23:00,QC,Point of sale,Grocery,Everyday,180.19,0,1,33.7,867,5,80.9,9,0,2026-01-01,2025-12-29,0.5236490562755088,0,High,low device trust
TX0029665,C007761,2026-01-01 09:28:00,ON,E-commerce,Grocery,New-to-bank,218.22,0,0,91.8,517,1,14.4,9,0,2026-01-01,2025-12-29,0.3625558574363931,0,Guarded,combined behavioural signal
TX0029998,C009608,2026-01-01 09:31:00,ON,Point of sale,Dining,Small business,20.69,0,1,54.6,577,2,16.6,9,0,2026-01-01,2025-12-29,0.1319288538041256,0,Low,combined behavioural signal
TX0052883,C010739,2026-01-01 09:34:00,NB,ATM,Grocery,Everyday,57.53,0,0,80.3,2559,1,48.4,9,0,2026-01-01,2025-12-29,0.11726554086979839,0,Low,combined behavioural signal
TX0052946,C003079,2026-01-01 09:35:00,AB,E-commerce,Other,Everyday,79.09,0,0,78.0,169,3,17.5,9,0,2026-01-01,2025-12-29,0.45366063674418755,0,Guarded,combined behavioural signal
TX0009518,C001969,2026-01-01 09:43:00,AB,E-commerce,Fuel,Everyday,207.42,0,0,62.8,654,3,4.4,9,0,2026-01-01,2025-12-29,0.5365673611965002,0,High,combined behavioural signal
TX0036310,C009386,2026-01-01 09:48:00,QC,Point of sale,Grocery,Student,82.81,0,1,34.8,332,4,1.4,9,0,2026-01-01,2025-12-29,0.3178022237406845,0,Guarded,low device trust
TX0030661,C007969,2026-01-01 10:17:00,QC,Mobile wallet,Digital services,Small business,12.39,0,0,87.4,2001,4,3.2,10,0,2026-01-01,2025-12-29,0.32397274869356146,0,Guarded,combined behavioural signal
TX0025206,C009478,2026-01-01 10:23:00,QC,E-commerce,Travel,Small business,294.0,0,0,74.3,953,4,64.6,10,0,2026-01-01,2025-12-29,0.6249986508643925,0,High,combined behavioural signal
TX0049782,C007661,2026-01-01 10:28:00,ON,E-commerce,Fuel,New-to-bank,88.72,0,0,78.6,261,5,17.3,10,0,2026-01-01,2025-12-29,0.4989079380747957,0,Guarded,combined behavioural signal
TX0006932,C001562,2026-01-01 10:30:00,BC,ATM,Electronics,New-to-bank,347.03,0,0,71.1,486,3,13.3,10,0,2026-01-01,2025-12-29,0.38133687102339076,0,Guarded,combined behavioural signal
TX0012208,C006514,2026-01-01 10:42:00,ON,Mobile wallet,Grocery,Everyday,44.07,0,0,81.3,966,5,6.6,10,0,2026-01-01,2025-12-29,0.3158923887752634,0,Guarded,combined behavioural signal
TX0037841,C007291,2026-01-01 10:46:00,AB,Point of sale,Dining,Affluent,154.2,0,1,71.4,710,4,7.9,10,0,2026-01-01,2025-12-29,0.27475993206439536,0,Guarded,combined behavioural signal
TX0007565,C008933,2026-01-01 10:48:00,SK,E-commerce,Grocery,Small business,67.88,0,0,60.2,867,4,37.4,10,0,2026-01-01,2025-12-29,0.4940412809856336,0,Guarded,combined behavioural signal
TX0058547,C009632,2026-01-01 10:49:00,QC,Point of sale,Travel,Everyday,255.96,0,1,84.3,647,1,56.2,10,0,2026-01-01,2025-12-29,0.17050959106086258,0,Low,combined behavioural signal
TX0019244,C013518,2026-01-01 10:53:00,QC,E-commerce,Other,New-to-bank,327.19,0,0,87.2,537,2,45.7,10,0,2026-01-01,2025-12-29,0.5822058539065406,0,High,combined behavioural signal
TX0041618,C007408,2026-01-01 11:09:00,ON,Point of sale,Digital services,Student,187.72,0,1,72.3,1598,5,0.9,11,0,2026-01-01,2025-12-29,0.3763555017952093,0,Guarded,combined behavioural signal
TX0030023,C010184,2026-01-01 11:11:00,AB,Recurring,Electronics,New-to-bank,18.33,0,0,45.0,1401,5,52.2,11,0,2026-01-01,2025-12-29,0.48664746367637324,0,Guarded,combined behavioural signal
TX0047229,C005208,2026-01-01 11:15:00,MB,Point of sale,Dining,Student,95.28,0,1,89.2,699,3,39.1,11,0,2026-01-01,2025-12-29,0.14949684576113126,0,Low,combined behavioural signal
TX0023679,C011187,2026-01-01 11:22:00,MB,Point of sale,Fuel,Student,60.93,0,1,70.3,929,3,43.7,11,0,2026-01-01,2025-12-29,0.1768349483131398,0,Low,combined behavioural signal
TX0020805,C008384,2026-01-01 11:55:00,AB,E-commerce,Other,Everyday,121.6,0,0,86.3,256,3,58.4,11,0,2026-01-01,2025-12-29,0.49155016340142943,0,Guarded,combined behavioural signal
TX0015650,C004279,2026-01-01 11:57:00,ON,Recurring,Digital services,Everyday,56.85,0,0,77.7,1158,4,7.5,11,0,2026-01-01,2025-12-29,0.2532648658465284,0,Guarded,combined behavioural signal
TX0002942,C011408,2026-01-01 12:04:00,MB,Mobile wallet,Digital services,Small business,59.19,0,0,61.1,317,4,5.7,12,0,2026-01-01,2025-12-29,0.3850287964503746,0,Guarded,combined behavioural signal
TX0051378,C009342,2026-01-01 12:14:00,QC,E-commerce,Grocery,Small business,25.64,0,0,52.4,264,4,5.3,12,0,2026-01-01,2025-12-29,0.46647041535694156,0,Guarded,combined behavioural signal
TX0034112,C001352,2026-01-01 12:16:00,ON,Point of sale,Other,Affluent,55.19,0,1,100.0,501,7,1.6,12,0,2026-01-01,2025-12-29,0.24707464647138216,0,Low,combined behavioural signal
TX0013777,C008737,2026-01-01 12:20:00,ON,Mobile wallet,Electronics,New-to-bank,306.39,0,0,64.0,861,2,24.7,12,0,2026-01-01,2025-12-29,0.5308276346598375,0,High,combined behavioural signal
TX0023014,C004290,2026-01-01 12:21:00,ON,Point of sale,Digital services,Small business,20.23,0,1,64.4,1121,4,89.2,12,0,2026-01-01,2025-12-29,0.3038300802820173,0,Guarded,combined behavioural signal
TX0015058,C008340,2026-01-01 12:24:00,AB,Mobile wallet,Digital services,Student,79.45,0,0,61.2,790,1,7.1,12,0,2026-01-01,2025-12-29,0.3469421998330387,0,Guarded,combined behavioural signal
TX0008445,C011883,2026-01-01 12:26:00,QC,E-commerce,Grocery,New-to-bank,6.12,0,0,75.1,149,4,75.3,12,0,2026-01-01,2025-12-29,0.5164569317251396,0,High,combined behavioural signal
TX0015643,C007048,2026-01-01 12:26:00,AB,Mobile wallet,Electronics,Everyday,1272.21,0,0,99.9,359,7,6.2,12,0,2026-01-01,2025-12-29,0.9456185360050675,1,Critical,high amount
TX0055339,C008846,2026-01-01 12:31:00,QC,Point of sale,Dining,Student,77.02,1,1,100.0,1800,3,73.4,12,0,2026-01-01,2025-12-29,0.5842643555110039,0,High,international
TX0034835,C012645,2026-01-01 12:42:00,QC,Mobile wallet,Dining,Affluent,205.01,0,0,42.1,354,2,58.3,12,0,2026-01-01,2025-12-29,0.5408551677530288,0,High,combined behavioural signal
TX0009848,C002979,2026-01-01 12:43:00,BC,Point of sale,Grocery,Student,75.52,0,1,58.6,293,1,97.7,12,0,2026-01-01,2025-12-29,0.18447464718627563,0,Low,combined behavioural signal
TX0048340,C013906,2026-01-01 12:46:00,SK,Mobile wallet,Cash,Affluent,13.13,0,0,63.4,2831,4,0.5,12,0,2026-01-01,2025-12-29,0.35078726100356267,0,Guarded,combined behavioural signal
TX0050029,C001445,2026-01-01 12:47:00,AB,Mobile wallet,Dining,Everyday,111.71,0,0,94.7,1460,5,23.5,12,0,2026-01-01,2025-12-29,0.3351792448822698,0,Guarded,combined behavioural signal
TX0041061,C011103,2026-01-01 12:57:00,ON,ATM,Dining,Everyday,115.36,0,0,83.6,2368,3,3.1,12,0,2026-01-01,2025-12-29,0.15684647085070605,0,Low,combined behavioural signal
TX0035149,C007571,2026-01-01 13:06:00,QC,Mobile wallet,Other,New-to-bank,224.89,0,0,72.1,491,3,4.0,13,0,2026-01-01,2025-12-29,0.39795424978850624,0,Guarded,combined behavioural signal
TX0048370,C004927,2026-01-01 13:09:00,ON,Mobile wallet,Dining,Affluent,205.98,0,0,6.7,361,4,48.9,13,1,2026-01-01,2025-12-29,0.7221806879948386,1,High,low device trust
TX0047508,C001656,2026-01-01 13:13:00,ON,Point of sale,Grocery,Everyday,337.17,0,1,81.7,329,1,10.8,13,0,2026-01-01,2025-12-29,0.15986281719573028,0,Low,combined behavioural signal
TX0044549,C003980,2026-01-01 13:19:00,BC,Point of sale,Fuel,Everyday,111.08,1,1,83.0,750,3,2.7,13,0,2026-01-01,2025-12-29,0.4785924409917828,0,Guarded,international
TX0017377,C008029,2026-01-01 13:25:00,ON,Recurring,Dining,Everyday,103.25,0,0,100.0,2182,2,15.1,13,0,2026-01-01,2025-12-29,0.10863816207931733,0,Low,combined behavioural signal
TX0008581,C009063,2026-01-01 13:53:00,ON,Point of sale,Fuel,Affluent,16.47,0,1,55.9,391,4,74.3,13,0,2026-01-01,2025-12-29,0.2792834164822783,0,Guarded,combined behavioural signal
TX0054694,C007534,2026-01-01 13:55:00,QC,Point of sale,Electronics,Affluent,23.75,0,1,47.5,139,5,21.7,13,0,2026-01-01,2025-12-29,0.4280678058212178,0,Guarded,combined behavioural signal
TX0048512,C012030,2026-01-01 14:02:00,ON,Point of sale,Fuel,Everyday,57.67,0,1,70.7,2369,4,47.2,14,0,2026-01-01,2025-12-29,0.20451326333324427,0,Low,combined behavioural signal
TX0049148,C013799,2026-01-01 14:03:00,QC,Point of sale,Electronics,Small business,497.65,0,1,59.1,1289,2,7.8,14,0,2026-01-01,2025-12-29,0.42309466982880994,0,Guarded,combined behavioural signal
TX0043613,C008092,2026-01-01 14:04:00,QC,Recurring,Fuel,Everyday,68.91,0,0,94.5,1025,1,7.6,14,0,2026-01-01,2025-12-29,0.08180322685239444,0,Low,combined behavioural signal
TX0003701,C014345,2026-01-01 14:06:00,ON,Point of sale,Dining,Student,58.51,0,1,33.7,269,3,0.2,14,0,2026-01-01,2025-12-29,0.22146216371573355,0,Low,low device trust
TX0017857,C003514,2026-01-01 14:06:00,AB,Point of sale,Grocery,Student,30.97,0,1,82.1,1652,3,0.1,14,0,2026-01-01,2025-12-29,0.1320487172016637,0,Low,combined behavioural signal
TX0040656,C009489,2026-01-01 14:06:00,ON,Point of sale,Digital services,Student,266.61,0,1,38.3,1802,3,0.3,14,0,2026-01-01,2025-12-29,0.44375072626156653,0,Guarded,combined behavioural signal
TX0059671,C005079,2026-01-01 14:07:00,ON,Mobile wallet,Digital services,Small business,152.05,0,0,46.8,1565,3,59.4,14,0,2026-01-01,2025-12-29,0.5352803808232793,0,High,combined behavioural signal
TX0010600,C010045,2026-01-01 14:08:00,QC,Recurring,Grocery,Everyday,45.33,1,0,60.9,784,1,22.6,14,0,2026-01-01,2025-12-29,0.5364203887359902,0,High,international
TX0031160,C001136,2026-01-01 14:36:00,ON,Point of sale,Dining,Everyday,142.48,0,1,95.4,211,5,0.8,14,0,2026-01-01,2025-12-29,0.1551378927768255,0,Low,combined behavioural signal
TX0019816,C013953,2026-01-01 14:38:00,NS,Point of sale,Fuel,Everyday,5.87,0,1,53.8,1351,2,46.8,14,0,2026-01-01,2025-12-29,0.12929539898908113,0,Low,combined behavioural signal
TX0004547,C006214,2026-01-01 14:40:00,QC,E-commerce,Fuel,Everyday,138.22,0,0,82.7,1065,5,37.7,14,0,2026-01-01,2025-12-29,0.5362876975592986,0,High,combined behavioural signal
TX0044578,C013820,2026-01-01 14:42:00,MB,Point of sale,Grocery,Everyday,23.81,0,1,73.1,916,3,0.4,14,0,2026-01-01,2025-12-29,0.12200660832208063,0,Low,combined behavioural signal
TX0051940,C003775,2026-01-01 14:42:00,ON,Mobile wallet,Other,Student,71.8,0,0,96.5,679,4,32.9,14,0,2026-01-01,2025-12-29,0.2821967522737171,0,Guarded,combined behavioural signal
TX0025237,C010961,2026-01-01 14:46:00,QC,Point of sale,Dining,Everyday,70.36,0,1,55.3,1584,4,67.6,14,0,2026-01-01,2025-12-29,0.2908634592625537,0,Guarded,combined behavioural signal
TX0047083,C000701,2026-01-01 14:49:00,SK,ATM,Cash,Affluent,114.57,0,0,71.0,1445,6,52.8,14,0,2026-01-01,2025-12-29,0.3480864829126995,0,Guarded,combined behavioural signal
TX0011139,C006838,2026-01-01 14:52:00,MB,Point of sale,Grocery,Everyday,25.73,0,1,100.0,166,7,5.3,14,0,2026-01-01,2025-12-29,0.16303114331391083,0,Low,combined behavioural signal
TX0009128,C001386,2026-01-01 14:55:00,QC,E-commerce,Other,Everyday,97.95,0,0,78.4,292,4,50.7,14,0,2026-01-01,2025-12-29,0.5310821519097347,0,High,combined behavioural signal
TX0048707,C007660,2026-01-01 14:57:00,NS,Mobile wallet,Travel,Everyday,61.53,0,0,84.5,270,3,19.9,14,0,2026-01-01,2025-12-29,0.17156686751244613,0,Low,combined behavioural signal
TX0047060,C014409,2026-01-01 15:01:00,QC,ATM,Grocery,Everyday,143.09,0,0,38.1,1583,1,33.1,15,0,2026-01-01,2025-12-29,0.2413693241097191,0,Low,combined behavioural signal
TX0018646,C000930,2026-01-01 15:11:00,SK,E-commerce,Digital services,Small business,73.36,0,0,78.9,844,4,47.5,15,0,2026-01-01,2025-12-29,0.5141898290799571,0,High,combined behavioural signal
TX0002874,C003048,2026-01-01 15:20:00,QC,E-commerce,Travel,Affluent,262.54,0,0,67.9,1230,2,64.9,15,0,2026-01-01,2025-12-29,0.6145433659722348,0,High,combined behavioural signal
TX0035440,C013368,2026-01-01 15:22:00,ON,Mobile wallet,Electronics,Student,727.64,0,0,53.5,222,5,41.9,15,0,2026-01-01,2025-12-29,0.8714840749192568,1,Critical,high amount
TX0008161,C010605,2026-01-01 15:45:00,QC,Recurring,Dining,Small business,152.48,0,0,96.2,454,4,3.8,15,0,2026-01-01,2025-12-29,0.1357240128022406,0,Low,combined behavioural signal
TX0019773,C006450,2026-01-01 15:54:00,NB,Point of sale,Grocery,Everyday,21.0,0,1,60.4,1009,5,61.3,15,0,2026-01-01,2025-12-29,0.21893744257008615,0,Low,combined behavioural signal
TX0007086,C006486,2026-01-01 16:02:00,ON,Mobile wallet,Grocery,Affluent,87.13,0,0,100.0,862,2,5.7,16,0,2026-01-01,2025-12-29,0.18928055578162215,0,Low,combined behavioural signal
TX0011970,C001772,2026-01-01 16:02:00,AB,Point of sale,Fuel,Affluent,49.57,0,1,57.3,778,4,18.4,16,0,2026-01-01,2025-12-29,0.2395932069184384,0,Low,combined behavioural signal
TX0005438,C001905,2026-01-01 16:27:00,ON,E-commerce,Dining,Small business,44.63,0,0,100.0,1026,3,25.3,16,0,2026-01-01,2025-12-29,0.25232875489961337,0,Guarded,combined behavioural signal
TX0019167,C005498,2026-01-01 16:29:00,ON,Point of sale,Electronics,Affluent,322.3,0,1,100.0,590,4,69.7,16,0,2026-01-01,2025-12-29,0.39336125740609645,0,Guarded,combined behavioural signal
TX0032813,C010151,2026-01-01 16:34:00,BC,Point of sale,Grocery,Everyday,34.74,0,1,86.9,941,2,59.9,16,0,2026-01-01,2025-12-29,0.10314740116182564,0,Low,combined behavioural signal
TX0029195,C007530,2026-01-01 16:38:00,ON,Recurring,Other,Affluent,79.14,0,0,61.0,1512,1,163.8,16,0,2026-01-01,2025-12-29,0.3382855077603895,0,Guarded,distance anomaly
TX0045742,C006727,2026-01-01 16:39:00,ON,Point of sale,Electronics,Everyday,60.49,1,1,100.0,660,4,60.9,16,0,2026-01-01,2025-12-29,0.6353786067509437,0,High,international
TX0034293,C005958,2026-01-01 16:41:00,SK,Point of sale,Grocery,Affluent,146.11,0,1,100.0,379,2,37.0,16,0,2026-01-01,2025-12-29,0.12353165750082151,0,Low,combined behavioural signal
TX0006007,C010040,2026-01-01 16:56:00,NS,E-commerce,Dining,Small business,6.96,0,0,52.0,975,3,2.8,16,0,2026-01-01,2025-12-29,0.3184879790808073,0,Guarded,combined behavioural signal
TX0037039,C014451,2026-01-01 17:03:00,ON,E-commerce,Cash,New-to-bank,12.26,0,0,57.8,1904,1,0.8,17,0,2026-01-01,2025-12-29,0.3032691826326148,0,Guarded,combined behavioural signal
TX0039418,C010525,2026-01-01 17:03:00,AB,Point of sale,Digital services,New-to-bank,60.63,0,1,56.2,479,4,51.6,17,0,2026-01-01,2025-12-29,0.34201547223372025,0,Guarded,combined behavioural signal
TX0016989,C001248,2026-01-01 17:11:00,BC,E-commerce,Other,Everyday,207.52,1,0,88.3,1429,7,1.3,17,0,2026-01-01,2025-12-29,0.913387627687694,1,Critical,international
TX0001233,C009484,2026-01-01 17:26:00,ON,E-commerce,Grocery,Everyday,30.43,0,0,100.0,932,2,9.0,17,0,2026-01-01,2025-12-29,0.22460355864482778,0,Low,combined behavioural signal
TX0050704,C011585,2026-01-01 17:35:00,BC,Mobile wallet,Digital services,Student,129.35,0,0,49.3,908,6,9.1,17,0,2026-01-01,2025-12-29,0.5973273597088691,0,High,combined behavioural signal
TX0033039,C004867,2026-01-01 17:38:00,ON,Point of sale,Dining,New-to-bank,55.19,0,1,53.0,2294,1,15.0,17,0,2026-01-01,2025-12-29,0.14081244988834296,0,Low,combined behavioural signal
TX0012251,C013433,2026-01-01 17:45:00,ON,ATM,Digital services,Student,275.74,0,0,81.4,2831,2,121.3,17,0,2026-01-01,2025-12-29,0.4098240284422049,0,Guarded,distance anomaly
TX0037197,C008738,2026-01-01 17:46:00,SK,E-commerce,Fuel,Everyday,177.37,0,0,76.3,192,1,40.7,17,0,2026-01-01,2025-12-29,0.33008373436225447,0,Guarded,combined behavioural signal
TX0056935,C001952,2026-01-01 17:46:00,AB,Point of sale,Digital services,Everyday,124.99,0,1,100.0,818,4,29.3,17,0,2026-01-01,2025-12-29,0.2066009737965643,0,Low,combined behavioural signal
TX0039365,C007095,2026-01-01 17:48:00,AB,Mobile wallet,Dining,Small business,21.66,0,0,59.7,1440,5,79.9,17,0,2026-01-01,2025-12-29,0.41158741366016055,0,Guarded,combined behavioural signal
TX0015755,C007021,2026-01-01 17:57:00,QC,ATM,Dining,Everyday,20.89,0,0,42.9,412,4,61.8,17,0,2026-01-01,2025-12-29,0.2788144741593793,0,Guarded,combined behavioural signal
TX0011445,C004272,2026-01-01 18:06:00,ON,Recurring,Travel,Affluent,240.54,0,0,80.5,1529,3,19.1,18,0,2026-01-01,2025-12-29,0.2264473362893507,0,Low,combined behavioural signal
TX0051952,C003836,2026-01-01 18:25:00,ON,Point of sale,Grocery,Affluent,29.43,0,1,58.3,1427,2,17.3,18,0,2026-01-01,2025-12-29,0.16505558683479873,0,Low,combined behavioural signal
TX0024216,C011582,2026-01-01 18:29:00,AB,E-commerce,Fuel,New-to-bank,25.53,0,0,75.5,642,4,10.7,18,0,2026-01-01,2025-12-29,0.3911956764832992,0,Guarded,combined behavioural signal
TX0040996,C002610,2026-01-01 18:35:00,ON,Recurring,Grocery,New-to-bank,34.3,0,0,68.3,608,5,37.7,18,0,2026-01-01,2025-12-29,0.2287439784397941,0,Low,combined behavioural signal
TX0012929,C002096,2026-01-01 18:38:00,MB,E-commerce,Other,Small business,488.45,0,0,67.1,558,3,19.2,18,0,2026-01-01,2025-12-29,0.6382718953066912,0,High,combined behavioural signal
TX0015745,C001449,2026-01-01 18:48:00,MB,Point of sale,Dining,Affluent,15.11,0,1,67.4,538,2,19.4,18,0,2026-01-01,2025-12-29,0.13035625833192158,0,Low,combined behavioural signal
TX0039916,C003233,2026-01-01 18:53:00,ON,Point of sale,Other,Everyday,33.0,0,1,29.1,1326,4,4.2,18,0,2026-01-01,2025-12-29,0.2738086169746707,0,Guarded,low device trust
TX0013906,C004936,2026-01-01 19:03:00,QC,Point of sale,Other,Affluent,5.93,0,1,72.1,2797,4,6.8,19,0,2026-01-01,2025-12-29,0.21813575413404598,0,Low,combined behavioural signal
TX0003817,C002751,2026-01-01 19:04:00,QC,E-commerce,Dining,Student,84.18,0,0,80.4,1759,4,12.0,19,0,2026-01-01,2025-12-29,0.4397793883106864,0,Guarded,combined behavioural signal
TX0053961,C009319,2026-01-01 19:09:00,ON,Point of sale,Other,Everyday,17.64,0,1,100.0,1327,3,17.4,19,0,2026-01-01,2025-12-29,0.092400001393007,0,Low,combined behavioural signal
TX0045828,C000222,2026-01-01 19:15:00,AB,Recurring,Dining,Student,91.57,0,0,63.7,2131,2,15.6,19,0,2026-01-01,2025-12-29,0.17266722417234792,0,Low,combined behavioural signal
TX0025162,C000206,2026-01-01 19:43:00,ON,Mobile wallet,Fuel,Everyday,134.56,0,0,74.5,2661,3,0.1,19,0,2026-01-01,2025-12-29,0.26032819773685484,0,Guarded,combined behavioural signal
TX0042770,C010496,2026-01-01 19:45:00,ON,ATM,Fuel,Everyday,23.59,0,0,77.5,1496,3,21.1,19,0,2026-01-01,2025-12-29,0.11759902200951336,0,Low,combined behavioural signal
TX0027182,C013051,2026-01-01 20:05:00,QC,Point of sale,Digital services,Everyday,412.68,1,1,57.0,1309,4,86.8,20,0,2026-01-01,2025-12-29,0.9082282527757377,1,Critical,international
TX0041037,C005038,2026-01-01 20:32:00,SK,E-commerce,Dining,Affluent,69.74,0,0,59.3,820,2,85.2,20,0,2026-01-01,2025-12-29,0.501769295021233,0,High,combined behavioural signal
TX0014517,C012167,2026-01-01 20:39:00,BC,E-commerce,Other,Student,160.34,0,0,49.2,194,3,7.1,20,0,2026-01-01,2025-12-29,0.5116877603371681,0,High,combined behavioural signal
TX0047931,C012190,2026-01-01 20:43:00,QC,Recurring,Fuel,Everyday,34.0,1,0,63.7,551,6,3.4,20,0,2026-01-01,2025-12-29,0.6695777221556374,1,High,international
TX0042964,C009944,2026-01-01 20:51:00,AB,Mobile wallet,Fuel,New-to-bank,46.65,0,0,99.0,1444,6,41.1,20,0,2026-01-01,2025-12-29,0.307247274160433,0,Guarded,combined behavioural signal
TX0044715,C011351,2026-01-01 21:13:00,AB,Point of sale,Dining,Everyday,42.42,0,1,61.9,2609,1,14.0,21,0,2026-01-01,2025-12-29,0.11364179790309822,0,Low,combined behavioural signal
TX0037701,C008140,2026-01-01 21:14:00,ON,Point of sale,Cash,Everyday,99.47,0,1,82.7,532,3,72.1,21,0,2026-01-01,2025-12-29,0.13555350036412153,0,Low,combined behavioural signal
TX0005213,C008674,2026-01-01 21:14:00,NS,E-commerce,Travel,Student,95.72,0,0,79.7,741,3,31.8,21,0,2026-01-01,2025-12-29,0.30981801656429825,0,Guarded,combined behavioural signal
TX0041329,C011530,2026-01-01 21:18:00,BC,Recurring,Fuel,Everyday,33.49,0,0,71.5,491,2,19.5,21,0,2026-01-01,2025-12-29,0.09313991767594336,0,Low,combined behavioural signal
TX0026236,C001897,2026-01-01 21:23:00,ON,Mobile wallet,Digital services,New-to-bank,37.43,0,0,68.4,1660,5,50.3,21,0,2026-01-01,2025-12-29,0.4818661934576284,0,Guarded,combined behavioural signal
TX0012454,C004000,2026-01-01 21:25:00,BC,ATM,Digital services,Affluent,21.63,0,0,88.3,80,4,61.0,21,0,2026-01-01,2025-12-29,0.22266734948182074,0,Low,new account
TX0004760,C007710,2026-01-01 21:28:00,ON,Recurring,Dining,Affluent,12.84,0,0,90.7,463,3,25.5,21,0,2026-01-01,2025-12-29,0.11863543933932869,0,Low,combined behavioural signal
TX0017635,C011465,2026-01-01 21:28:00,ON,Point of sale,Grocery,Everyday,67.58,0,1,63.5,1023,3,11.5,21,0,2026-01-01,2025-12-29,0.14120793083328473,0,Low,combined behavioural signal
TX0026767,C010438,2026-01-01 21:37:00,QC,Mobile wallet,Digital services,Everyday,146.04,0,0,50.0,2376,2,142.8,21,0,2026-01-01,2025-12-29,0.6158877364683256,0,High,distance anomaly
TX0017986,C007818,2026-01-01 21:48:00,QC,Point of sale,Grocery,Everyday,30.31,0,1,83.2,773,4,110.8,21,0,2026-01-01,2025-12-29,0.19604992948511862,0,Low,combined behavioural signal
TX0023137,C011278,2026-01-01 21:53:00,QC,Point of sale,Electronics,Everyday,211.76,1,1,100.0,620,7,6.1,21,0,2026-01-01,2025-12-29,0.7674776897495593,1,Critical,international
TX0056907,C002910,2026-01-01 22:03:00,AB,E-commerce,Other,Everyday,51.06,0,0,86.2,1073,3,13.5,22,0,2026-01-01,2025-12-29,0.33917648700729836,0,Guarded,combined behavioural signal
TX0059587,C013603,2026-01-01 22:06:00,BC,E-commerce,Travel,Everyday,72.37,0,0,77.8,438,5,21.3,22,0,2026-01-01,2025-12-29,0.3813211656900739,0,Guarded,combined behavioural signal
TX0026061,C003137,2026-01-01 22:10:00,QC,ATM,Cash,Student,163.61,0,0,95.0,939,6,9.6,22,0,2026-01-01,2025-12-29,0.19742802031235554,0,Low,combined behavioural signal
TX0032103,C002331,2026-01-01 22:16:00,NS,ATM,Travel,Everyday,352.79,1,0,97.9,548,4,66.2,22,0,2026-01-01,2025-12-29,0.6219256778033125,0,High,international
TX0052688,C014854,2026-01-01 22:28:00,ON,Point of sale,Digital services,Everyday,41.99,0,1,73.6,2110,5,6.6,22,0,2026-01-01,2025-12-29,0.23679174977428832,0,Low,combined behavioural signal
TX0052888,C005643,2026-01-01 22:29:00,QC,Point of sale,Travel,Student,67.21,0,1,70.3,1201,3,14.8,22,0,2026-01-01,2025-12-29,0.13488476877531172,0,Low,combined behavioural signal
TX0029749,C001197,2026-01-01 22:34:00,BC,E-commerce,Travel,Everyday,459.1,1,0,100.0,3135,5,147.0,22,0,2026-01-01,2025-12-29,0.9512489151350014,1,Critical,"international, distance anomaly"
TX0032691,C007817,2026-01-01 22:41:00,QC,E-commerce,Electronics,Affluent,285.82,0,0,76.9,863,5,5.4,22,0,2026-01-01,2025-12-29,0.7314571557735665,1,High,combined behavioural signal
TX0058160,C011220,2026-01-01 22:48:00,ON,Mobile wallet,Other,Student,30.37,0,0,61.2,1172,1,21.7,22,0,2026-01-01,2025-12-29,0.21482879675458322,0,Low,combined behavioural signal
TX0038704,C014824,2026-01-01 22:50:00,ON,Point of sale,Fuel,Everyday,111.41,0,1,100.0,452,6,10.5,22,0,2026-01-01,2025-12-29,0.13786142735707507,0,Low,combined behavioural signal
TX0014632,C006214,2026-01-01 23:09:00,QC,E-commerce,Grocery,Affluent,60.51,0,0,59.1,2401,6,36.0,23,0,2026-01-01,2025-12-29,0.6728907764877908,1,High,unusual hour
TX0013561,C003592,2026-01-01 23:10:00,BC,Point of sale,Other,Everyday,10.43,0,1,60.4,869,4,11.8,23,0,2026-01-01,2025-12-29,0.15016512243452274,0,Low,unusual hour
TX0005976,C014178,2026-01-01 23:13:00,ON,E-commerce,Digital services,Everyday,28.08,0,0,58.7,1817,3,3.1,23,0,2026-01-01,2025-12-29,0.48074970801611494,0,Guarded,unusual hour
TX0056476,C005580,2026-01-01 23:13:00,ON,Mobile wallet,Fuel,Affluent,53.52,0,0,100.0,1601,4,1.6,23,0,2026-01-01,2025-12-29,0.20288371057681512,0,Low,unusual hour
TX0003600,C014056,2026-01-01 23:14:00,BC,E-commerce,Digital services,Everyday,67.14,0,0,67.9,1649,6,51.7,23,0,2026-01-01,2025-12-29,0.6519926015359203,1,High,unusual hour
TX0016901,C007584,2026-01-01 23:17:00,MB,Point of sale,Other,Everyday,15.49,0,1,68.5,1438,4,16.9,23,0,2026-01-01,2025-12-29,0.15374627153799272,0,Low,unusual hour
TX0053561,C014791,2026-01-01 23:35:00,ON,Mobile wallet,Grocery,Small business,115.51,0,0,72.7,514,4,49.4,23,0,2026-01-01,2025-12-29,0.27743169828419434,0,Guarded,unusual hour
TX0059681,C007468,2026-01-01 23:35:00,ON,E-commerce,Grocery,Everyday,66.48,0,0,92.9,1425,4,0.3,23,0,2026-01-01,2025-12-29,0.30944311985653844,0,Guarded,unusual hour
TX0043519,C008986,2026-01-01 23:36:00,ON,Recurring,Dining,Student,107.95,0,0,56.8,214,3,7.8,23,0,2026-01-01,2025-12-29,0.17026882580265154,0,Low,unusual hour
TX0013119,C008206,2026-01-01 23:50:00,ON,Point of sale,Grocery,Everyday,62.18,0,1,60.3,1097,5,23.7,23,0,2026-01-01,2025-12-29,0.20521722125995506,0,Low,unusual hour
TX0001659,C009794,2026-01-01 23:52:00,AB,ATM,Dining,Everyday,30.94,0,0,73.9,1466,3,45.2,23,0,2026-01-01,2025-12-29,0.14395819398455612,0,Low,unusual hour
TX0028113,C001916,2026-01-01 23:56:00,ON,Mobile wallet,Fuel,Everyday,130.93,0,0,31.2,2327,5,20.5,23,0,2026-01-01,2025-12-29,0.501916305233974,0,High,"low device trust, unusual hour"
TX0034446,C007455,2026-01-01 23:57:00,ON,Point of sale,Dining,Small business,37.67,1,1,78.3,103,1,6.0,23,0,2026-01-01,2025-12-29,0.2878840864122176,0,Guarded,"international, unusual hour"
TX0027693,C006400,2026-01-01 23:58:00,QC,Recurring,Electronics,New-to-bank,280.32,0,0,64.5,1002,3,0.6,23,0,2026-01-01,2025-12-29,0.3338828058391785,0,Guarded,unusual hour
TX0028123,C001257,2026-01-01 23:59:00,BC,Point of sale,Grocery,Affluent,51.93,0,1,60.8,427,1,2.5,23,0,2026-01-01,2025-12-29,0.10264860639883118,0,Low,unusual hour
TX0030319,C004200,2026-01-02 00:12:00,AB,E-commerce,Travel,Everyday,30.39,0,0,85.3,406,4,20.9,0,0,2026-01-02,2025-12-29,0.45237224312618085,0,Guarded,unusual hour
TX0028818,C012810,2026-01-02 00:19:00,QC,Point of sale,Other,Everyday,142.0,0,1,100.0,1422,4,30.8,0,0,2026-01-02,2025-12-29,0.24455598603456977,0,Low,unusual hour
TX0008757,C012613,2026-01-02 00:30:00,BC,ATM,Grocery,Everyday,419.75,0,0,53.8,1057,5,17.8,0,0,2026-01-02,2025-12-29,0.5433631166069054,0,High,unusual hour
TX0044964,C007835,2026-01-02 00:39:00,NB,Point of sale,Dining,Everyday,71.65,0,1,32.3,693,6,1.8,0,0,2026-01-02,2025-12-29,0.3785414577837629,0,Guarded,"low device trust, unusual hour"
TX0056295,C007001,2026-01-02 00:43:00,ON,E-commerce,Electronics,Student,36.25,0,0,74.8,496,3,42.3,0,0,2026-01-02,2025-12-29,0.6120341291997766,0,High,unusual hour
TX0024503,C001933,2026-01-02 00:49:00,NS,Point of sale,Grocery,New-to-bank,14.06,0,1,49.7,455,3,32.7,0,0,2026-01-02,2025-12-29,0.21967914062001365,0,Low,unusual hour
TX0042812,C001046,2026-01-02 00:54:00,QC,Point of sale,Electronics,Everyday,118.67,0,1,67.0,473,4,31.7,0,0,2026-01-02,2025-12-29,0.39956614680278557,0,Guarded,unusual hour
TX0015829,C014359,2026-01-02 01:03:00,BC,Point of sale,Travel,Student,67.87,0,1,91.9,682,1,17.7,1,0,2026-01-02,2025-12-29,0.09428067969825348,0,Low,unusual hour
TX0006329,C007560,2026-01-02 01:08:00,BC,Point of sale,Electronics,Everyday,74.74,0,1,62.0,1201,4,41.5,1,0,2026-01-02,2025-12-29,0.36974255827466496,0,Guarded,unusual hour
TX0015189,C001354,2026-01-02 01:09:00,AB,Point of sale,Other,Everyday,104.26,0,1,83.5,559,2,5.7,1,0,2026-01-02,2025-12-29,0.16915227668602095,0,Low,unusual hour
TX0015704,C009888,2026-01-02 01:10:00,BC,Mobile wallet,Fuel,Everyday,9.88,0,0,77.5,2176,3,30.2,1,0,2026-01-02,2025-12-29,0.285709832326102,0,Guarded,unusual hour
TX0005683,C003038,2026-01-02 01:27:00,ON,Point of sale,Other,Student,24.4,0,1,96.4,1592,2,18.9,1,0,2026-01-02,2025-12-29,0.13489999653016396,0,Low,unusual hour
TX0020684,C005699,2026-01-02 01:31:00,ON,Point of sale,Grocery,Affluent,26.75,0,1,35.2,604,3,36.6,1,0,2026-01-02,2025-12-29,0.35508576485717896,0,Guarded,unusual hour
TX0035361,C012708,2026-01-02 01:35:00,ON,Mobile wallet,Grocery,Everyday,12.34,1,0,78.1,1286,3,80.6,1,0,2026-01-02,2025-12-29,0.8025543882607887,1,Critical,"international, unusual hour"
TX0016158,C011368,2026-01-02 01:47:00,BC,Recurring,Dining,Student,75.28,0,0,46.4,100,7,29.8,1,0,2026-01-02,2025-12-29,0.46527899831330466,0,Guarded,unusual hour
TX0059856,C007428,2026-01-02 01:54:00,AB,Point of sale,Other,Everyday,84.54,0,1,52.2,1475,2,45.9,1,0,2026-01-02,2025-12-29,0.2967111611861204,0,Guarded,unusual hour
TX0010694,C009363,2026-01-02 02:00:00,NS,Mobile wallet,Travel,Everyday,319.52,0,0,52.0,281,3,80.5,2,0,2026-01-02,2025-12-29,0.5544549056061752,0,High,unusual hour
TX0018555,C004695,2026-01-02 02:02:00,QC,Point of sale,Digital services,Small business,82.29,0,1,56.5,1121,4,95.3,2,0,2026-01-02,2025-12-29,0.45643648801795517,0,Guarded,unusual hour
TX0008477,C009837,2026-01-02 02:03:00,QC,Recurring,Fuel,Small business,150.24,0,0,88.6,1017,2,15.5,2,0,2026-01-02,2025-12-29,0.14785995414494113,0,Low,unusual hour
TX0040848,C004906,2026-01-02 02:07:00,ON,ATM,Fuel,Affluent,137.06,0,0,96.1,736,2,30.6,2,0,2026-01-02,2025-12-29,0.17671954666863632,0,Low,unusual hour
TX0016205,C002782,2026-01-02 02:08:00,ON,E-commerce,Fuel,Everyday,50.38,0,0,60.1,925,4,0.6,2,0,2026-01-02,2025-12-29,0.5217646650616399,0,High,unusual hour
TX0022814,C010211,2026-01-02 02:13:00,NB,Point of sale,Dining,Student,104.34,0,1,80.0,1685,5,24.2,2,0,2026-01-02,2025-12-29,0.24044465011382354,0,Low,unusual hour
TX0030839,C006000,2026-01-02 02:17:00,ON,E-commerce,Digital services,Everyday,119.17,0,0,90.2,2043,2,61.6,2,0,2026-01-02,2025-12-29,0.578895388420195,0,High,unusual hour
TX0058242,C014563,2026-01-02 02:41:00,ON,ATM,Grocery,Everyday,28.37,0,0,65.7,1178,4,18.2,2,0,2026-01-02,2025-12-29,0.2401082572767236,0,Low,unusual hour
TX0056030,C014687,2026-01-02 02:42:00,NS,Point of sale,Dining,Small business,9.24,0,1,85.3,1323,2,14.6,2,0,2026-01-02,2025-12-29,0.08402866076485777,0,Low,unusual hour
TX0023135,C006685,2026-01-02 02:49:00,ON,Point of sale,Other,Affluent,27.36,0,1,43.2,1733,2,92.2,2,0,2026-01-02,2025-12-29,0.391208139554091,0,Guarded,unusual hour
TX0057868,C011830,2026-01-02 02:51:00,ON,ATM,Grocery,Affluent,12.77,0,0,70.2,1782,8,3.0,2,0,2026-01-02,2025-12-29,0.43713623926243056,0,Guarded,"high velocity, unusual hour"
TX0031510,C003784,2026-01-02 02:52:00,MB,Point of sale,Grocery,Everyday,41.16,0,1,38.9,535,4,8.0,2,0,2026-01-02,2025-12-29,0.29342994013735646,0,Guarded,unusual hour
TX0044529,C010194,2026-01-02 03:07:00,NS,Point of sale,Fuel,Everyday,138.19,0,1,95.5,331,4,45.8,3,0,2026-01-02,2025-12-29,0.16214873469197585,0,Low,unusual hour
TX0053680,C010101,2026-01-02 03:07:00,BC,E-commerce,Dining,Everyday,61.85,0,0,74.2,827,3,39.6,3,0,2026-01-02,2025-12-29,0.459783714123012,0,Guarded,unusual hour
TX0021817,C003518,2026-01-02 03:11:00,BC,Point of sale,Dining,Affluent,44.88,0,1,61.4,977,4,34.4,3,0,2026-01-02,2025-12-29,0.2857415396070921,0,Guarded,unusual hour
TX0045063,C006223,2026-01-02 03:12:00,ON,ATM,Cash,New-to-bank,162.18,0,0,74.6,1370,5,10.6,3,0,2026-01-02,2025-12-29,0.2986008430188453,0,Guarded,unusual hour
TX0004913,C009850,2026-01-02 03:15:00,BC,Mobile wallet,Grocery,Student,22.2,0,0,67.4,211,4,19.4,3,0,2026-01-02,2025-12-29,0.3461171801042938,0,Guarded,unusual hour
TX0055389,C009202,2026-01-02 03:17:00,AB,Point of sale,Digital services,New-to-bank,44.53,0,1,40.5,978,3,6.7,3,0,2026-01-02,2025-12-29,0.37864461966633284,0,Guarded,unusual hour
TX0047333,C007643,2026-01-02 03:20:00,ON,Mobile wallet,Digital services,Everyday,76.69,0,0,48.4,708,4,34.8,3,0,2026-01-02,2025-12-29,0.5928280000741326,0,High,unusual hour
TX0022449,C010462,2026-01-02 03:29:00,ON,Point of sale,Travel,Everyday,72.17,0,1,100.0,278,4,97.5,3,0,2026-01-02,2025-12-29,0.19428284919557529,0,Low,unusual hour
TX0059931,C012408,2026-01-02 03:30:00,NS,Point of sale,Cash,New-to-bank,91.72,0,1,66.2,1597,4,73.4,3,0,2026-01-02,2025-12-29,0.26511377280093973,0,Guarded,unusual hour
TX0045258,C005220,2026-01-02 03:33:00,ON,Recurring,Fuel,Everyday,91.95,0,0,48.0,141,3,121.4,3,0,2026-01-02,2025-12-29,0.37767155630662885,0,Guarded,"unusual hour, distance anomaly"
TX0052947,C014684,2026-01-02 03:33:00,ON,E-commerce,Fuel,Everyday,66.67,0,0,46.5,1224,5,10.9,3,0,2026-01-02,2025-12-29,0.6439155338610574,1,High,unusual hour
TX0004800,C013670,2026-01-02 03:35:00,MB,E-commerce,Grocery,Everyday,69.96,0,0,88.2,798,2,81.7,3,0,2026-01-02,2025-12-29,0.4414806261702206,0,Guarded,unusual hour
TX0055865,C012351,2026-01-02 03:41:00,AB,E-commerce,Fuel,Everyday,219.5,0,0,70.6,1559,7,45.7,3,0,2026-01-02,2025-12-29,0.7827562088480415,1,Critical,unusual hour
TX0001766,C003888,2026-01-02 03:47:00,AB,Mobile wallet,Electronics,Affluent,30.49,0,0,49.7,1052,2,11.2,3,0,2026-01-02,2025-12-29,0.5220324634117691,0,High,unusual hour
TX0031406,C008112,2026-01-02 03:54:00,BC,E-commerce,Travel,New-to-bank,502.27,1,0,72.1,1197,4,40.8,3,0,2026-01-02,2025-12-29,0.9591036674941891,1,Critical,"international, high amount, unusual hour"
TX0000002,C010028,2026-01-02 03:55:00,BC,E-commerce,Travel,Everyday,315.76,0,0,48.7,1452,4,28.1,3,0,2026-01-02,2025-12-29,0.7280014369229056,1,High,unusual hour
TX0042466,C005465,2026-01-02 04:02:00,ON,Mobile wallet,Dining,Student,55.1,1,0,65.3,674,4,15.0,4,0,2026-01-02,2025-12-29,0.814229159337768,1,Critical,"international, unusual hour"
TX0050710,C005358,2026-01-02 04:12:00,QC,ATM,Digital services,Everyday,224.46,0,0,90.9,619,4,104.7,4,0,2026-01-02,2025-12-29,0.4604618166984948,0,Guarded,unusual hour
TX0010161,C011259,2026-01-02 04:14:00,ON,Point of sale,Digital services,New-to-bank,119.95,0,1,80.2,853,3,34.4,4,0,2026-01-02,2025-12-29,0.29004215990166815,0,Guarded,unusual hour
TX0039405,C010840,2026-01-02 04:29:00,ON,E-commerce,Grocery,Small business,21.48,0,0,53.7,2487,4,26.6,4,0,2026-01-02,2025-12-29,0.5568458791046521,0,High,unusual hour
TX0028163,C002905,2026-01-02 04:33:00,ON,Mobile wallet,Fuel,Student,79.96,0,0,72.9,906,3,0.7,4,0,2026-01-02,2025-12-29,0.301641027896557,0,Guarded,unusual hour
TX0009736,C014151,2026-01-02 04:35:00,BC,E-commerce,Dining,Affluent,23.43,0,0,100.0,592,3,29.9,4,0,2026-01-02,2025-12-29,0.3770884324452935,0,Guarded,unusual hour
TX0033564,C005559,2026-01-02 04:35:00,QC,Point of sale,Fuel,Everyday,23.58,0,1,68.1,89,4,38.2,4,0,2026-01-02,2025-12-29,0.21710365984799826,0,Low,"unusual hour, new account"
TX0046976,C014053,2026-01-02 04:41:00,ON,Point of sale,Other,New-to-bank,15.04,0,1,100.0,444,4,0.6,4,0,2026-01-02,2025-12-29,0.1412303947856178,0,Low,unusual hour
TX0004587,C001363,2026-01-02 04:48:00,QC,E-commerce,Travel,New-to-bank,74.6,0,0,76.1,418,1,48.4,4,0,2026-01-02,2025-12-29,0.4017790255407452,0,Guarded,unusual hour
TX0011948,C003798,2026-01-02 04:53:00,AB,E-commerce,Grocery,Small business,8.82,0,0,100.0,544,1,29.3,4,0,2026-01-02,2025-12-29,0.23532241545570548,0,Low,unusual hour
TX0041140,C000902,2026-01-02 04:54:00,QC,Point of sale,Cash,Affluent,4.62,0,1,69.5,1021,5,14.3,4,0,2026-01-02,2025-12-29,0.27108768529447047,0,Guarded,unusual hour
TX0036916,C005593,2026-01-02 04:56:00,AB,Point of sale,Grocery,Affluent,24.87,1,1,94.8,770,3,5.9,4,0,2026-01-02,2025-12-29,0.564334666940183,0,High,"international, unusual hour"
TX0007634,C004443,2026-01-02 04:59:00,NS,E-commerce,Other,Everyday,17.04,0,0,54.8,917,3,22.8,4,0,2026-01-02,2025-12-29,0.4858529556323678,0,Guarded,unusual hour
TX0054749,C001075,2026-01-02 05:03:00,AB,Mobile wallet,Dining,Everyday,57.23,0,0,96.9,559,5,41.6,5,0,2026-01-02,2025-12-29,0.34261507893931326,0,Guarded,combined behavioural signal
TX0050495,C008547,2026-01-02 05:04:00,QC,Point of sale,Grocery,Student,17.38,0,1,90.7,756,2,0.9,5,0,2026-01-02,2025-12-29,0.11146764604954922,0,Low,combined behavioural signal
TX0004342,C010406,2026-01-02 05:10:00,QC,Recurring,Grocery,Everyday,39.77,0,0,69.6,424,2,26.5,5,0,2026-01-02,2025-12-29,0.1766383491764778,0,Low,combined behavioural signal
TX0021217,C005339,2026-01-02 05:15:00,AB,E-commerce,Travel,Everyday,126.12,0,0,91.1,505,3,2.0,5,0,2026-01-02,2025-12-29,0.3876368839965368,0,Guarded,combined behavioural signal
TX0013205,C004034,2026-01-02 05:19:00,QC,Point of sale,Digital services,Student,59.6,0,1,100.0,1497,3,19.1,5,0,2026-01-02,2025-12-29,0.2090717597795464,0,Low,combined behavioural signal
TX0010093,C003374,2026-01-02 05:20:00,ON,Point of sale,Grocery,Everyday,55.78,0,1,42.3,1655,9,24.7,5,0,2026-01-02,2025-12-29,0.5502128865410145,0,High,high velocity
TX0053944,C006446,2026-01-02 05:21:00,AB,E-commerce,Digital services,Affluent,205.51,0,0,89.9,1474,4,22.3,5,0,2026-01-02,2025-12-29,0.7196025314021592,1,High,combined behavioural signal
TX0055797,C001207,2026-01-02 05:25:00,ON,E-commerce,Other,Everyday,44.64,0,0,91.5,782,2,44.0,5,0,2026-01-02,2025-12-29,0.3841150130022359,0,Guarded,combined behavioural signal
TX0052410,C007236,2026-01-02 05:42:00,QC,Point of sale,Travel,Everyday,293.74,0,1,100.0,1250,5,50.5,5,0,2026-01-02,2025-12-29,0.3086467627805235,0,Guarded,combined behavioural signal
TX0007082,C008447,2026-01-02 05:43:00,ON,ATM,Grocery,Everyday,25.62,0,0,60.8,1427,4,36.6,5,0,2026-01-02,2025-12-29,0.2611943879632279,0,Guarded,combined behavioural signal
TX0004564,C011449,2026-01-02 05:48:00,ON,Mobile wallet,Dining,Small business,77.14,0,0,93.3,591,2,8.8,5,0,2026-01-02,2025-12-29,0.17374658550484798,0,Low,combined behavioural signal
TX0035382,C014370,2026-01-02 05:50:00,AB,E-commerce,Electronics,Student,311.66,0,0,66.3,1175,4,8.2,5,0,2026-01-02,2025-12-29,0.7863961327124009,1,Critical,combined behavioural signal
TX0036050,C009416,2026-01-02 05:52:00,QC,E-commerce,Travel,Everyday,69.8,1,0,81.3,300,3,43.1,5,0,2026-01-02,2025-12-29,0.8483658871770373,1,Critical,international
TX0059828,C005003,2026-01-02 05:53:00,ON,Point of sale,Fuel,Affluent,195.8,0,1,70.4,1210,3,30.5,5,0,2026-01-02,2025-12-29,0.2905511541525436,0,Guarded,combined behavioural signal
TX0027718,C014555,2026-01-02 05:57:00,NS,E-commerce,Grocery,Small business,693.56,0,0,64.7,1037,4,98.4,5,0,2026-01-02,2025-12-29,0.8572756890046536,1,Critical,high amount
TX0007360,C012531,2026-01-02 06:11:00,NS,ATM,Grocery,Everyday,46.96,1,0,33.7,1457,5,103.6,6,0,2026-01-02,2025-12-29,0.8473545772477002,1,Critical,"international, low device trust"
TX0053526,C005274,2026-01-02 06:14:00,QC,Recurring,Dining,Everyday,154.0,0,0,76.0,966,7,2.2,6,0,2026-01-02,2025-12-29,0.37544037775921374,0,Guarded,combined behavioural signal
TX0050629,C004587,2026-01-02 06:16:00,QC,Point of sale,Grocery,New-to-bank,22.34,0,1,84.5,71,4,38.3,6,0,2026-01-02,2025-12-29,0.1903340832516349,0,Low,new account
TX0059573,C006584,2026-01-02 06:17:00,NS,Mobile wallet,Grocery,Student,292.83,0,0,100.0,816,2,20.2,6,0,2026-01-02,2025-12-29,0.26674582519868145,0,Guarded,combined behavioural signal
TX0028864,C014139,2026-01-02 06:22:00,BC,ATM,Digital services,Student,244.63,0,0,100.0,455,5,18.5,6,0,2026-01-02,2025-12-29,0.33475752683244203,0,Guarded,combined behavioural signal
TX0040552,C006001,2026-01-02 06:25:00,MB,E-commerce,Travel,New-to-bank,214.7,0,0,85.4,421,3,12.5,6,0,2026-01-02,2025-12-29,0.4643926690715823,0,Guarded,combined behavioural signal
TX0005354,C000750,2026-01-02 06:28:00,ON,ATM,Digital services,Affluent,12.44,0,0,80.7,754,6,18.6,6,0,2026-01-02,2025-12-29,0.38418110438346736,0,Guarded,combined behavioural signal
TX0016550,C000628,2026-01-02 06:48:00,BC,Point of sale,Other,Small business,32.56,1,1,75.6,526,5,9.0,6,0,2026-01-02,2025-12-29,0.6094106098534452,0,High,international
TX0007379,C010048,2026-01-02 06:56:00,QC,Point of sale,Other,Student,172.02,0,1,56.4,669,2,6.1,6,0,2026-01-02,2025-12-29,0.26332417702162225,0,Guarded,combined behavioural signal
TX0023475,C001255,2026-01-02 07:11:00,ON,ATM,Digital services,Student,80.3,0,0,59.4,278,2,8.2,7,0,2026-01-02,2025-12-29,0.25766439108936173,0,Guarded,combined behavioural signal
TX0050515,C013099,2026-01-02 07:14:00,ON,Mobile wallet,Digital services,New-to-bank,62.88,0,0,83.1,792,2,52.6,7,0,2026-01-02,2025-12-29,0.37018560497746145,0,Guarded,combined behavioural signal
TX0051233,C007735,2026-01-02 07:19:00,ON,Mobile wallet,Electronics,New-to-bank,145.05,0,0,43.7,199,2,49.7,7,0,2026-01-02,2025-12-29,0.5612674312755024,0,High,combined behavioural signal
TX0007646,C012543,2026-01-02 07:26:00,QC,ATM,Electronics,Student,224.61,0,0,49.6,770,3,48.1,7,0,2026-01-02,2025-12-29,0.5014304056688361,0,High,combined behavioural signal
TX0059695,C007507,2026-01-02 07:29:00,ON,Mobile wallet,Travel,Affluent,111.55,0,0,72.7,81,5,23.5,7,0,2026-01-02,2025-12-29,0.4462741928427343,0,Guarded,new account
TX0006544,C001687,2026-01-02 07:30:00,ON,Point of sale,Electronics,Everyday,87.33,0,1,37.2,311,3,1.2,7,0,2026-01-02,2025-12-29,0.34224698186421365,0,Guarded,combined behavioural signal
TX0017806,C008455,2026-01-02 07:33:00,ON,Point of sale,Travel,Everyday,101.21,1,1,53.7,324,5,37.5,7,0,2026-01-02,2025-12-29,0.7522767074810619,1,Critical,international
TX0055572,C014138,2026-01-02 07:35:00,QC,ATM,Other,Affluent,28.04,0,0,78.3,646,6,16.2,7,0,2026-01-02,2025-12-29,0.33869699656269775,0,Guarded,combined behavioural signal
TX0024481,C005562,2026-01-02 07:47:00,QC,ATM,Travel,Affluent,307.9,0,0,71.9,331,3,78.3,7,0,2026-01-02,2025-12-29,0.4091094509040288,0,Guarded,combined behavioural signal
TX0032849,C006584,2026-01-02 07:47:00,QC,Mobile wallet,Digital services,Everyday,35.88,0,0,38.2,2629,3,35.0,7,0,2026-01-02,2025-12-29,0.5913591753455628,0,High,combined behavioural signal
TX0029499,C009973,2026-01-02 07:48:00,ON,Mobile wallet,Other,New-to-bank,134.09,0,0,83.1,1097,2,24.8,7,0,2026-01-02,2025-12-29,0.31118043315902855,0,Guarded,combined behavioural signal
TX0051918,C005131,2026-01-02 07:50:00,AB,Recurring,Dining,Everyday,266.22,0,0,81.0,338,2,4.3,7,0,2026-01-02,2025-12-29,0.20423019628264716,0,Low,combined behavioural signal
TX0046315,C011441,2026-01-02 08:02:00,NS,ATM,Fuel,Everyday,23.97,0,0,100.0,575,2,54.3,8,0,2026-01-02,2025-12-29,0.08369442498557332,0,Low,combined behavioural signal
TX0048221,C011102,2026-01-02 08:04:00,ON,Mobile wallet,Grocery,Everyday,98.2,1,0,74.7,1298,4,82.5,8,0,2026-01-02,2025-12-29,0.8461808781952614,1,Critical,international
TX0024425,C010957,2026-01-02 08:16:00,AB,Mobile wallet,Fuel,Small business,177.31,0,0,69.5,645,3,41.6,8,0,2026-01-02,2025-12-29,0.35347017470960745,0,Guarded,combined behavioural signal
TX0050447,C012686,2026-01-02 08:16:00,AB,E-commerce,Dining,Student,45.6,0,0,87.3,1197,4,22.3,8,0,2026-01-02,2025-12-29,0.45778809976705903,0,Guarded,combined behavioural signal
TX0012113,C008834,2026-01-02 08:23:00,ON,E-commerce,Electronics,Everyday,52.92,0,0,71.6,1169,3,25.3,8,0,2026-01-02,2025-12-29,0.5592159558871647,0,High,combined behavioural signal
TX0048866,C007775,2026-01-02 08:26:00,ON,Point of sale,Cash,New-to-bank,55.03,0,1,78.5,1150,2,49.7,8,0,2026-01-02,2025-12-29,0.14502013669638167,0,Low,combined behavioural signal
TX0026772,C012613,2026-01-02 08:30:00,MB,Point of sale,Dining,Everyday,29.84,0,1,82.8,1895,3,140.0,8,0,2026-01-02,2025-12-29,0.23775621720583115,0,Low,distance anomaly
TX0041194,C006239,2026-01-02 08:34:00,QC,E-commerce,Grocery,Affluent,17.15,0,0,92.9,2860,6,69.4,8,0,2026-01-02,2025-12-29,0.6612871220340617,1,High,combined behavioural signal
TX0025062,C013629,2026-01-02 08:45:00,NS,Mobile wallet,Electronics,Student,100.39,0,0,41.2,1432,3,19.6,8,0,2026-01-02,2025-12-29,0.5158258361882392,0,High,combined behavioural signal
TX0049410,C004281,2026-01-02 08:52:00,ON,Point of sale,Electronics,Affluent,203.02,0,1,88.7,252,3,66.8,8,0,2026-01-02,2025-12-29,0.3559702798859422,0,Guarded,combined behavioural signal
TX0058310,C012176,2026-01-02 08:56:00,NB,E-commerce,Digital services,Everyday,54.5,0,0,45.0,1288,6,37.2,8,0,2026-01-02,2025-12-29,0.751897688761831,1,Critical,combined behavioural signal
TX0013606,C005954,2026-01-02 08:57:00,BC,Mobile wallet,Dining,Everyday,463.68,0,0,78.5,1071,5,2.4,8,0,2026-01-02,2025-12-29,0.5631029404443696,0,High,combined behavioural signal
TX0056594,C008371,2026-01-02 09:12:00,QC,Point of sale,Travel,Affluent,163.62,0,1,76.0,2254,3,45.1,9,0,2026-01-02,2025-12-29,0.2796766082340348,0,Guarded,combined behavioural signal
TX0005840,C011882,2026-01-02 09:33:00,AB,Point of sale,Grocery,Student,86.04,0,1,79.6,428,4,3.8,9,0,2026-01-02,2025-12-29,0.18946214653437274,0,Low,combined behavioural signal
TX0016981,C008333,2026-01-02 09:33:00,BC,E-commerce,Dining,Affluent,43.59,0,0,67.2,697,3,87.5,9,0,2026-01-02,2025-12-29,0.5641408255642347,0,High,combined behavioural signal
TX0054640,C008965,2026-01-02 09:40:00,QC,Recurring,Other,Everyday,203.78,0,0,99.6,749,5,33.6,9,0,2026-01-02,2025-12-29,0.2834461186449111,0,Guarded,combined behavioural signal
TX0004872,C003911,2026-01-02 09:44:00,QC,Point of sale,Cash,Small business,257.95,0,1,80.9,814,3,4.4,9,0,2026-01-02,2025-12-29,0.17537105817776932,0,Low,combined behavioural signal
TX0039512,C008388,2026-01-02 09:49:00,ON,E-commerce,Grocery,New-to-bank,277.07,0,0,73.2,2292,3,44.1,9,0,2026-01-02,2025-12-29,0.6374510111965513,0,High,combined behavioural signal
TX0031354,C013090,2026-01-02 09:59:00,QC,Point of sale,Fuel,Affluent,153.17,0,1,89.8,790,6,116.2,9,0,2026-01-02,2025-12-29,0.4255564950580465,0,Guarded,combined behavioural signal
TX0058062,C006318,2026-01-02 10:01:00,SK,Mobile wallet,Cash,Student,124.55,0,0,73.9,852,7,10.8,10,0,2026-01-02,2025-12-29,0.46459971053543425,0,Guarded,combined behavioural signal
TX0047898,C013588,2026-01-02 10:10:00,QC,Point of sale,Digital services,New-to-bank,91.28,0,1,87.6,944,4,106.5,10,0,2026-01-02,2025-12-29,0.36437059950835354,0,Guarded,combined behavioural signal
TX0017901,C003390,2026-01-02 10:13:00,BC,Point of sale,Dining,Everyday,13.25,0,1,47.8,863,3,17.2,10,0,2026-01-02,2025-12-29,0.18037701607773188,0,Low,combined behavioural signal
TX0031509,C009299,2026-01-02 10:15:00,ON,Point of sale,Fuel,Everyday,64.06,0,1,79.2,1273,4,16.0,10,0,2026-01-02,2025-12-29,0.16447711135878837,0,Low,combined behavioural signal
TX0025044,C000439,2026-01-02 10:23:00,MB,Recurring,Other,Small business,294.5,0,0,88.5,1183,4,0.5,10,0,2026-01-02,2025-12-29,0.23763590614619864,0,Low,combined behavioural signal
TX0057921,C007781,2026-01-02 10:27:00,QC,Point of sale,Grocery,Student,310.79,0,1,84.1,195,4,11.0,10,0,2026-01-02,2025-12-29,0.27894428606170624,0,Guarded,combined behavioural signal
TX0000339,C006220,2026-01-02 10:32:00,BC,E-commerce,Dining,Affluent,1856.91,0,0,74.3,2345,5,2.6,10,0,2026-01-02,2025-12-29,0.9915687176193478,1,Critical,high amount
TX0036605,C014123,2026-01-02 10:39:00,ON,Point of sale,Dining,Everyday,374.09,0,1,65.6,755,2,24.0,10,0,2026-01-02,2025-12-29,0.2761753796878245,0,Guarded,combined behavioural signal
TX0050880,C014015,2026-01-02 10:39:00,ON,Mobile wallet,Digital services,Everyday,57.53,1,0,98.1,208,8,17.4,10,0,2026-01-02,2025-12-29,0.878059639497737,1,Critical,"international, high velocity"
TX0009289,C002377,2026-01-02 10:40:00,QC,Point of sale,Digital services,Student,38.36,0,1,65.2,1194,6,22.9,10,0,2026-01-02,2025-12-29,0.4079747528568339,0,Guarded,combined behavioural signal
TX0020097,C010760,2026-01-02 10:40:00,ON,Mobile wallet,Grocery,Everyday,25.84,0,0,66.4,2222,4,28.9,10,0,2026-01-02,2025-12-29,0.3620133222238295,0,Guarded,combined behavioural signal
TX0057490,C012518,2026-01-02 10:41:00,QC,E-commerce,Fuel,Everyday,135.41,0,0,75.0,332,4,21.2,10,0,2026-01-02,2025-12-29,0.5050366556302268,0,High,combined behavioural signal
TX0029966,C002980,2026-01-02 10:44:00,ON,E-commerce,Grocery,New-to-bank,59.47,0,0,76.6,1230,2,39.6,10,0,2026-01-02,2025-12-29,0.40966881261902244,0,Guarded,combined behavioural signal
TX0049342,C000387,2026-01-02 10:44:00,QC,ATM,Electronics,New-to-bank,207.03,0,0,56.0,1172,5,23.5,10,0,2026-01-02,2025-12-29,0.5190769602996994,0,High,combined behavioural signal
TX0019337,C003526,2026-01-02 10:57:00,MB,Point of sale,Other,New-to-bank,47.03,0,1,88.2,1247,3,48.2,10,0,2026-01-02,2025-12-29,0.17012372444520196,0,Low,combined behavioural signal
TX0038917,C009811,2026-01-02 11:08:00,QC,Point of sale,Travel,Everyday,97.59,0,1,57.5,558,10,126.1,11,0,2026-01-02,2025-12-29,0.6354544512570285,0,High,"high velocity, distance anomaly"
TX0014123,C001532,2026-01-02 11:09:00,SK,E-commerce,Grocery,Everyday,89.11,0,0,75.0,1870,3,16.8,11,0,2026-01-02,2025-12-29,0.428387496336593,0,Guarded,combined behavioural signal
TX0047262,C004530,2026-01-02 11:09:00,ON,Recurring,Fuel,Affluent,341.5,0,0,76.9,294,2,33.1,11,0,2026-01-02,2025-12-29,0.2836181108690714,0,Guarded,combined behavioural signal
TX0001130,C005205,2026-01-02 11:12:00,SK,Point of sale,Fuel,Student,180.48,1,1,50.3,936,8,10.9,11,0,2026-01-02,2025-12-29,0.8584132307615429,1,Critical,"international, high velocity"
TX0044797,C004610,2026-01-02 11:13:00,ON,Point of sale,Digital services,Everyday,134.42,0,1,89.2,1648,5,44.6,11,0,2026-01-02,2025-12-29,0.32367206553984845,0,Guarded,combined behavioural signal
TX0002130,C009930,2026-01-02 11:16:00,QC,ATM,Digital services,Everyday,30.92,0,0,42.1,446,4,72.5,11,0,2026-01-02,2025-12-29,0.4404713847465344,0,Guarded,combined behavioural signal
TX0022417,C013296,2026-01-02 11:18:00,ON,Point of sale,Digital services,Everyday,16.1,0,1,63.1,1083,7,24.3,11,0,2026-01-02,2025-12-29,0.40574350346599186,0,Guarded,combined behavioural signal
TX0023076,C002171,2026-01-02 11:36:00,QC,Point of sale,Grocery,Student,161.32,0,1,73.2,248,7,17.3,11,0,2026-01-02,2025-12-29,0.36532745820405704,0,Guarded,combined behavioural signal
TX0011917,C009325,2026-01-02 11:41:00,ON,E-commerce,Grocery,New-to-bank,118.24,0,0,58.2,804,4,12.4,11,0,2026-01-02,2025-12-29,0.5657319781244399,0,High,combined behavioural signal
TX0037655,C009833,2026-01-02 11:47:00,QC,Point of sale,Fuel,Student,108.25,0,1,53.7,1358,6,1.2,11,0,2026-01-02,2025-12-29,0.3410969931460229,0,Guarded,combined behavioural signal
TX0056782,C012156,2026-01-02 11:48:00,ON,E-commerce,Dining,Student,89.32,0,0,97.2,1077,5,4.1,11,0,2026-01-02,2025-12-29,0.4309084829543128,0,Guarded,combined behavioural signal
TX0050174,C007406,2026-01-02 11:58:00,ON,E-commerce,Grocery,Everyday,11.68,0,0,68.6,883,5,7.5,11,0,2026-01-02,2025-12-29,0.4847848318531269,0,Guarded,combined behavioural signal
TX0049256,C000925,2026-01-02 12:07:00,AB,Point of sale,Grocery,Affluent,20.91,0,1,64.5,1498,3,10.8,12,0,2026-01-02,2025-12-29,0.20679734830335603,0,Low,combined behavioural signal
TX0014119,C007639,2026-01-02 12:18:00,AB,Point of sale,Other,Everyday,33.31,0,1,42.6,886,2,2.8,12,0,2026-01-02,2025-12-29,0.19890947243882304,0,Low,combined behavioural signal
TX0055131,C007613,2026-01-02 12:25:00,BC,Mobile wallet,Dining,Student,16.52,0,0,56.5,750,3,17.1,12,0,2026-01-02,2025-12-29,0.2889368188611872,0,Guarded,combined behavioural signal
TX0020401,C002430,2026-01-02 12:32:00,AB,Point of sale,Cash,Affluent,80.03,0,1,100.0,554,4,8.9,12,0,2026-01-02,2025-12-29,0.14771085228018327,0,Low,combined behavioural signal
TX0031764,C006516,2026-01-02 12:33:00,ON,Recurring,Grocery,Affluent,207.32,0,0,91.1,700,4,57.8,12,0,2026-01-02,2025-12-29,0.2934370188737848,0,Guarded,combined behavioural signal
TX0039004,C011319,2026-01-02 12:39:00,NS,E-commerce,Fuel,Student,419.85,0,0,93.1,785,1,65.3,12,0,2026-01-02,2025-12-29,0.462760129707512,0,Guarded,combined behavioural signal
TX0047263,C008854,2026-01-02 12:52:00,QC,Mobile wallet,Fuel,Everyday,117.7,0,0,75.1,643,3,2.9,12,0,2026-01-02,2025-12-29,0.27527002382340987,0,Guarded,combined behavioural signal
TX0023680,C006265,2026-01-02 12:54:00,ON,E-commerce,Other,Student,94.97,0,0,70.0,977,5,8.4,12,0,2026-01-02,2025-12-29,0.5747414897457452,0,High,combined behavioural signal
TX0036928,C003546,2026-01-02 13:11:00,SK,Mobile wallet,Dining,Affluent,202.37,0,0,66.3,1191,3,87.8,13,0,2026-01-02,2025-12-29,0.5067175329074833,0,High,combined behavioural signal
TX0011971,C010722,2026-01-02 13:15:00,ON,Mobile wallet,Digital services,New-to-bank,222.66,0,0,55.2,1196,3,20.3,13,0,2026-01-02,2025-12-29,0.553778046195186,0,High,combined behavioural signal
TX0049941,C008228,2026-01-02 13:15:00,MB,Point of sale,Grocery,Student,47.86,0,1,73.1,374,2,18.0,13,0,2026-01-02,2025-12-29,0.12323575273376154,0,Low,combined behavioural signal
TX0009365,C003557,2026-01-02 13:20:00,ON,Point of sale,Grocery,Small business,163.55,0,1,93.9,590,1,54.5,13,0,2026-01-02,2025-12-29,0.09889691312954148,0,Low,combined behavioural signal
TX0044645,C014997,2026-01-02 13:31:00,ON,E-commerce,Fuel,Everyday,132.81,0,0,82.6,1146,4,18.4,13,0,2026-01-02,2025-12-29,0.4441437533763049,0,Guarded,combined behavioural signal
TX0057960,C007829,2026-01-02 13:31:00,ON,Point of sale,Grocery,Small business,137.2,0,1,84.2,777,6,34.0,13,0,2026-01-02,2025-12-29,0.22537043618652972,0,Low,combined behavioural signal
TX0037078,C014847,2026-01-02 13:33:00,ON,ATM,Dining,Student,199.79,0,0,75.5,243,7,36.0,13,0,2026-01-02,2025-12-29,0.3793112244339138,0,Guarded,combined behavioural signal
TX0034484,C002228,2026-01-02 13:34:00,ON,Mobile wallet,Grocery,Affluent,39.32,0,0,86.0,1774,3,14.7,13,0,2026-01-02,2025-12-29,0.27576977056878266,0,Guarded,combined behavioural signal
TX0047226,C014238,2026-01-02 13:43:00,ON,E-commerce,Travel,Student,202.08,0,0,52.3,1162,2,5.2,13,0,2026-01-02,2025-12-29,0.5015696124083017,0,High,combined behavioural signal
TX0020248,C004233,2026-01-02 13:49:00,ON,Point of sale,Travel,Small business,489.96,0,1,86.1,2682,4,2.8,13,0,2026-01-02,2025-12-29,0.28929816821423604,0,Guarded,combined behavioural signal
TX0020853,C002408,2026-01-02 13:50:00,SK,Mobile wallet,Electronics,Everyday,9.07,0,0,64.9,2700,3,19.3,13,0,2026-01-02,2025-12-29,0.38165244993852254,0,Guarded,combined behavioural signal
TX0048144,C000257,2026-01-02 13:50:00,QC,Point of sale,Other,Small business,34.89,0,1,28.3,624,5,11.1,13,0,2026-01-02,2025-12-29,0.3240605394442916,0,Guarded,low device trust
TX0027176,C009679,2026-01-02 13:52:00,QC,Mobile wallet,Other,Student,216.89,0,0,91.1,404,3,39.3,13,0,2026-01-02,2025-12-29,0.3656312862251995,0,Guarded,combined behavioural signal
TX0026476,C002853,2026-01-02 13:54:00,QC,Point of sale,Digital services,New-to-bank,206.75,0,1,97.6,1357,2,47.2,13,0,2026-01-02,2025-12-29,0.23527324979546574,0,Low,combined behavioural signal
TX0056344,C006892,2026-01-02 13:54:00,ON,Point of sale,Other,Student,133.15,0,1,71.3,1255,2,9.5,13,0,2026-01-02,2025-12-29,0.17297494096597538,0,Low,combined behavioural signal
TX0039118,C005842,2026-01-02 13:56:00,NS,Point of sale,Electronics,New-to-bank,32.52,0,1,61.7,548,2,14.6,13,0,2026-01-02,2025-12-29,0.17063863630645754,0,Low,combined behavioural signal
TX0039264,C011089,2026-01-02 13:58:00,AB,Mobile wallet,Cash,Everyday,69.8,0,0,95.3,743,2,23.6,13,0,2026-01-02,2025-12-29,0.1742721352716891,0,Low,combined behavioural signal
TX0044246,C011736,2026-01-02 13:58:00,AB,Point of sale,Other,Small business,181.15,0,1,82.8,1674,4,0.6,13,0,2026-01-02,2025-12-29,0.1961003506661026,0,Low,combined behavioural signal
TX0046018,C010729,2026-01-02 14:02:00,BC,E-commerce,Grocery,Small business,76.03,1,0,82.6,68,8,111.9,14,0,2026-01-02,2025-12-29,0.9299454232112707,1,Critical,"international, high velocity, new account"
TX0024791,C012076,2026-01-02 14:03:00,QC,Mobile wallet,Electronics,Student,24.25,0,0,64.8,857,2,21.5,14,0,2026-01-02,2025-12-29,0.35858248350847394,0,Guarded,combined behavioural signal
TX0049790,C009178,2026-01-02 14:07:00,QC,Recurring,Dining,Everyday,421.05,0,0,96.1,495,2,6.3,14,0,2026-01-02,2025-12-29,0.20587019350416252,0,Low,combined behavioural signal
TX0053537,C012390,2026-01-02 14:15:00,ON,Mobile wallet,Grocery,New-to-bank,32.82,0,0,88.1,1594,2,59.0,14,0,2026-01-02,2025-12-29,0.23088616787857177,0,Low,combined behavioural signal
TX0059669,C008068,2026-01-02 14:19:00,ON,E-commerce,Grocery,Everyday,93.84,0,0,90.2,696,7,72.3,14,0,2026-01-02,2025-12-29,0.6124818385655101,0,High,combined behavioural signal
TX0003879,C003731,2026-01-02 14:25:00,QC,Recurring,Electronics,Small business,163.0,1,0,77.8,917,3,4.3,14,0,2026-01-02,2025-12-29,0.6797721876446441,1,High,international
TX0009613,C013571,2026-01-02 14:52:00,BC,E-commerce,Other,Student,163.71,0,0,45.7,1138,4,20.0,14,0,2026-01-02,2025-12-29,0.6452774680709875,1,High,combined behavioural signal
TX0005633,C013785,2026-01-02 14:56:00,AB,Point of sale,Digital services,Affluent,42.09,0,1,35.4,1146,4,22.7,14,0,2026-01-02,2025-12-29,0.44718270457511616,0,Guarded,combined behavioural signal
TX0048884,C002868,2026-01-02 15:03:00,QC,Mobile wallet,Dining,Everyday,92.31,0,0,85.5,755,5,75.4,15,0,2026-01-02,2025-12-29,0.394615219514106,0,Guarded,combined behavioural signal
TX0015108,C012020,2026-01-02 15:29:00,ON,Point of sale,Dining,Affluent,157.78,0,1,70.6,1299,2,65.6,15,0,2026-01-02,2025-12-29,0.23279005245095405,0,Low,combined behavioural signal
TX0013685,C007512,2026-01-02 15:31:00,AB,Point of sale,Other,Everyday,68.09,0,1,86.1,671,3,113.4,15,0,2026-01-02,2025-12-29,0.21529951447345017,0,Low,combined behavioural signal
TX0020535,C009644,2026-01-02 15:35:00,AB,Point of sale,Grocery,New-to-bank,86.77,0,1,73.2,2422,3,10.4,15,0,2026-01-02,2025-12-29,0.18036883098024784,0,Low,combined behavioural signal
TX0034042,C003457,2026-01-02 15:35:00,ON,Mobile wallet,Electronics,Student,40.11,0,0,42.3,774,4,1.9,15,0,2026-01-02,2025-12-29,0.49562905269576,0,Guarded,combined behavioural signal
TX0019146,C004545,2026-01-02 15:41:00,AB,Mobile wallet,Dining,New-to-bank,91.1,0,0,41.6,640,3,60.5,15,0,2026-01-02,2025-12-29,0.45943620206697783,0,Guarded,combined behavioural signal
TX0033758,C000078,2026-01-02 15:48:00,MB,Mobile wallet,Dining,Everyday,21.37,0,0,84.1,703,2,90.5,15,0,2026-01-02,2025-12-29,0.23115992122105616,0,Low,combined behavioural signal
TX0009125,C003341,2026-01-02 15:59:00,QC,E-commerce,Dining,Everyday,31.03,0,0,72.9,906,5,7.5,15,0,2026-01-02,2025-12-29,0.47074234153442396,0,Guarded,combined behavioural signal
TX0012430,C010749,2026-01-02 16:00:00,AB,Mobile wallet,Grocery,Affluent,107.59,0,0,62.0,982,2,26.9,16,0,2026-01-02,2025-12-29,0.353792683791927,0,Guarded,combined behavioural signal
TX0016345,C000866,2026-01-02 16:00:00,NS,Mobile wallet,Digital services,Affluent,43.33,0,0,77.1,1230,3,6.7,16,0,2026-01-02,2025-12-29,0.32054297994033176,0,Guarded,combined behavioural signal
TX0009804,C011936,2026-01-02 16:02:00,MB,Recurring,Fuel,Everyday,37.41,0,0,31.8,999,6,59.6,16,0,2026-01-02,2025-12-29,0.40134655137443653,0,Guarded,low device trust
TX0041880,C006500,2026-01-02 16:05:00,ON,Recurring,Electronics,Student,942.63,0,0,81.4,1696,3,1.4,16,0,2026-01-02,2025-12-29,0.7029469673912225,1,High,high amount
TX0040789,C011741,2026-01-02 16:05:00,BC,E-commerce,Grocery,Everyday,157.55,0,0,97.5,1454,3,5.9,16,0,2026-01-02,2025-12-29,0.32716040188784495,0,Guarded,combined behavioural signal
TX0040691,C001354,2026-01-02 16:20:00,QC,E-commerce,Cash,Everyday,43.94,0,0,68.6,177,4,4.9,16,0,2026-01-02,2025-12-29,0.4028417430916689,0,Guarded,combined behavioural signal
TX0005365,C008165,2026-01-02 16:25:00,ON,ATM,Other,Small business,126.49,0,0,67.7,1665,3,40.6,16,0,2026-01-02,2025-12-29,0.2006323667154646,0,Low,combined behavioural signal
TX0004193,C005939,2026-01-02 16:32:00,BC,E-commerce,Other,Affluent,15.98,0,0,82.6,391,8,81.6,16,0,2026-01-02,2025-12-29,0.6992967431622283,1,High,high velocity
TX0006961,C007762,2026-01-02 16:32:00,QC,E-commerce,Travel,Affluent,705.0,0,0,88.9,501,2,94.4,16,0,2026-01-02,2025-12-29,0.7911867034379321,1,Critical,high amount
TX0045107,C005352,2026-01-02 16:35:00,AB,Mobile wallet,Grocery,Everyday,27.41,0,0,66.2,516,6,30.1,16,0,2026-01-02,2025-12-29,0.4108889534170041,0,Guarded,combined behavioural signal
TX0029189,C001916,2026-01-02 16:37:00,AB,Point of sale,Other,Everyday,217.69,0,1,68.9,790,7,1.4,16,0,2026-01-02,2025-12-29,0.38387507253155345,0,Guarded,combined behavioural signal
TX0055871,C009951,2026-01-02 16:37:00,ON,Point of sale,Digital services,Everyday,138.28,1,1,92.8,953,3,16.4,16,0,2026-01-02,2025-12-29,0.6092343469624378,0,High,international
TX0018379,C004378,2026-01-02 16:39:00,ON,Point of sale,Grocery,Small business,65.63,0,1,68.4,597,3,23.7,16,0,2026-01-02,2025-12-29,0.129995011814486,0,Low,combined behavioural signal
TX0013587,C003466,2026-01-02 16:46:00,QC,E-commerce,Electronics,New-to-bank,143.35,0,0,70.4,297,6,1.9,16,0,2026-01-02,2025-12-29,0.6986123472403059,1,High,combined behavioural signal
TX0058622,C000653,2026-01-02 16:53:00,QC,Mobile wallet,Fuel,Student,119.63,0,0,82.7,608,3,19.1,16,0,2026-01-02,2025-12-29,0.2628987750533995,0,Guarded,combined behavioural signal
TX0014672,C001161,2026-01-02 16:56:00,ON,Recurring,Other,Small business,683.32,0,0,98.5,627,3,57.1,16,0,2026-01-02,2025-12-29,0.39849888732329775,0,Guarded,high amount
TX0031494,C014360,2026-01-02 16:58:00,QC,E-commerce,Digital services,Small business,195.58,0,0,78.6,1078,3,60.1,16,0,2026-01-02,2025-12-29,0.5925629668493609,0,High,combined behavioural signal
TX0001268,C003142,2026-01-02 17:00:00,AB,Point of sale,Cash,Everyday,15.26,0,1,83.2,1302,2,11.9,17,0,2026-01-02,2025-12-29,0.0865007666939424,0,Low,combined behavioural signal
TX0036131,C006535,2026-01-02 17:01:00,BC,Recurring,Dining,Everyday,8.57,0,0,39.7,779,2,26.5,17,0,2026-01-02,2025-12-29,0.16462203178572882,0,Low,combined behavioural signal
TX0042452,C005252,2026-01-02 17:05:00,NS,Mobile wallet,Digital services,Student,293.15,0,0,65.0,1727,5,0.6,17,0,2026-01-02,2025-12-29,0.5632807288980166,0,High,combined behavioural signal
TX0044362,C005275,2026-01-02 17:14:00,AB,E-commerce,Fuel,Affluent,59.34,0,0,73.3,1195,6,15.9,17,0,2026-01-02,2025-12-29,0.588198598112691,0,High,combined behavioural signal
TX0022412,C009969,2026-01-02 17:19:00,NS,Point of sale,Fuel,Everyday,87.48,0,1,55.7,616,2,36.1,17,0,2026-01-02,2025-12-29,0.12799046399091618,0,Low,combined behavioural signal
TX0055550,C011414,2026-01-02 17:27:00,BC,Recurring,Digital services,Everyday,120.18,0,0,67.4,4150,2,45.9,17,0,2026-01-02,2025-12-29,0.27681324076989616,0,Guarded,combined behavioural signal
TX0056224,C003546,2026-01-02 17:43:00,ON,ATM,Digital services,Affluent,88.68,0,0,82.1,992,5,25.4,17,0,2026-01-02,2025-12-29,0.32729052400642367,0,Guarded,combined behavioural signal
TX0006347,C009840,2026-01-02 17:44:00,MB,E-commerce,Digital services,Affluent,25.39,0,0,71.8,1498,7,3.3,17,0,2026-01-02,2025-12-29,0.7045211417359674,1,High,combined behavioural signal
TX0010375,C000670,2026-01-02 17:58:00,ON,Point of sale,Electronics,Everyday,508.64,0,1,97.7,826,4,169.7,17,1,2026-01-02,2025-12-29,0.5853410186187942,0,High,"high amount, distance anomaly"
TX0018191,C002372,2026-01-02 18:07:00,ON,Point of sale,Fuel,Affluent,164.44,0,1,43.2,731,5,29.3,18,0,2026-01-02,2025-12-29,0.37326015556969083,0,Guarded,combined behavioural signal
TX0043103,C001910,2026-01-02 18:08:00,NS,E-commerce,Electronics,Everyday,96.16,0,0,77.8,964,4,99.7,18,0,2026-01-02,2025-12-29,0.5904932414394687,0,High,combined behavioural signal
TX0033999,C004901,2026-01-02 18:15:00,BC,Recurring,Dining,Affluent,103.75,0,0,21.9,1193,2,33.6,18,0,2026-01-02,2025-12-29,0.3100194397977192,0,Guarded,low device trust
TX0003561,C012905,2026-01-02 18:20:00,MB,E-commerce,Travel,Everyday,252.5,0,0,90.4,1140,6,15.1,18,0,2026-01-02,2025-12-29,0.540486763732021,0,High,combined behavioural signal
TX0058961,C003535,2026-01-02 18:39:00,QC,Mobile wallet,Grocery,New-to-bank,61.35,0,0,83.2,33,3,12.0,18,0,2026-01-02,2025-12-29,0.22473200507722987,0,Low,new account
TX0051325,C001789,2026-01-02 18:43:00,QC,E-commerce,Electronics,Everyday,291.97,0,0,80.1,750,4,14.4,18,0,2026-01-02,2025-12-29,0.6574777346537756,1,High,combined behavioural signal
TX0046979,C009406,2026-01-02 18:54:00,ON,Mobile wallet,Fuel,Everyday,16.41,0,0,59.1,1189,5,68.0,18,0,2026-01-02,2025-12-29,0.3948345984202084,0,Guarded,combined behavioural signal
TX0023104,C009762,2026-01-02 19:08:00,ON,Recurring,Travel,Everyday,54.2,0,0,45.0,906,3,17.1,19,0,2026-01-02,2025-12-29,0.18537694603599564,0,Low,combined behavioural signal
TX0017318,C000313,2026-01-02 19:09:00,QC,ATM,Fuel,Affluent,114.18,0,0,100.0,688,3,9.6,19,0,2026-01-02,2025-12-29,0.12822252690992383,0,Low,combined behavioural signal
TX0019965,C010735,2026-01-02 19:11:00,AB,Point of sale,Fuel,Everyday,47.4,0,1,40.1,980,6,5.6,19,0,2026-01-02,2025-12-29,0.2926222938967707,0,Guarded,combined behavioural signal
TX0018900,C006625,2026-01-02 19:12:00,ON,Point of sale,Digital services,Everyday,65.47,0,1,78.5,674,2,31.0,19,0,2026-01-02,2025-12-29,0.15706515990517542,0,Low,combined behavioural signal
TX0025641,C008869,2026-01-02 19:12:00,ON,E-commerce,Cash,New-to-bank,499.96,0,0,78.4,903,3,17.8,19,0,2026-01-02,2025-12-29,0.6072315769247069,0,High,combined behavioural signal
TX0026104,C004301,2026-01-02 19:12:00,ON,Point of sale,Grocery,Student,146.57,0,1,89.2,2377,4,13.6,19,0,2026-01-02,2025-12-29,0.1703989421942343,0,Low,combined behavioural signal
TX0004830,C005973,2026-01-02 19:22:00,QC,E-commerce,Cash,Everyday,28.83,0,0,78.5,1480,4,100.6,19,0,2026-01-02,2025-12-29,0.4868838995109127,0,Guarded,combined behavioural signal
TX0016809,C007083,2026-01-02 19:26:00,ON,Point of sale,Dining,Small business,21.91,0,1,74.1,5000,3,15.8,19,0,2026-01-02,2025-12-29,0.1282880776007073,0,Low,combined behavioural signal
TX0021317,C006802,2026-01-02 19:28:00,ON,Recurring,Grocery,Affluent,64.85,0,0,84.3,2746,5,59.9,19,0,2026-01-02,2025-12-29,0.2796506306652263,0,Guarded,combined behavioural signal
TX0057709,C002453,2026-01-02 19:44:00,AB,ATM,Fuel,Everyday,372.26,0,0,91.6,883,7,1.9,19,0,2026-01-02,2025-12-29,0.34525104545308294,0,Guarded,combined behavioural signal
TX0006223,C011233,2026-01-02 19:48:00,AB,Point of sale,Grocery,New-to-bank,75.11,0,1,38.0,387,3,3.1,19,0,2026-01-02,2025-12-29,0.21755210787206383,0,Low,combined behavioural signal
TX0002179,C007272,2026-01-02 19:54:00,ON,Recurring,Travel,Everyday,287.57,0,0,65.6,763,7,17.7,19,0,2026-01-02,2025-12-29,0.39280952256583285,0,Guarded,combined behavioural signal
TX0050205,C014099,2026-01-02 19:54:00,QC,Mobile wallet,Dining,Student,33.14,0,0,75.5,1424,3,46.6,19,0,2026-01-02,2025-12-29,0.27890807753526253,0,Guarded,combined behavioural signal
TX0016132,C011607,2026-01-02 19:55:00,BC,Point of sale,Grocery,Everyday,25.77,0,1,100.0,681,2,25.2,19,0,2026-01-02,2025-12-29,0.06456332958498681,0,Low,combined behavioural signal
TX0040886,C011318,2026-01-02 20:30:00,BC,ATM,Grocery,Student,92.35,0,0,75.7,2101,3,7.5,20,0,2026-01-02,2025-12-29,0.14124098928126466,0,Low,combined behavioural signal
TX0044276,C010193,2026-01-02 20:30:00,ON,Mobile wallet,Dining,Student,312.85,0,0,96.9,558,4,8.0,20,0,2026-01-02,2025-12-29,0.31662969517512657,0,Guarded,combined behavioural signal
TX0046930,C000170,2026-01-02 20:37:00,NS,Point of sale,Electronics,Everyday,96.96,0,1,67.2,1639,6,107.0,20,0,2026-01-02,2025-12-29,0.4050841978149887,0,Guarded,combined behavioural signal
TX0030984,C005826,2026-01-02 20:37:00,QC,Point of sale,Electronics,Affluent,79.0,0,1,59.6,802,3,40.7,20,0,2026-01-02,2025-12-29,0.31880296203812114,0,Guarded,combined behavioural signal
TX0010806,C006646,2026-01-02 20:38:00,ON,Point of sale,Travel,Affluent,360.9,1,1,60.6,461,3,73.3,20,0,2026-01-02,2025-12-29,0.8019557592783636,1,Critical,international
TX0058053,C003228,2026-01-02 20:48:00,ON,E-commerce,Other,Small business,25.56,0,0,40.2,953,5,25.3,20,0,2026-01-02,2025-12-29,0.5603352240354489,0,High,combined behavioural signal
TX0023191,C005446,2026-01-02 20:50:00,QC,E-commerce,Dining,New-to-bank,298.52,0,0,100.0,1343,1,3.2,20,1,2026-01-02,2025-12-29,0.33091829917525345,0,Guarded,combined behavioural signal
TX0049173,C013786,2026-01-02 20:50:00,ON,Point of sale,Electronics,Everyday,24.71,0,1,82.7,1065,4,7.7,20,0,2026-01-02,2025-12-29,0.17239636800755173,0,Low,combined behavioural signal
TX0034539,C002986,2026-01-02 20:53:00,ON,Mobile wallet,Electronics,Student,199.58,0,0,50.4,256,5,8.4,20,0,2026-01-02,2025-12-29,0.5805320844792634,0,High,combined behavioural signal
TX0014649,C004894,2026-01-02 20:57:00,QC,E-commerce,Electronics,Everyday,441.97,0,0,100.0,707,4,55.6,20,0,2026-01-02,2025-12-29,0.7077892040649415,1,High,combined behavioural signal
TX0029926,C003318,2026-01-02 20:59:00,ON,Point of sale,Other,Student,111.95,0,1,85.8,986,1,30.0,20,0,2026-01-02,2025-12-29,0.10617982871994305,0,Low,combined behavioural signal
TX0035029,C013120,2026-01-02 21:14:00,BC,Recurring,Grocery,Everyday,17.46,0,0,87.7,94,3,135.1,21,0,2026-01-02,2025-12-29,0.15379835485340662,0,Low,distance anomaly
TX0007845,C011505,2026-01-02 21:17:00,ON,E-commerce,Dining,Affluent,24.67,0,0,68.6,527,4,15.3,21,0,2026-01-02,2025-12-29,0.44283418830089705,0,Guarded,combined behavioural signal
TX0002631,C014101,2026-01-02 21:25:00,BC,E-commerce,Grocery,Everyday,28.42,0,0,54.5,210,1,34.6,21,0,2026-01-02,2025-12-29,0.30417058657269036,0,Guarded,combined behavioural signal
TX0025070,C003624,2026-01-02 21:26:00,ON,Recurring,Cash,Everyday,142.28,0,0,49.2,1141,5,18.0,21,0,2026-01-02,2025-12-29,0.2761661304383557,0,Guarded,combined behavioural signal
TX0043575,C008115,2026-01-02 21:26:00,ON,Mobile wallet,Electronics,Everyday,19.76,0,0,62.8,2548,5,31.1,21,0,2026-01-02,2025-12-29,0.4686584197959104,0,Guarded,combined behavioural signal
TX0040017,C013440,2026-01-02 21:30:00,QC,E-commerce,Digital services,Everyday,80.38,0,0,100.0,1457,2,45.0,21,0,2026-01-02,2025-12-29,0.3876780654659754,0,Guarded,combined behavioural signal
TX0024449,C006113,2026-01-02 21:30:00,QC,E-commerce,Travel,Affluent,55.54,0,0,100.0,1702,4,71.3,21,0,2026-01-02,2025-12-29,0.4375309923121027,0,Guarded,combined behavioural signal
TX0059180,C011022,2026-01-02 21:43:00,QC,Point of sale,Other,Student,30.04,0,1,100.0,2561,3,68.9,21,0,2026-01-02,2025-12-29,0.14457495546615068,0,Low,combined behavioural signal
TX0016735,C010139,2026-01-02 21:49:00,QC,Recurring,Electronics,New-to-bank,68.92,0,0,45.4,2579,1,1.6,21,0,2026-01-02,2025-12-29,0.2416840507819299,0,Low,combined behavioural signal
TX0044761,C010060,2026-01-02 21:56:00,ON,ATM,Travel,Affluent,4.06,0,0,68.3,658,4,11.2,21,0,2026-01-02,2025-12-29,0.15998189289616843,0,Low,combined behavioural signal
TX0024111,C005601,2026-01-02 22:03:00,QC,E-commerce,Grocery,Everyday,22.71,0,0,60.3,2633,2,79.4,22,0,2026-01-02,2025-12-29,0.45912268562465924,0,Guarded,combined behavioural signal
TX0033580,C008379,2026-01-02 22:04:00,BC,E-commerce,Grocery,New-to-bank,22.23,0,0,69.4,1270,2,91.3,22,0,2026-01-02,2025-12-29,0.3882244776948053,0,Guarded,combined behavioural signal
TX0028480,C013875,2026-01-02 22:09:00,QC,E-commerce,Grocery,Everyday,40.77,0,0,19.3,712,3,11.3,22,0,2026-01-02,2025-12-29,0.5539263899461484,0,High,low device trust
TX0038128,C005149,2026-01-02 22:12:00,QC,Mobile wallet,Fuel,Small business,37.05,0,0,86.0,521,5,30.9,22,0,2026-01-02,2025-12-29,0.22556193810266217,0,Low,combined behavioural signal
TX0025657,C008189,2026-01-02 22:14:00,QC,E-commerce,Fuel,Everyday,99.03,0,0,82.2,120,2,3.4,22,0,2026-01-02,2025-12-29,0.27040959456345187,0,Guarded,combined behavioural signal
TX0001639,C013683,2026-01-02 22:22:00,NS,Point of sale,Fuel,Everyday,39.05,0,1,100.0,487,3,43.1,22,0,2026-01-02,2025-12-29,0.06650167120442521,0,Low,combined behavioural signal
TX0007785,C012551,2026-01-02 22:22:00,BC,Point of sale,Grocery,Everyday,22.45,0,1,80.1,368,3,12.6,22,0,2026-01-02,2025-12-29,0.08808325624202272,0,Low,combined behavioural signal
TX0006256,C002079,2026-01-02 22:23:00,ON,Point of sale,Dining,New-to-bank,80.33,0,1,72.2,1028,1,36.4,22,0,2026-01-02,2025-12-29,0.10395745993606746,0,Low,combined behavioural signal
TX0054954,C014044,2026-01-02 22:33:00,ON,Point of sale,Electronics,New-to-bank,105.54,0,1,75.6,236,3,6.4,22,0,2026-01-02,2025-12-29,0.18237101096127453,0,Low,combined behavioural signal
TX0015917,C004627,2026-01-02 22:41:00,ON,Mobile wallet,Cash,New-to-bank,204.75,0,0,34.9,177,4,14.2,22,0,2026-01-02,2025-12-29,0.4511302674229814,0,Guarded,low device trust
TX0033957,C014534,2026-01-02 22:49:00,MB,Point of sale,Fuel,New-to-bank,108.6,0,1,73.6,825,5,18.8,22,0,2026-01-02,2025-12-29,0.18329020105478225,0,Low,combined behavioural signal
TX0051069,C014713,2026-01-02 22:52:00,ON,Point of sale,Travel,Everyday,38.7,0,1,90.9,878,3,45.8,22,0,2026-01-02,2025-12-29,0.09358219452637596,0,Low,combined behavioural signal
TX0025179,C014030,2026-01-02 22:54:00,NB,Point of sale,Fuel,Everyday,360.99,0,1,51.4,2449,3,79.2,22,0,2026-01-02,2025-12-29,0.3283316744174335,0,Guarded,combined behavioural signal
TX0056445,C010342,2026-01-02 23:00:00,QC,E-commerce,Cash,Everyday,78.34,0,0,46.3,1393,3,25.9,23,0,2026-01-02,2025-12-29,0.46910204971972874,0,Guarded,unusual hour
TX0020915,C004404,2026-01-02 23:02:00,ON,Point of sale,Grocery,Everyday,207.33,0,1,66.3,1330,5,38.6,23,0,2026-01-02,2025-12-29,0.27203624805628857,0,Guarded,unusual hour
TX0013024,C001740,2026-01-02 23:10:00,ON,Point of sale,Electronics,Small business,83.65,0,1,61.5,757,5,3.4,23,0,2026-01-02,2025-12-29,0.23459925883437172,0,Low,unusual hour
TX0044189,C010725,2026-01-02 23:21:00,QC,Mobile wallet,Grocery,Everyday,97.44,0,0,59.2,402,2,11.8,23,0,2026-01-02,2025-12-29,0.243708575947072,0,Low,unusual hour
TX0010309,C005434,2026-01-02 23:31:00,QC,Point of sale,Dining,Small business,178.6,0,1,86.7,171,4,10.8,23,0,2026-01-02,2025-12-29,0.12751848922966072,0,Low,unusual hour
TX0038474,C007324,2026-01-02 23:31:00,QC,E-commerce,Electronics,Affluent,382.63,1,0,49.6,2677,3,14.0,23,0,2026-01-02,2025-12-29,0.9674565759952544,1,Critical,"international, unusual hour"
TX0039428,C003574,2026-01-02 23:42:00,ON,Point of sale,Electronics,Everyday,148.58,0,1,85.3,475,4,57.9,23,0,2026-01-02,2025-12-29,0.24104289143643123,0,Low,unusual hour
TX0049248,C003089,2026-01-02 23:47:00,ON,Mobile wallet,Fuel,New-to-bank,120.48,0,0,77.3,691,4,10.4,23,0,2026-01-02,2025-12-29,0.25883342543634064,0,Guarded,unusual hour
TX0032841,C008157,2026-01-02 23:53:00,ON,E-commerce,Grocery,Small business,132.14,0,0,56.1,2119,2,22.5,23,0,2026-01-02,2025-12-29,0.3891064260145565,0,Guarded,unusual hour
TX0010205,C001544,2026-01-02 23:54:00,MB,ATM,Other,Everyday,25.62,0,0,70.4,435,3,4.7,23,0,2026-01-02,2025-12-29,0.1210208316402227,0,Low,unusual hour
TX0034057,C000485,2026-01-02 23:57:00,NB,Point of sale,Electronics,New-to-bank,469.79,1,1,85.3,250,5,26.3,23,0,2026-01-02,2025-12-29,0.815530070758503,1,Critical,"international, unusual hour"
TX0025382,C014558,2026-01-02 23:59:00,QC,Mobile wallet,Dining,Everyday,69.52,0,0,88.5,1230,5,70.9,23,0,2026-01-02,2025-12-29,0.32679033303784494,0,Guarded,unusual hour
TX0004227,C010189,2026-01-03 00:03:00,ON,Mobile wallet,Fuel,Everyday,94.35,0,0,73.3,350,4,43.7,0,0,2026-01-03,2025-12-29,0.4033703479857544,0,Guarded,unusual hour
TX0029471,C001824,2026-01-03 00:03:00,NS,Point of sale,Other,Affluent,153.29,0,1,79.7,1806,3,6.5,0,0,2026-01-03,2025-12-29,0.24606482311298747,0,Low,unusual hour
TX0029956,C006458,2026-01-03 00:04:00,ON,Mobile wallet,Grocery,Small business,17.01,1,0,78.1,1903,5,23.5,0,0,2026-01-03,2025-12-29,0.8022189254480455,1,Critical,"international, unusual hour"
TX0024863,C014121,2026-01-03 00:11:00,ON,Point of sale,Digital services,Small business,12.29,0,1,76.8,1381,6,2.4,0,0,2026-01-03,2025-12-29,0.31098443609935267,0,Guarded,unusual hour
TX0046076,C008845,2026-01-03 00:15:00,ON,E-commerce,Electronics,Everyday,50.02,0,0,76.7,1661,3,16.5,0,0,2026-01-03,2025-12-29,0.5844518477479453,0,High,unusual hour
TX0054128,C007032,2026-01-03 00:25:00,QC,Mobile wallet,Travel,Affluent,43.14,1,0,55.2,824,4,24.9,0,0,2026-01-03,2025-12-29,0.8775646694965418,1,Critical,"international, unusual hour"
TX0040736,C011857,2026-01-03 00:34:00,ON,E-commerce,Digital services,Affluent,43.41,0,0,60.1,834,5,8.2,0,0,2026-01-03,2025-12-29,0.7547738259541736,1,Critical,unusual hour
TX0028422,C003767,2026-01-03 00:37:00,ON,Point of sale,Grocery,Everyday,44.33,0,1,71.2,226,4,60.5,0,0,2026-01-03,2025-12-29,0.25782615319443425,0,Guarded,unusual hour
TX0012724,C005980,2026-01-03 00:44:00,ON,Mobile wallet,Other,Everyday,12.17,0,0,64.3,402,7,3.6,0,0,2026-01-03,2025-12-29,0.5300443304975635,0,High,unusual hour
TX0058083,C010906,2026-01-03 00:47:00,BC,E-commerce,Travel,Student,322.39,0,0,100.0,1098,3,95.0,0,0,2026-01-03,2025-12-29,0.6155994534839503,0,High,unusual hour
TX0015881,C002073,2026-01-03 00:50:00,MB,ATM,Fuel,Everyday,145.25,0,0,52.4,770,5,43.4,0,0,2026-01-03,2025-12-29,0.4039321960514795,0,Guarded,unusual hour
TX0051016,C011966,2026-01-03 00:52:00,BC,Point of sale,Fuel,Everyday,105.4,0,1,64.8,354,4,12.8,0,0,2026-01-03,2025-12-29,0.22875789627827114,0,Low,unusual hour
TX0052623,C014781,2026-01-03 00:55:00,AB,Point of sale,Grocery,Everyday,538.12,0,1,70.0,146,2,17.0,0,0,2026-01-03,2025-12-29,0.4145755341721567,0,Guarded,"high amount, unusual hour"
TX0007024,C010903,2026-01-03 00:56:00,ON,E-commerce,Grocery,Everyday,102.44,0,0,100.0,969,3,22.3,0,0,2026-01-03,2025-12-29,0.41137903524624353,0,Guarded,unusual hour
TX0019283,C010895,2026-01-03 01:02:00,ON,Mobile wallet,Grocery,Everyday,46.73,0,0,68.3,1460,7,14.4,1,0,2026-01-03,2025-12-29,0.5345206179489,0,High,unusual hour
TX0036971,C008486,2026-01-03 01:08:00,MB,Point of sale,Other,Everyday,30.81,0,1,62.4,1548,2,1.0,1,0,2026-01-03,2025-12-29,0.18425410581292764,0,Low,unusual hour
TX0039545,C006812,2026-01-03 01:11:00,QC,Point of sale,Other,New-to-bank,136.91,1,1,74.8,409,3,16.8,1,0,2026-01-03,2025-12-29,0.7116279194826899,1,High,"international, unusual hour"
TX0059701,C011464,2026-01-03 01:16:00,ON,Point of sale,Electronics,New-to-bank,39.8,0,1,53.6,1388,6,8.7,1,0,2026-01-03,2025-12-29,0.47462007038595155,0,Guarded,unusual hour
TX0008274,C008501,2026-01-03 01:18:00,QC,ATM,Other,Affluent,61.95,0,0,60.3,637,3,41.8,1,0,2026-01-03,2025-12-29,0.3538444349165298,0,Guarded,unusual hour
TX0009228,C013874,2026-01-03 01:22:00,AB,E-commerce,Dining,Student,23.37,0,0,100.0,751,4,20.6,1,0,2026-01-03,2025-12-29,0.4274154332921084,0,Guarded,unusual hour
TX0014834,C009417,2026-01-03 01:25:00,BC,Recurring,Grocery,New-to-bank,34.29,0,0,61.5,976,4,31.8,1,0,2026-01-03,2025-12-29,0.2751282492333607,0,Guarded,unusual hour
TX0034941,C009241,2026-01-03 01:27:00,QC,Recurring,Travel,Affluent,171.73,1,0,58.2,537,4,5.3,1,0,2026-01-03,2025-12-29,0.8123404124121661,1,Critical,"international, unusual hour"
TX0012070,C000980,2026-01-03 01:31:00,BC,E-commerce,Other,New-to-bank,189.66,0,0,64.7,1635,6,58.9,1,0,2026-01-03,2025-12-29,0.7909165242424885,1,Critical,unusual hour
TX0035876,C009653,2026-01-03 01:31:00,AB,E-commerce,Fuel,New-to-bank,140.76,0,0,63.5,1113,2,15.4,1,0,2026-01-03,2025-12-29,0.5331990924829377,0,High,unusual hour
TX0051828,C000967,2026-01-03 01:31:00,ON,Point of sale,Dining,Everyday,20.28,0,1,34.0,427,3,69.4,1,0,2026-01-03,2025-12-29,0.32807116770164824,0,Guarded,"low device trust, unusual hour"
TX0036151,C002646,2026-01-03 01:37:00,ON,Mobile wallet,Dining,Student,40.48,0,0,69.1,1144,5,84.7,1,0,2026-01-03,2025-12-29,0.5277841265358815,0,High,unusual hour
TX0002413,C004546,2026-01-03 01:47:00,AB,ATM,Grocery,Small business,98.34,0,0,76.4,120,5,21.0,1,0,2026-01-03,2025-12-29,0.2532781334497712,0,Guarded,unusual hour
TX0045477,C001101,2026-01-03 01:48:00,ON,Recurring,Electronics,Affluent,56.88,0,0,38.9,939,1,31.9,1,0,2026-01-03,2025-12-29,0.3949251006308283,0,Guarded,unusual hour
TX0016235,C004305,2026-01-03 01:58:00,MB,ATM,Fuel,Affluent,38.45,0,0,21.0,816,4,14.4,1,0,2026-01-03,2025-12-29,0.4306923429053745,0,Guarded,"low device trust, unusual hour"
TX0052897,C007340,2026-01-03 02:05:00,NB,Point of sale,Dining,Everyday,20.2,0,1,99.2,320,5,5.4,2,0,2026-01-03,2025-12-29,0.12588520219700186,0,Low,unusual hour
TX0013068,C008654,2026-01-03 02:08:00,AB,Point of sale,Fuel,New-to-bank,108.84,0,1,75.3,1090,3,13.1,2,0,2026-01-03,2025-12-29,0.20928303457193698,0,Low,unusual hour
TX0000748,C006638,2026-01-03 02:10:00,QC,E-commerce,Grocery,Small business,85.05,0,0,52.5,343,3,28.7,2,0,2026-01-03,2025-12-29,0.549957236049614,0,High,unusual hour
TX0017539,C000029,2026-01-03 02:15:00,AB,ATM,Grocery,Everyday,72.14,0,0,27.9,698,3,0.5,2,0,2026-01-03,2025-12-29,0.33301413882972003,0,Guarded,"low device trust, unusual hour"
TX0003833,C010641,2026-01-03 02:17:00,ON,E-commerce,Fuel,Student,81.48,0,0,77.4,726,3,8.3,2,0,2026-01-03,2025-12-29,0.447861475233484,0,Guarded,unusual hour
TX0024304,C009647,2026-01-03 02:17:00,AB,Point of sale,Dining,Student,36.74,0,1,57.0,156,1,9.7,2,0,2026-01-03,2025-12-29,0.16090632372258037,0,Low,unusual hour
TX0052261,C011717,2026-01-03 02:20:00,ON,Point of sale,Dining,Student,126.71,0,1,55.3,1850,4,125.3,2,0,2026-01-03,2025-12-29,0.4657427013703566,0,Guarded,"unusual hour, distance anomaly"
TX0027604,C012514,2026-01-03 02:23:00,NS,Point of sale,Dining,Everyday,14.59,1,1,57.8,1966,5,10.4,2,0,2026-01-03,2025-12-29,0.6897446646433815,1,High,"international, unusual hour"
TX0048999,C012530,2026-01-03 02:26:00,QC,Point of sale,Digital services,New-to-bank,17.04,0,1,84.7,690,3,33.7,2,0,2026-01-03,2025-12-29,0.24906624293481314,0,Low,unusual hour
TX0032003,C006186,2026-01-03 02:27:00,MB,Mobile wallet,Grocery,Everyday,22.92,0,0,97.7,1034,3,15.3,2,0,2026-01-03,2025-12-29,0.2243702187740714,0,Low,unusual hour
TX0032277,C009659,2026-01-03 02:30:00,ON,Point of sale,Digital services,Student,106.28,0,1,100.0,2953,4,16.0,2,0,2026-01-03,2025-12-29,0.2816870832213343,0,Guarded,unusual hour
TX0059109,C003925,2026-01-03 02:33:00,SK,Point of sale,Electronics,New-to-bank,73.66,0,1,98.7,1244,4,3.0,2,0,2026-01-03,2025-12-29,0.2243099623286682,0,Low,unusual hour
TX0032044,C002310,2026-01-03 02:36:00,BC,ATM,Dining,Everyday,54.35,0,0,65.4,227,3,21.1,2,0,2026-01-03,2025-12-29,0.19021717529606022,0,Low,unusual hour
TX0051812,C005558,2026-01-03 02:41:00,SK,Recurring,Travel,New-to-bank,160.52,0,0,100.0,715,2,18.3,2,0,2026-01-03,2025-12-29,0.1369228049600321,0,Low,unusual hour
TX0044139,C014536,2026-01-03 02:44:00,NS,E-commerce,Fuel,New-to-bank,113.76,0,0,72.5,582,3,2.3,2,0,2026-01-03,2025-12-29,0.4240564467236877,0,Guarded,unusual hour
TX0006139,C011465,2026-01-03 02:44:00,BC,E-commerce,Dining,Affluent,4.11,0,0,60.1,508,5,6.6,2,0,2026-01-03,2025-12-29,0.5967385393201876,0,High,unusual hour
TX0000816,C006221,2026-01-03 02:57:00,SK,Recurring,Grocery,New-to-bank,104.93,0,0,88.2,1279,5,97.4,2,0,2026-01-03,2025-12-29,0.3474427803292105,0,Guarded,unusual hour
TX0003836,C008657,2026-01-03 03:02:00,ON,Mobile wallet,Dining,Everyday,73.06,0,0,46.2,319,2,31.3,3,0,2026-01-03,2025-12-29,0.3769147999527594,0,Guarded,unusual hour
TX0051593,C006443,2026-01-03 03:10:00,AB,Mobile wallet,Other,Everyday,54.27,0,0,37.1,2778,4,39.2,3,0,2026-01-03,2025-12-29,0.6075739061465012,0,High,unusual hour
TX0059133,C001316,2026-01-03 03:19:00,QC,Recurring,Dining,Affluent,39.76,0,0,74.2,151,8,29.1,3,0,2026-01-03,2025-12-29,0.4612663823782711,0,Guarded,"high velocity, unusual hour"
TX0012030,C004445,2026-01-03 03:20:00,ON,ATM,Other,Affluent,35.47,0,0,50.8,2768,6,14.1,3,0,2026-01-03,2025-12-29,0.4859566657725986,0,Guarded,unusual hour
TX0041965,C001769,2026-01-03 03:20:00,BC,E-commerce,Electronics,Everyday,240.21,0,0,68.9,1417,2,73.1,3,0,2026-01-03,2025-12-29,0.7048894412058299,1,High,unusual hour
TX0039132,C003431,2026-01-03 03:22:00,QC,Point of sale,Grocery,Everyday,129.9,0,1,49.2,1057,3,44.7,3,0,2026-01-03,2025-12-29,0.33182241491041253,0,Guarded,unusual hour
TX0022950,C001471,2026-01-03 03:23:00,QC,Point of sale,Other,New-to-bank,188.93,0,1,76.7,1723,6,30.8,3,0,2026-01-03,2025-12-29,0.4421851091584843,0,Guarded,unusual hour
TX0054494,C007466,2026-01-03 03:23:00,QC,Point of sale,Grocery,Everyday,34.27,0,1,88.1,1136,5,39.8,3,0,2026-01-03,2025-12-29,0.23460346244209676,0,Low,unusual hour
TX0044973,C007817,2026-01-03 03:45:00,AB,Point of sale,Travel,Everyday,413.16,1,1,55.9,550,3,20.7,3,0,2026-01-03,2025-12-29,0.8286929713425141,1,Critical,"international, unusual hour"
TX0034922,C014992,2026-01-03 03:50:00,BC,Point of sale,Other,Everyday,99.76,0,1,79.8,1084,5,27.1,3,0,2026-01-03,2025-12-29,0.26591131137148794,0,Guarded,unusual hour
TX0024345,C005672,2026-01-03 03:54:00,AB,Point of sale,Dining,New-to-bank,19.06,0,1,70.3,556,5,27.8,3,0,2026-01-03,2025-12-29,0.26560043156769036,0,Guarded,unusual hour
TX0049467,C009750,2026-01-03 04:04:00,QC,Recurring,Travel,Student,88.63,0,0,64.7,553,4,44.8,4,0,2026-01-03,2025-12-29,0.29924991830943026,0,Guarded,unusual hour
TX0028684,C008590,2026-01-03 04:16:00,NS,ATM,Other,Everyday,22.17,0,0,81.2,1324,4,85.8,4,0,2026-01-03,2025-12-29,0.23445966849220726,0,Low,unusual hour
TX0007675,C011350,2026-01-03 04:19:00,ON,Point of sale,Grocery,Everyday,47.24,0,1,100.0,1260,4,67.4,4,0,2026-01-03,2025-12-29,0.18381544543549297,0,Low,unusual hour
TX0025941,C014674,2026-01-03 04:22:00,BC,E-commerce,Dining,Student,208.51,0,0,72.7,2550,3,73.9,4,0,2026-01-03,2025-12-29,0.6433345443977194,1,High,unusual hour
TX0021556,C006399,2026-01-03 04:25:00,ON,Recurring,Other,Everyday,57.08,0,0,84.1,216,3,40.6,4,0,2026-01-03,2025-12-29,0.19584342262522325,0,Low,unusual hour
TX0016936,C009629,2026-01-03 04:35:00,ON,E-commerce,Grocery,Affluent,65.64,0,0,88.5,1299,4,14.0,4,0,2026-01-03,2025-12-29,0.5163068521128295,0,High,unusual hour
TX0003285,C008310,2026-01-03 04:37:00,AB,Point of sale,Fuel,Small business,90.65,1,1,100.0,233,3,25.1,4,0,2026-01-03,2025-12-29,0.47370407606227727,0,Guarded,"international, unusual hour"
TX0037518,C007430,2026-01-03 04:45:00,ON,Point of sale,Grocery,Student,13.87,0,1,66.7,1039,4,1.6,4,0,2026-01-03,2025-12-29,0.20580127500026196,0,Low,unusual hour
TX0034550,C013806,2026-01-03 04:47:00,AB,Point of sale,Digital services,Small business,59.31,0,1,78.5,407,2,39.3,4,0,2026-01-03,2025-12-29,0.19960783721836792,0,Low,unusual hour
TX0052459,C012054,2026-01-03 04:49:00,QC,E-commerce,Digital services,Everyday,120.83,0,0,89.6,2370,4,47.7,4,0,2026-01-03,2025-12-29,0.671230493505099,1,High,unusual hour
TX0037098,C012266,2026-01-03 04:50:00,ON,E-commerce,Other,Affluent,25.12,0,0,82.2,397,6,8.2,4,0,2026-01-03,2025-12-29,0.6167122771587743,0,High,unusual hour
TX0047594,C003402,2026-01-03 04:53:00,NS,Recurring,Dining,New-to-bank,43.88,0,0,74.9,676,2,35.9,4,0,2026-01-03,2025-12-29,0.14458226143560074,0,Low,unusual hour
TX0046495,C000284,2026-01-03 05:00:00,AB,E-commerce,Dining,New-to-bank,26.91,0,0,68.5,896,3,37.1,5,0,2026-01-03,2025-12-29,0.5038569265693018,0,High,combined behavioural signal
TX0044057,C012742,2026-01-03 05:02:00,QC,Point of sale,Grocery,Small business,26.62,0,1,59.1,554,7,65.3,5,0,2026-01-03,2025-12-29,0.38221990110909443,0,Guarded,combined behavioural signal
TX0016907,C008522,2026-01-03 05:11:00,AB,E-commerce,Grocery,Everyday,130.67,0,0,36.9,1563,4,23.8,5,0,2026-01-03,2025-12-29,0.7131727660181559,1,High,combined behavioural signal
TX0029430,C010627,2026-01-03 05:22:00,QC,E-commerce,Grocery,Everyday,28.76,0,0,63.1,1302,7,28.0,5,0,2026-01-03,2025-12-29,0.6992461411277782,1,High,combined behavioural signal
TX0014005,C014004,2026-01-03 05:27:00,QC,Recurring,Cash,Affluent,216.9,0,0,72.2,246,3,13.2,5,0,2026-01-03,2025-12-29,0.29421263429505917,0,Guarded,combined behavioural signal
TX0017657,C009366,2026-01-03 05:31:00,QC,Point of sale,Electronics,Everyday,53.41,0,1,100.0,364,2,61.9,5,0,2026-01-03,2025-12-29,0.1886297843166009,0,Low,combined behavioural signal
TX0049843,C002008,2026-01-03 05:39:00,BC,Point of sale,Grocery,Everyday,12.4,0,1,75.0,1246,8,13.6,5,0,2026-01-03,2025-12-29,0.31025719394994716,0,Guarded,high velocity
TX0046077,C014710,2026-01-03 05:57:00,BC,Point of sale,Other,New-to-bank,70.47,0,1,33.7,447,3,8.8,5,0,2026-01-03,2025-12-29,0.29245291878587365,0,Guarded,low device trust
TX0001979,C005852,2026-01-03 05:59:00,ON,Mobile wallet,Fuel,Affluent,133.07,0,0,37.9,748,2,5.8,5,0,2026-01-03,2025-12-29,0.45781471803382684,0,Guarded,combined behavioural signal
TX0025740,C009841,2026-01-03 06:10:00,ON,E-commerce,Fuel,Everyday,19.19,0,0,57.2,710,7,0.6,6,0,2026-01-03,2025-12-29,0.6289919282586859,0,High,combined behavioural signal
TX0050752,C009218,2026-01-03 06:14:00,AB,Mobile wallet,Digital services,Everyday,91.85,0,0,96.3,768,5,12.4,6,0,2026-01-03,2025-12-29,0.4357063411940867,0,Guarded,combined behavioural signal
TX0000022,C008056,2026-01-03 06:22:00,BC,Point of sale,Other,Everyday,18.09,1,1,64.7,895,2,8.1,6,0,2026-01-03,2025-12-29,0.546189504799624,0,High,international
TX0022493,C002281,2026-01-03 06:22:00,ON,E-commerce,Other,Everyday,54.8,1,0,67.6,1216,2,99.8,6,0,2026-01-03,2025-12-29,0.8992301834662612,1,Critical,international
TX0039600,C000766,2026-01-03 06:22:00,SK,E-commerce,Grocery,New-to-bank,28.85,0,0,93.1,772,2,0.5,6,0,2026-01-03,2025-12-29,0.28922138007548354,0,Guarded,combined behavioural signal
TX0002629,C010167,2026-01-03 06:23:00,NS,Recurring,Cash,Affluent,136.39,0,0,32.2,2812,4,6.4,6,0,2026-01-03,2025-12-29,0.39640768007393384,0,Guarded,low device trust
TX0001647,C004767,2026-01-03 06:36:00,ON,Point of sale,Other,Everyday,203.45,0,1,61.8,1111,3,96.3,6,0,2026-01-03,2025-12-29,0.38281502363536196,0,Guarded,combined behavioural signal
TX0054994,C012297,2026-01-03 06:42:00,AB,Point of sale,Grocery,Affluent,38.02,0,1,60.4,233,4,9.1,6,0,2026-01-03,2025-12-29,0.2704206927554303,0,Guarded,combined behavioural signal
TX0004970,C006805,2026-01-03 06:43:00,ON,ATM,Digital services,Student,67.36,0,0,96.5,665,4,22.6,6,0,2026-01-03,2025-12-29,0.2402339123146438,0,Low,combined behavioural signal
TX0058955,C013590,2026-01-03 06:49:00,BC,Point of sale,Digital services,Affluent,231.85,0,1,19.2,616,6,48.9,6,0,2026-01-03,2025-12-29,0.7415426003114164,1,High,low device trust
TX0048506,C004225,2026-01-03 06:49:00,ON,Point of sale,Dining,Everyday,106.82,0,1,84.6,1973,1,10.5,6,0,2026-01-03,2025-12-29,0.11747229046890756,0,Low,combined behavioural signal
TX0009305,C001726,2026-01-03 06:50:00,ON,ATM,Digital services,Small business,279.94,0,0,64.0,1427,5,6.2,6,0,2026-01-03,2025-12-29,0.45609395854748636,0,Guarded,combined behavioural signal
TX0029435,C003172,2026-01-03 06:55:00,ON,Mobile wallet,Other,Everyday,342.96,0,0,38.7,693,7,54.8,6,0,2026-01-03,2025-12-29,0.8185286960843451,1,Critical,combined behavioural signal
TX0059653,C002001,2026-01-03 07:06:00,ON,Point of sale,Dining,Affluent,36.6,0,1,100.0,1374,4,16.6,7,0,2026-01-03,2025-12-29,0.1644584504174321,0,Low,combined behavioural signal
TX0018143,C011126,2026-01-03 07:15:00,ON,Point of sale,Travel,Everyday,105.69,0,1,100.0,272,2,13.0,7,0,2026-01-03,2025-12-29,0.09230176482113421,0,Low,combined behavioural signal
TX0028442,C009707,2026-01-03 07:18:00,SK,Point of sale,Grocery,Everyday,200.18,0,1,79.5,317,1,35.7,7,0,2026-01-03,2025-12-29,0.14935356203143124,0,Low,combined behavioural signal
TX0019697,C007839,2026-01-03 07:19:00,AB,Point of sale,Grocery,Affluent,53.43,0,1,67.2,373,6,2.4,7,0,2026-01-03,2025-12-29,0.327889163448914,0,Guarded,combined behavioural signal
TX0028772,C011781,2026-01-03 07:23:00,BC,Point of sale,Grocery,Everyday,6.48,0,1,39.9,1204,3,11.7,7,0,2026-01-03,2025-12-29,0.21286115669071828,0,Low,combined behavioural signal
TX0010995,C008286,2026-01-03 07:33:00,AB,E-commerce,Grocery,Affluent,47.09,0,0,100.0,1992,1,9.0,7,0,2026-01-03,2025-12-29,0.32601387835763446,0,Guarded,combined behavioural signal
TX0022422,C007747,2026-01-03 07:37:00,ON,Point of sale,Electronics,Student,111.63,0,1,39.5,470,5,12.3,7,0,2026-01-03,2025-12-29,0.4764140052163634,0,Guarded,combined behavioural signal
TX0007151,C002567,2026-01-03 07:39:00,ON,Point of sale,Dining,Everyday,13.01,0,1,69.0,1665,1,14.7,7,0,2026-01-03,2025-12-29,0.11575975548919722,0,Low,combined behavioural signal
TX0012428,C011514,2026-01-03 07:42:00,ON,Point of sale,Other,Everyday,33.99,0,1,54.3,1021,4,137.2,7,0,2026-01-03,2025-12-29,0.4005256202900135,0,Guarded,distance anomaly
TX0021954,C001699,2026-01-03 07:47:00,ON,ATM,Digital services,Affluent,11.21,0,0,73.9,807,5,81.8,7,0,2026-01-03,2025-12-29,0.43866735815718366,0,Guarded,combined behavioural signal
TX0031351,C000167,2026-01-03 07:51:00,QC,Mobile wallet,Other,Student,641.4,0,0,59.7,2627,3,12.3,7,1,2026-01-03,2025-12-29,0.7668857279948527,1,Critical,high amount
TX0015375,C014254,2026-01-03 07:54:00,MB,E-commerce,Dining,Everyday,76.91,0,0,49.7,1941,3,9.1,7,0,2026-01-03,2025-12-29,0.5388600431506845,0,High,combined behavioural signal
TX0014910,C000341,2026-01-03 07:58:00,MB,Point of sale,Travel,Student,84.89,0,1,93.2,1070,3,136.7,7,0,2026-01-03,2025-12-29,0.22153275429972594,0,Low,distance anomaly
TX0016626,C006722,2026-01-03 08:05:00,MB,Recurring,Grocery,Small business,26.47,0,0,87.5,243,2,10.0,8,0,2026-01-03,2025-12-29,0.09039060439353372,0,Low,combined behavioural signal
TX0050353,C000558,2026-01-03 08:05:00,ON,Point of sale,Grocery,Everyday,82.36,0,1,41.9,597,2,10.9,8,0,2026-01-03,2025-12-29,0.2088481335127801,0,Low,combined behavioural signal
TX0042591,C009277,2026-01-03 08:21:00,AB,ATM,Dining,Student,163.14,0,0,62.8,1196,3,25.1,8,0,2026-01-03,2025-12-29,0.27778684019504085,0,Guarded,combined behavioural signal
TX0003122,C001573,2026-01-03 08:29:00,SK,E-commerce,Cash,New-to-bank,22.6,0,0,95.8,1336,2,15.6,8,0,2026-01-03,2025-12-29,0.2693591377264717,0,Guarded,combined behavioural signal
TX0007623,C013133,2026-01-03 08:34:00,ON,Mobile wallet,Digital services,Everyday,94.66,0,0,27.6,474,5,21.6,8,0,2026-01-03,2025-12-29,0.6752865364032321,1,High,low device trust
TX0035933,C012058,2026-01-03 08:37:00,ON,Point of sale,Cash,Everyday,90.54,0,1,49.3,1096,4,30.1,8,0,2026-01-03,2025-12-29,0.26754328095817703,0,Guarded,combined behavioural signal
TX0012573,C014127,2026-01-03 08:41:00,QC,E-commerce,Grocery,Student,71.16,0,0,82.4,1059,3,157.9,8,0,2026-01-03,2025-12-29,0.6296030490286547,0,High,distance anomaly
TX0057168,C007137,2026-01-03 08:50:00,NS,Recurring,Dining,Small business,394.89,0,0,65.8,1776,2,28.4,8,0,2026-01-03,2025-12-29,0.2600050410249806,0,Guarded,combined behavioural signal
TX0040779,C004239,2026-01-03 08:58:00,ON,Mobile wallet,Fuel,Everyday,92.1,0,0,57.2,3054,2,28.1,8,0,2026-01-03,2025-12-29,0.35002379448092585,0,Guarded,combined behavioural signal
TX0029761,C007379,2026-01-03 09:03:00,BC,E-commerce,Cash,New-to-bank,190.47,0,0,31.3,1047,5,3.8,9,1,2026-01-03,2025-12-29,0.708959924225743,1,High,low device trust
TX0031554,C003991,2026-01-03 09:06:00,ON,Point of sale,Dining,Everyday,54.11,0,1,18.3,1842,3,78.3,9,0,2026-01-03,2025-12-29,0.3938977765549352,0,Guarded,low device trust
TX0000990,C000689,2026-01-03 09:07:00,QC,E-commerce,Cash,New-to-bank,536.65,0,0,23.2,693,2,166.5,9,0,2026-01-03,2025-12-29,0.9109403600405359,1,Critical,"low device trust, high amount, distance anomaly"
TX0043652,C002306,2026-01-03 09:08:00,ON,Point of sale,Fuel,Everyday,39.71,0,1,63.8,1277,4,52.4,9,0,2026-01-03,2025-12-29,0.22741291802355706,0,Low,combined behavioural signal
TX0058868,C002776,2026-01-03 09:18:00,ON,Point of sale,Dining,New-to-bank,108.58,0,1,36.2,1525,3,24.3,9,0,2026-01-03,2025-12-29,0.30553305772834,0,Guarded,combined behavioural signal
TX0026899,C007944,2026-01-03 09:22:00,QC,Point of sale,Cash,Everyday,351.87,0,1,85.9,309,2,48.0,9,0,2026-01-03,2025-12-29,0.22836293605547664,0,Low,combined behavioural signal
TX0028171,C008112,2026-01-03 09:22:00,NS,E-commerce,Cash,Everyday,231.7,1,0,68.7,1639,6,29.0,9,1,2026-01-03,2025-12-29,0.9267869880312753,1,Critical,international
TX0032302,C004086,2026-01-03 09:23:00,ON,Mobile wallet,Other,New-to-bank,136.83,1,0,76.1,611,4,8.7,9,0,2026-01-03,2025-12-29,0.8167523309272536,1,Critical,international
TX0049488,C000597,2026-01-03 09:25:00,QC,Point of sale,Travel,Everyday,74.16,0,1,63.9,73,3,1.6,9,0,2026-01-03,2025-12-29,0.16291528134127817,0,Low,new account
TX0034591,C005544,2026-01-03 09:33:00,ON,Point of sale,Fuel,Student,137.37,0,1,61.2,872,6,0.1,9,0,2026-01-03,2025-12-29,0.31352528057243995,0,Guarded,combined behavioural signal
TX0019755,C014670,2026-01-03 09:34:00,QC,Point of sale,Digital services,Small business,28.99,0,1,75.3,160,5,3.9,9,0,2026-01-03,2025-12-29,0.24086762640630746,0,Low,combined behavioural signal
TX0024828,C001250,2026-01-03 09:35:00,ON,E-commerce,Grocery,Everyday,5.93,1,0,83.4,1148,4,46.7,9,0,2026-01-03,2025-12-29,0.8488506926218584,1,Critical,international
TX0054469,C007521,2026-01-03 09:47:00,ON,Recurring,Dining,Student,508.07,0,0,83.7,669,3,27.5,9,0,2026-01-03,2025-12-29,0.376434843591659,0,Guarded,high amount
TX0040069,C012488,2026-01-03 09:52:00,QC,ATM,Digital services,Everyday,37.12,0,0,93.5,811,5,9.3,9,0,2026-01-03,2025-12-29,0.24982102240933676,0,Low,combined behavioural signal
TX0051344,C011163,2026-01-03 09:57:00,BC,E-commerce,Dining,Small business,137.06,0,0,49.7,531,2,13.9,9,0,2026-01-03,2025-12-29,0.43416113726639555,0,Guarded,combined behavioural signal
TX0026683,C002498,2026-01-03 09:59:00,QC,Point of sale,Other,Small business,31.23,0,1,55.9,389,3,29.5,9,0,2026-01-03,2025-12-29,0.1990624985267498,0,Low,combined behavioural signal
TX0034241,C002559,2026-01-03 10:08:00,NS,Recurring,Travel,Student,38.26,0,0,89.2,847,3,8.6,10,0,2026-01-03,2025-12-29,0.10101438108920267,0,Low,combined behavioural signal
TX0000492,C014350,2026-01-03 10:11:00,ON,Mobile wallet,Grocery,Everyday,474.31,0,0,26.7,726,2,8.1,10,0,2026-01-03,2025-12-29,0.6402702827416927,1,High,low device trust
TX0007985,C013058,2026-01-03 10:14:00,ON,E-commerce,Other,Everyday,206.73,0,0,100.0,524,4,23.3,10,0,2026-01-03,2025-12-29,0.48527048603507467,0,Guarded,combined behavioural signal
TX0014261,C010375,2026-01-03 10:30:00,ON,E-commerce,Digital services,Student,252.46,0,0,86.0,320,3,4.3,10,0,2026-01-03,2025-12-29,0.5863978845273884,0,High,combined behavioural signal
TX0041571,C001109,2026-01-03 10:31:00,BC,Point of sale,Digital services,Small business,46.03,1,1,66.7,144,3,21.0,10,0,2026-01-03,2025-12-29,0.6172080771875602,0,High,international
TX0002927,C010493,2026-01-03 10:32:00,ON,Point of sale,Digital services,Student,3.25,0,1,62.7,483,3,45.7,10,0,2026-01-03,2025-12-29,0.26275046518771006,0,Guarded,combined behavioural signal
TX0009312,C009453,2026-01-03 10:39:00,ON,E-commerce,Electronics,Student,598.5,0,0,91.7,444,2,3.0,10,0,2026-01-03,2025-12-29,0.7206026967663608,1,High,high amount
TX0005241,C002087,2026-01-03 10:48:00,ON,ATM,Travel,Everyday,36.44,0,0,100.0,553,2,24.9,10,0,2026-01-03,2025-12-29,0.08417868619529044,0,Low,combined behavioural signal
TX0026863,C002375,2026-01-03 10:49:00,AB,E-commerce,Digital services,Affluent,58.72,0,0,73.8,233,5,6.4,10,0,2026-01-03,2025-12-29,0.6722218954886408,1,High,combined behavioural signal
TX0045624,C013690,2026-01-03 10:55:00,NS,E-commerce,Dining,Small business,22.14,0,0,45.6,1418,2,15.3,10,0,2026-01-03,2025-12-29,0.3619409107348464,0,Guarded,combined behavioural signal
TX0028585,C014714,2026-01-03 11:12:00,ON,Point of sale,Electronics,Everyday,24.03,0,1,67.5,1984,5,107.5,11,0,2026-01-03,2025-12-29,0.42486180906535703,0,Guarded,combined behavioural signal
TX0005803,C005591,2026-01-03 11:18:00,QC,Mobile wallet,Electronics,New-to-bank,142.35,0,0,55.8,1289,3,20.2,11,0,2026-01-03,2025-12-29,0.5390749919291433,0,High,combined behavioural signal
TX0042634,C007389,2026-01-03 11:35:00,ON,Mobile wallet,Fuel,Affluent,128.04,0,0,82.5,915,3,0.9,11,0,2026-01-03,2025-12-29,0.2986308310897534,0,Guarded,combined behavioural signal
TX0004459,C001551,2026-01-03 11:43:00,QC,Mobile wallet,Digital services,Everyday,77.1,0,0,57.4,558,8,48.5,11,0,2026-01-03,2025-12-29,0.7254324896617675,1,High,high velocity
TX0006954,C011694,2026-01-03 11:47:00,BC,Mobile wallet,Digital services,Affluent,24.0,0,0,69.4,414,7,9.7,11,0,2026-01-03,2025-12-29,0.5780269439509631,0,High,combined behavioural signal
TX0031832,C010568,2026-01-03 11:47:00,AB,Point of sale,Grocery,Student,23.33,0,1,55.9,707,5,37.3,11,0,2026-01-03,2025-12-29,0.29096515487638325,0,Guarded,combined behavioural signal
TX0023707,C003204,2026-01-03 11:51:00,ON,Point of sale,Grocery,Affluent,36.61,0,1,58.8,1257,5,35.7,11,0,2026-01-03,2025-12-29,0.3190534217990453,0,Guarded,combined behavioural signal
TX0052071,C001496,2026-01-03 11:52:00,MB,ATM,Electronics,Small business,131.98,0,0,65.2,1035,2,41.1,11,0,2026-01-03,2025-12-29,0.24337032836484374,0,Low,combined behavioural signal
TX0029728,C011030,2026-01-03 11:55:00,ON,ATM,Dining,Student,7.86,0,0,54.6,1001,5,10.7,11,0,2026-01-03,2025-12-29,0.25537878059945057,0,Guarded,combined behavioural signal
TX0001488,C013397,2026-01-03 12:12:00,AB,Point of sale,Digital services,New-to-bank,176.0,0,1,27.3,280,4,7.5,12,0,2026-01-03,2025-12-29,0.4919758154874085,0,Guarded,low device trust
TX0023445,C012259,2026-01-03 12:15:00,QC,E-commerce,Fuel,Student,263.65,0,0,77.0,244,5,1.0,12,0,2026-01-03,2025-12-29,0.6017907829898899,0,High,combined behavioural signal
TX0019670,C010240,2026-01-03 12:17:00,AB,Point of sale,Travel,Everyday,71.6,0,1,46.6,927,4,211.8,12,0,2026-01-03,2025-12-29,0.48314315823278225,0,Guarded,distance anomaly
TX0034527,C000174,2026-01-03 12:22:00,QC,E-commerce,Grocery,Student,122.1,0,0,74.4,1033,5,16.0,12,0,2026-01-03,2025-12-29,0.5782150108830508,0,High,combined behavioural signal
TX0003438,C006108,2026-01-03 12:26:00,QC,Recurring,Digital services,Everyday,794.09,0,0,51.7,1665,6,1.0,12,0,2026-01-03,2025-12-29,0.8393553609818702,1,Critical,high amount
TX0017388,C002851,2026-01-03 12:32:00,NS,Point of sale,Dining,Student,178.34,0,1,75.6,234,7,181.4,12,0,2026-01-03,2025-12-29,0.49479112239130224,0,Guarded,distance anomaly
TX0034676,C009186,2026-01-03 12:33:00,QC,Recurring,Cash,Everyday,157.94,0,0,70.3,478,5,72.4,12,0,2026-01-03,2025-12-29,0.33180998641779175,0,Guarded,combined behavioural signal
TX0038464,C011679,2026-01-03 12:39:00,ON,Point of sale,Travel,New-to-bank,594.51,1,1,96.4,1241,4,49.8,12,0,2026-01-03,2025-12-29,0.8269609555088515,1,Critical,"international, high amount"
TX0036983,C003376,2026-01-03 12:40:00,ON,ATM,Digital services,Everyday,265.12,0,0,81.0,787,4,30.5,12,0,2026-01-03,2025-12-29,0.36016811856808884,0,Guarded,combined behavioural signal
TX0043209,C007758,2026-01-03 12:41:00,AB,Mobile wallet,Electronics,Affluent,250.29,0,0,72.5,938,4,174.2,12,0,2026-01-03,2025-12-29,0.7887268741575731,1,Critical,distance anomaly
TX0028670,C008741,2026-01-03 12:49:00,QC,E-commerce,Digital services,Student,35.85,0,0,62.7,298,4,0.4,12,0,2026-01-03,2025-12-29,0.5942882975325187,0,High,combined behavioural signal
TX0027728,C006803,2026-01-03 13:04:00,AB,Point of sale,Digital services,Affluent,116.47,0,1,54.5,1015,7,27.3,13,0,2026-01-03,2025-12-29,0.5756873405668953,0,High,combined behavioural signal
TX0019467,C003391,2026-01-03 13:29:00,AB,Recurring,Electronics,Small business,59.52,0,0,44.5,113,3,50.3,13,0,2026-01-03,2025-12-29,0.3245014040535532,0,Guarded,combined behavioural signal
TX0033308,C005200,2026-01-03 13:33:00,ON,Recurring,Dining,New-to-bank,24.01,0,0,42.4,562,3,17.0,13,0,2026-01-03,2025-12-29,0.22410666188343184,0,Low,combined behavioural signal
TX0034679,C009077,2026-01-03 13:52:00,AB,Point of sale,Electronics,Everyday,199.56,0,1,98.2,1463,7,40.0,13,0,2026-01-03,2025-12-29,0.41979919666153975,0,Guarded,combined behavioural signal
TX0035895,C012500,2026-01-03 14:06:00,QC,Point of sale,Grocery,Affluent,148.53,0,1,66.3,176,3,63.3,14,0,2026-01-03,2025-12-29,0.28756174108844385,0,Guarded,combined behavioural signal
TX0021129,C004197,2026-01-03 14:15:00,QC,ATM,Other,New-to-bank,91.89,1,0,100.0,565,3,3.0,14,0,2026-01-03,2025-12-29,0.5167067181215411,0,High,international
TX0002618,C006481,2026-01-03 14:24:00,ON,ATM,Fuel,Everyday,30.98,0,0,51.8,184,2,4.4,14,0,2026-01-03,2025-12-29,0.13587440661846487,0,Low,combined behavioural signal
TX0027426,C007539,2026-01-03 14:26:00,QC,E-commerce,Electronics,Everyday,54.07,0,0,99.8,191,5,11.5,14,0,2026-01-03,2025-12-29,0.49489836446796476,0,Guarded,combined behavioural signal
TX0014326,C013298,2026-01-03 14:34:00,MB,Mobile wallet,Dining,Small business,117.08,0,0,64.9,2091,2,42.5,14,0,2026-01-03,2025-12-29,0.2773388505051119,0,Guarded,combined behavioural signal
TX0004322,C002681,2026-01-03 14:49:00,ON,Point of sale,Travel,Everyday,131.55,0,1,71.4,631,3,6.8,14,0,2026-01-03,2025-12-29,0.1474760980258464,0,Low,combined behavioural signal
TX0010174,C013860,2026-01-03 15:05:00,BC,Point of sale,Grocery,New-to-bank,39.02,0,1,56.4,856,5,30.0,15,0,2026-01-03,2025-12-29,0.23990692091653715,0,Low,combined behavioural signal
TX0056634,C004240,2026-01-03 15:05:00,ON,E-commerce,Other,Student,74.6,0,0,100.0,769,4,32.5,15,0,2026-01-03,2025-12-29,0.40551410077271755,0,Guarded,combined behavioural signal
TX0014183,C008559,2026-01-03 15:14:00,ON,Point of sale,Grocery,Small business,64.39,0,1,99.6,2598,6,1.2,15,0,2026-01-03,2025-12-29,0.1478422004372784,0,Low,combined behavioural signal
TX0031036,C011001,2026-01-03 15:22:00,QC,Point of sale,Dining,Everyday,159.23,0,1,61.8,543,3,40.1,15,0,2026-01-03,2025-12-29,0.2285121885990579,0,Low,combined behavioural signal
TX0032702,C007939,2026-01-03 15:22:00,QC,Point of sale,Grocery,Everyday,227.83,0,1,66.6,1283,2,30.6,15,0,2026-01-03,2025-12-29,0.21678059118274648,0,Low,combined behavioural signal
TX0058643,C014982,2026-01-03 15:22:00,QC,Point of sale,Grocery,Student,108.64,0,1,59.3,367,5,41.1,15,0,2026-01-03,2025-12-29,0.30495097802525994,0,Guarded,combined behavioural signal
TX0059100,C006639,2026-01-03 15:27:00,ON,Recurring,Travel,Everyday,104.8,0,0,63.8,904,3,20.8,15,0,2026-01-03,2025-12-29,0.1781601443606465,0,Low,combined behavioural signal
TX0052676,C012437,2026-01-03 15:30:00,ON,Point of sale,Other,Everyday,61.85,0,1,83.7,1122,2,36.0,15,0,2026-01-03,2025-12-29,0.12704131404398566,0,Low,combined behavioural signal
TX0030609,C013540,2026-01-03 15:30:00,BC,Recurring,Fuel,Small business,20.84,0,0,97.2,3776,2,22.3,15,0,2026-01-03,2025-12-29,0.07769584137343198,0,Low,combined behavioural signal
TX0043439,C001977,2026-01-03 15:33:00,ON,E-commerce,Grocery,New-to-bank,48.17,0,0,68.2,2075,7,2.7,15,0,2026-01-03,2025-12-29,0.6136418315219021,0,High,combined behavioural signal
TX0044023,C002438,2026-01-03 15:42:00,BC,Point of sale,Dining,Everyday,125.4,0,1,100.0,778,4,9.9,15,0,2026-01-03,2025-12-29,0.1162126889411819,0,Low,combined behavioural signal
TX0030415,C004313,2026-01-03 15:48:00,MB,E-commerce,Electronics,Everyday,20.1,0,0,92.8,870,2,11.2,15,0,2026-01-03,2025-12-29,0.3395455635093867,0,Guarded,combined behavioural signal
TX0042302,C004324,2026-01-03 15:48:00,QC,E-commerce,Grocery,Everyday,16.44,0,0,56.0,461,3,8.6,15,0,2026-01-03,2025-12-29,0.430072173904672,0,Guarded,combined behavioural signal
TX0009637,C012463,2026-01-03 15:54:00,ON,Point of sale,Cash,Everyday,35.21,0,1,67.8,1231,2,50.4,15,0,2026-01-03,2025-12-29,0.13125545873534517,0,Low,combined behavioural signal
TX0039561,C011146,2026-01-03 15:56:00,BC,ATM,Digital services,Everyday,177.49,0,0,58.6,601,5,25.7,15,0,2026-01-03,2025-12-29,0.3897656828068943,0,Guarded,combined behavioural signal
TX0009449,C005578,2026-01-03 15:57:00,NS,Mobile wallet,Electronics,Everyday,182.01,1,0,56.3,1030,5,2.2,15,0,2026-01-03,2025-12-29,0.881630383514694,1,Critical,international
TX0037076,C005882,2026-01-03 16:00:00,BC,Point of sale,Digital services,Everyday,51.12,0,1,83.9,1466,4,4.2,16,0,2026-01-03,2025-12-29,0.18177248236337307,0,Low,combined behavioural signal
TX0046552,C014142,2026-01-03 16:12:00,ON,E-commerce,Digital services,Student,100.08,0,0,46.7,1963,4,9.3,16,0,2026-01-03,2025-12-29,0.6857196436138325,1,High,combined behavioural signal
TX0015212,C002586,2026-01-03 16:15:00,SK,Recurring,Grocery,Small business,25.09,0,0,53.4,351,3,119.4,16,0,2026-01-03,2025-12-29,0.22771985753614565,0,Low,combined behavioural signal
TX0058895,C012825,2026-01-03 16:22:00,ON,E-commerce,Dining,Everyday,81.23,0,0,69.6,404,3,61.0,16,0,2026-01-03,2025-12-29,0.4511261327423205,0,Guarded,combined behavioural signal
TX0010377,C008412,2026-01-03 16:25:00,ON,Point of sale,Grocery,Everyday,84.56,0,1,77.1,1062,6,97.3,16,0,2026-01-03,2025-12-29,0.3105804416479045,0,Guarded,combined behavioural signal
TX0035318,C014352,2026-01-03 16:31:00,BC,Point of sale,Fuel,Student,22.76,0,1,80.8,1700,7,12.1,16,0,2026-01-03,2025-12-29,0.21030074927549713,0,Low,combined behavioural signal
TX0024819,C001685,2026-01-03 16:32:00,ON,E-commerce,Fuel,Everyday,154.51,0,0,91.6,1032,6,43.5,16,0,2026-01-03,2025-12-29,0.533152148819075,0,High,combined behavioural signal
TX0058912,C014864,2026-01-03 16:37:00,NS,Point of sale,Dining,New-to-bank,7.0,0,1,91.1,154,3,17.0,16,0,2026-01-03,2025-12-29,0.07761391470375764,0,Low,combined behavioural signal
TX0013044,C005607,2026-01-03 16:39:00,ON,E-commerce,Cash,Everyday,54.93,0,0,45.2,504,7,44.9,16,0,2026-01-03,2025-12-29,0.6780505377525122,1,High,combined behavioural signal
TX0037245,C002317,2026-01-03 16:45:00,NB,E-commerce,Digital services,Everyday,89.2,0,0,90.2,2385,3,2.9,16,0,2026-01-03,2025-12-29,0.3987311983373184,0,Guarded,combined behavioural signal
TX0000166,C013527,2026-01-03 17:06:00,BC,Mobile wallet,Grocery,Everyday,17.14,0,0,59.5,938,6,37.9,17,0,2026-01-03,2025-12-29,0.40191771527554826,0,Guarded,combined behavioural signal
TX0033558,C011493,2026-01-03 17:06:00,ON,Point of sale,Other,Everyday,68.33,0,1,72.1,2298,4,105.8,17,0,2026-01-03,2025-12-29,0.28459595122416503,0,Guarded,combined behavioural signal
TX0038693,C000031,2026-01-03 17:20:00,ON,Mobile wallet,Fuel,Small business,91.78,0,0,80.1,922,5,10.5,17,0,2026-01-03,2025-12-29,0.26036150923020157,0,Guarded,combined behavioural signal
TX0017631,C009673,2026-01-03 17:24:00,ON,Point of sale,Digital services,Student,39.94,0,1,76.5,222,3,1.7,17,0,2026-01-03,2025-12-29,0.16958574596660153,0,Low,combined behavioural signal
TX0018525,C013203,2026-01-03 17:30:00,ON,Point of sale,Other,New-to-bank,70.19,0,1,73.1,233,3,6.5,17,0,2026-01-03,2025-12-29,0.1481624891380762,0,Low,combined behavioural signal
TX0036039,C005955,2026-01-03 17:30:00,ON,Point of sale,Digital services,Small business,120.02,0,1,70.5,641,4,33.8,17,0,2026-01-03,2025-12-29,0.24376835130124577,0,Low,combined behavioural signal
TX0047005,C012690,2026-01-03 17:43:00,ON,E-commerce,Cash,Student,48.8,0,0,47.1,1002,5,89.9,17,0,2026-01-03,2025-12-29,0.6519764961683122,1,High,combined behavioural signal
TX0018234,C002289,2026-01-03 17:47:00,ON,Recurring,Fuel,Small business,63.71,0,0,89.8,1872,3,76.8,17,0,2026-01-03,2025-12-29,0.1340961791100283,0,Low,combined behavioural signal
TX0006467,C014606,2026-01-03 18:03:00,ON,E-commerce,Fuel,Small business,337.31,0,0,79.1,278,2,46.3,18,0,2026-01-03,2025-12-29,0.435436990532267,0,Guarded,combined behavioural signal
TX0033265,C014563,2026-01-03 18:09:00,BC,Recurring,Other,Affluent,17.76,0,0,46.7,1061,2,6.6,18,0,2026-01-03,2025-12-29,0.1949008668442492,0,Low,combined behavioural signal
TX0013107,C013744,2026-01-03 18:14:00,BC,Point of sale,Grocery,New-to-bank,137.55,0,1,56.5,601,4,53.6,18,0,2026-01-03,2025-12-29,0.25530952804780543,0,Guarded,combined behavioural signal
TX0044138,C000986,2026-01-03 18:33:00,BC,Mobile wallet,Other,Student,71.74,0,0,64.3,1980,9,18.4,18,0,2026-01-03,2025-12-29,0.5964373910180054,0,High,high velocity
TX0012071,C003944,2026-01-03 18:38:00,AB,Mobile wallet,Dining,Everyday,40.37,0,0,69.8,1501,3,12.4,18,0,2026-01-03,2025-12-29,0.2547765186782414,0,Guarded,combined behavioural signal
TX0029443,C010138,2026-01-03 18:40:00,ON,E-commerce,Electronics,Affluent,175.6,0,0,66.6,1871,4,67.2,18,0,2026-01-03,2025-12-29,0.7518270509626764,1,Critical,combined behavioural signal
TX0027850,C013495,2026-01-03 18:45:00,ON,Mobile wallet,Fuel,Student,61.69,0,0,83.9,1103,3,18.8,18,0,2026-01-03,2025-12-29,0.21421672486696505,0,Low,combined behavioural signal
TX0026980,C002293,2026-01-03 18:47:00,AB,E-commerce,Electronics,Everyday,169.27,0,0,49.8,56,1,33.7,18,0,2026-01-03,2025-12-29,0.5672186207380321,0,High,new account
TX0037622,C008232,2026-01-03 18:53:00,QC,Recurring,Digital services,New-to-bank,42.41,0,0,57.2,412,4,32.7,18,0,2026-01-03,2025-12-29,0.32425726452386344,0,Guarded,combined behavioural signal
TX0042880,C011961,2026-01-03 18:57:00,QC,Point of sale,Dining,Everyday,162.6,0,1,77.8,1855,1,10.8,18,0,2026-01-03,2025-12-29,0.12037748865412146,0,Low,combined behavioural signal
TX0052000,C000254,2026-01-03 19:10:00,ON,Point of sale,Digital services,Small business,44.23,0,1,78.5,1432,4,76.1,19,0,2026-01-03,2025-12-29,0.22897238776204987,0,Low,combined behavioural signal
TX0032487,C010830,2026-01-03 19:14:00,ON,Point of sale,Electronics,New-to-bank,63.91,0,1,85.7,1186,5,35.1,19,0,2026-01-03,2025-12-29,0.25527906227479685,0,Guarded,combined behavioural signal
TX0001163,C012999,2026-01-03 19:20:00,ON,E-commerce,Fuel,Student,14.88,0,0,100.0,2132,6,28.6,19,0,2026-01-03,2025-12-29,0.41162289734504204,0,Guarded,combined behavioural signal
TX0001948,C010286,2026-01-03 19:24:00,QC,Point of sale,Electronics,Small business,122.27,0,1,39.9,948,4,25.2,19,0,2026-01-03,2025-12-29,0.3497036639877741,0,Guarded,combined behavioural signal
TX0054106,C004944,2026-01-03 19:30:00,ON,Point of sale,Grocery,New-to-bank,40.38,0,1,85.9,268,5,26.9,19,0,2026-01-03,2025-12-29,0.1558551626248591,0,Low,combined behavioural signal
TX0044767,C005813,2026-01-03 19:33:00,SK,Point of sale,Grocery,Everyday,10.22,0,1,62.2,427,1,56.2,19,0,2026-01-03,2025-12-29,0.1061650007007615,0,Low,combined behavioural signal
TX0016341,C007096,2026-01-03 19:36:00,BC,Point of sale,Electronics,New-to-bank,7.01,0,1,68.1,439,3,1.6,19,0,2026-01-03,2025-12-29,0.16062660644055263,0,Low,combined behavioural signal
TX0008490,C002105,2026-01-03 19:37:00,BC,Point of sale,Dining,Affluent,104.95,0,1,38.2,893,5,18.9,19,0,2026-01-03,2025-12-29,0.3333358154875015,0,Guarded,combined behavioural signal
TX0036154,C009494,2026-01-03 19:48:00,MB,Point of sale,Fuel,Student,32.06,0,1,54.1,561,3,21.8,19,0,2026-01-03,2025-12-29,0.15426460211887788,0,Low,combined behavioural signal
TX0020942,C001418,2026-01-03 19:50:00,QC,Point of sale,Fuel,New-to-bank,45.64,0,1,65.2,1257,2,5.3,19,0,2026-01-03,2025-12-29,0.12207711816642573,0,Low,combined behavioural signal
TX0023176,C005401,2026-01-03 19:50:00,QC,Mobile wallet,Other,Everyday,33.52,0,0,29.0,986,3,36.3,19,0,2026-01-03,2025-12-29,0.44369084444894746,0,Guarded,low device trust
TX0003305,C013210,2026-01-03 19:51:00,ON,Point of sale,Fuel,Affluent,141.23,0,1,79.0,1600,5,19.4,19,0,2026-01-03,2025-12-29,0.23953168098328673,0,Low,combined behavioural signal
TX0039869,C009081,2026-01-03 19:59:00,QC,Point of sale,Digital services,Student,177.59,0,1,58.3,1125,5,9.0,19,0,2026-01-03,2025-12-29,0.39785043540107135,0,Guarded,combined behavioural signal
TX0024768,C008637,2026-01-03 20:08:00,QC,Point of sale,Dining,Small business,130.42,0,1,55.7,774,3,72.4,20,0,2026-01-03,2025-12-29,0.21396600860775392,0,Low,combined behavioural signal
TX0026988,C008621,2026-01-03 20:08:00,BC,Recurring,Electronics,Everyday,121.15,0,0,68.3,2074,2,71.2,20,0,2026-01-03,2025-12-29,0.25740576440945356,0,Guarded,combined behavioural signal
TX0016052,C006575,2026-01-03 20:13:00,ON,Point of sale,Digital services,New-to-bank,168.23,0,1,100.0,1088,2,6.4,20,0,2026-01-03,2025-12-29,0.13970849525835474,0,Low,combined behavioural signal
TX0056023,C008394,2026-01-03 20:15:00,ON,Mobile wallet,Dining,Everyday,143.47,0,0,68.5,555,2,19.4,20,0,2026-01-03,2025-12-29,0.24038930365817587,0,Low,combined behavioural signal
TX0003842,C014753,2026-01-03 20:25:00,BC,Mobile wallet,Fuel,Small business,85.73,0,0,84.6,785,3,95.1,20,0,2026-01-03,2025-12-29,0.22383464879794354,0,Low,combined behavioural signal
TX0038767,C000895,2026-01-03 20:31:00,SK,Point of sale,Grocery,Small business,118.26,0,1,40.5,228,5,83.0,20,0,2026-01-03,2025-12-29,0.310814945934917,0,Guarded,combined behavioural signal
TX0039252,C007789,2026-01-03 20:33:00,ON,E-commerce,Dining,Small business,96.01,0,0,64.1,629,6,52.9,20,0,2026-01-03,2025-12-29,0.5544670757781766,0,High,combined behavioural signal
TX0021057,C004864,2026-01-03 20:35:00,QC,Recurring,Travel,Everyday,121.24,0,0,72.4,665,1,78.6,20,0,2026-01-03,2025-12-29,0.14654839492746272,0,Low,combined behavioural signal
TX0015609,C007129,2026-01-03 20:44:00,QC,Mobile wallet,Dining,Everyday,92.2,0,0,70.6,639,2,7.9,20,1,2026-01-03,2025-12-29,0.21750733607243777,0,Low,combined behavioural signal
TX0014258,C006596,2026-01-03 20:44:00,AB,E-commerce,Travel,Small business,49.59,0,0,86.1,507,5,4.7,20,0,2026-01-03,2025-12-29,0.32881430601810174,0,Guarded,combined behavioural signal
TX0043769,C013426,2026-01-03 21:16:00,SK,Point of sale,Travel,Everyday,492.26,1,1,81.0,1288,2,84.8,21,0,2026-01-03,2025-12-29,0.7309210779297186,1,High,international
TX0053329,C014574,2026-01-03 21:22:00,AB,ATM,Fuel,Everyday,14.29,0,0,48.6,1163,3,36.2,21,0,2026-01-03,2025-12-29,0.1825745207711461,0,Low,combined behavioural signal
TX0012072,C007745,2026-01-03 21:25:00,ON,Recurring,Other,New-to-bank,223.97,0,0,63.4,1439,6,54.5,21,0,2026-01-03,2025-12-29,0.4338144439314819,0,Guarded,combined behavioural signal
TX0019148,C013020,2026-01-03 21:31:00,AB,Point of sale,Digital services,Student,51.37,0,1,54.6,531,4,28.7,21,0,2026-01-03,2025-12-29,0.294886738349484,0,Guarded,combined behavioural signal
TX0037862,C011803,2026-01-03 21:33:00,AB,Point of sale,Dining,Small business,28.04,1,1,65.9,330,6,15.1,21,0,2026-01-03,2025-12-29,0.6092449981928167,0,High,international
TX0008005,C008448,2026-01-03 21:37:00,MB,Mobile wallet,Travel,Student,562.74,0,0,58.4,1012,3,52.3,21,0,2026-01-03,2025-12-29,0.6045746384470301,0,High,high amount
TX0037525,C009722,2026-01-03 21:51:00,QC,Mobile wallet,Fuel,Student,81.35,0,0,81.0,2541,3,55.5,21,0,2026-01-03,2025-12-29,0.2918361288557591,0,Guarded,combined behavioural signal
TX0011399,C001286,2026-01-03 21:53:00,ON,ATM,Electronics,Everyday,156.84,0,0,57.1,1445,4,8.4,21,0,2026-01-03,2025-12-29,0.318908389336527,0,Guarded,combined behavioural signal
TX0029640,C014393,2026-01-03 22:01:00,SK,Point of sale,Grocery,Affluent,54.63,0,1,100.0,517,5,6.1,22,0,2026-01-03,2025-12-29,0.12937697724622788,0,Low,combined behavioural signal
TX0005701,C013847,2026-01-03 22:02:00,QC,Recurring,Travel,Affluent,578.42,1,0,9.7,692,2,24.5,22,0,2026-01-03,2025-12-29,0.9206937322566374,1,Critical,"international, low device trust, high amount"
TX0005185,C006898,2026-01-03 22:07:00,ON,E-commerce,Dining,Affluent,8.0,0,0,90.8,957,3,36.5,22,0,2026-01-03,2025-12-29,0.33217942556043045,0,Guarded,combined behavioural signal
TX0029542,C010381,2026-01-03 22:25:00,ON,Mobile wallet,Fuel,Student,572.58,0,0,88.6,896,1,115.1,22,0,2026-01-03,2025-12-29,0.4811623188623137,0,Guarded,high amount
TX0041391,C003614,2026-01-03 22:36:00,SK,E-commerce,Dining,Everyday,20.1,0,0,85.1,231,3,36.8,22,0,2026-01-03,2025-12-29,0.2805795638891685,0,Guarded,combined behavioural signal
TX0010086,C012895,2026-01-03 22:50:00,ON,Mobile wallet,Digital services,Everyday,25.85,0,0,60.4,2705,4,32.0,22,0,2026-01-03,2025-12-29,0.42907166670533375,0,Guarded,combined behavioural signal
TX0042824,C008058,2026-01-03 22:52:00,ON,E-commerce,Travel,Everyday,86.5,1,0,47.7,605,4,6.9,22,0,2026-01-03,2025-12-29,0.8586181746571162,1,Critical,international
TX0047997,C007041,2026-01-03 22:52:00,NB,Point of sale,Travel,Everyday,171.29,0,1,55.4,748,3,1.0,22,0,2026-01-03,2025-12-29,0.13780426899596881,0,Low,combined behavioural signal
TX0041044,C011320,2026-01-03 22:59:00,ON,Mobile wallet,Grocery,New-to-bank,53.6,0,0,50.6,1532,2,13.7,22,0,2026-01-03,2025-12-29,0.26742842661199445,0,Guarded,combined behavioural signal
TX0023538,C014454,2026-01-03 23:00:00,SK,Point of sale,Cash,Affluent,24.41,0,1,77.2,152,1,3.7,23,0,2026-01-03,2025-12-29,0.06984446911682383,0,Low,unusual hour
TX0008497,C007399,2026-01-03 23:13:00,ON,ATM,Fuel,Small business,135.26,1,0,60.2,989,5,9.2,23,0,2026-01-03,2025-12-29,0.6247308248725151,0,High,"international, unusual hour"
TX0003981,C005142,2026-01-03 23:15:00,QC,Recurring,Digital services,Small business,37.79,1,0,52.8,1065,2,26.3,23,0,2026-01-03,2025-12-29,0.6291777464280773,0,High,"international, unusual hour"
TX0003519,C005785,2026-01-03 23:23:00,QC,E-commerce,Dining,Affluent,91.76,0,0,10.6,501,4,21.1,23,1,2026-01-03,2025-12-29,0.7156449657542714,1,High,"low device trust, unusual hour"
TX0035540,C008959,2026-01-03 23:44:00,NS,E-commerce,Dining,Everyday,79.96,0,0,48.3,2334,4,4.5,23,0,2026-01-03,2025-12-29,0.4468906452253959,0,Guarded,unusual hour
TX0035391,C004594,2026-01-03 23:46:00,NB,Point of sale,Other,Everyday,41.99,0,1,53.2,1024,3,8.7,23,0,2026-01-03,2025-12-29,0.1343694754896667,0,Low,unusual hour
TX0009314,C002901,2026-01-03 23:53:00,ON,E-commerce,Other,Student,34.53,0,0,78.8,206,3,44.2,23,0,2026-01-03,2025-12-29,0.371277287046077,0,Guarded,unusual hour
TX0006826,C013449,2026-01-03 23:55:00,SK,Mobile wallet,Cash,Everyday,20.97,0,0,96.2,678,2,34.6,23,0,2026-01-03,2025-12-29,0.11700553469145403,0,Low,unusual hour
TX0038490,C013399,2026-01-04 00:04:00,QC,Mobile wallet,Grocery,Affluent,24.17,0,0,81.9,1462,4,12.5,0,0,2026-01-04,2025-12-29,0.41049960301005317,0,Guarded,unusual hour
TX0054577,C009041,2026-01-04 00:09:00,AB,E-commerce,Travel,Student,318.31,0,0,54.2,467,1,8.2,0,0,2026-01-04,2025-12-29,0.6087913956525454,0,High,unusual hour
TX0005886,C004224,2026-01-04 00:24:00,QC,Point of sale,Dining,New-to-bank,83.39,0,1,3.2,1044,8,43.0,0,0,2026-01-04,2025-12-29,0.7310064682102603,1,High,"low device trust, high velocity, unusual hour"
TX0028934,C012901,2026-01-04 00:34:00,QC,E-commerce,Other,Everyday,109.75,0,0,70.7,68,3,28.6,0,1,2026-01-04,2025-12-29,0.573433450155957,0,High,"unusual hour, new account"
TX0040906,C001107,2026-01-04 00:34:00,QC,Point of sale,Other,Small business,54.13,1,1,71.2,924,2,10.0,0,0,2026-01-04,2025-12-29,0.5842619417698607,0,High,"international, unusual hour"
TX0009553,C012434,2026-01-04 00:37:00,AB,Recurring,Fuel,Affluent,9.12,0,0,78.3,198,5,17.8,0,0,2026-01-04,2025-12-29,0.28229413181731383,0,Guarded,unusual hour
TX0032278,C011092,2026-01-04 00:43:00,ON,E-commerce,Travel,Everyday,61.89,0,0,44.9,506,1,6.1,0,0,2026-01-04,2025-12-29,0.4466905085881894,0,Guarded,unusual hour
TX0004106,C012580,2026-01-04 00:48:00,AB,Point of sale,Fuel,Student,35.94,0,1,62.5,901,5,46.0,0,0,2026-01-04,2025-12-29,0.3307528686342986,0,Guarded,unusual hour
TX0032838,C008186,2026-01-04 00:59:00,AB,Mobile wallet,Digital services,New-to-bank,170.23,0,0,67.2,320,2,13.0,0,0,2026-01-04,2025-12-29,0.4992948516272662,0,Guarded,unusual hour
TX0013594,C007182,2026-01-04 01:06:00,AB,E-commerce,Other,Everyday,33.52,0,0,73.7,1112,3,4.6,1,0,2026-01-04,2025-12-29,0.49238407415114094,0,Guarded,unusual hour
TX0027957,C009023,2026-01-04 01:12:00,ON,Point of sale,Digital services,Everyday,18.0,0,1,73.9,1353,3,12.4,1,0,2026-01-04,2025-12-29,0.2447542940590933,0,Low,unusual hour
TX0005318,C006212,2026-01-04 01:15:00,BC,ATM,Other,Everyday,57.75,0,0,69.6,1783,5,2.3,1,0,2026-01-04,2025-12-29,0.28366324731895975,0,Guarded,unusual hour
TX0035503,C008332,2026-01-04 01:24:00,QC,Point of sale,Cash,Affluent,467.53,0,1,34.3,272,5,25.1,1,0,2026-01-04,2025-12-29,0.6930233857743328,1,High,"low device trust, unusual hour"
TX0051043,C007918,2026-01-04 01:25:00,ON,E-commerce,Cash,New-to-bank,70.55,0,0,68.6,1551,1,66.4,1,0,2026-01-04,2025-12-29,0.46832448309567964,0,Guarded,unusual hour
TX0058661,C011075,2026-01-04 01:28:00,SK,E-commerce,Other,Student,188.02,0,0,95.8,348,4,8.5,1,0,2026-01-04,2025-12-29,0.5274695946683828,0,High,unusual hour
TX0021119,C003390,2026-01-04 01:30:00,QC,Point of sale,Other,Small business,80.29,0,1,38.6,1518,3,0.5,1,0,2026-01-04,2025-12-29,0.2963635135529562,0,Guarded,unusual hour
TX0006758,C011141,2026-01-04 01:36:00,BC,E-commerce,Grocery,Student,61.05,0,0,34.4,1838,4,15.1,1,0,2026-01-04,2025-12-29,0.6796298755046662,1,High,"low device trust, unusual hour"
TX0044022,C003215,2026-01-04 01:38:00,ON,Point of sale,Digital services,Student,7.21,0,1,74.3,341,3,51.8,1,0,2026-01-04,2025-12-29,0.2776130821000786,0,Guarded,unusual hour
TX0026027,C008389,2026-01-04 01:39:00,ON,Point of sale,Digital services,Everyday,149.93,0,1,59.4,685,5,4.7,1,0,2026-01-04,2025-12-29,0.43488402069325055,0,Guarded,unusual hour
TX0043256,C009622,2026-01-04 01:54:00,AB,E-commerce,Fuel,Everyday,246.8,0,0,69.9,585,4,7.4,1,0,2026-01-04,2025-12-29,0.6325268699142087,0,High,unusual hour
TX0053811,C013214,2026-01-04 01:54:00,ON,Point of sale,Electronics,Everyday,308.97,0,1,67.1,272,6,7.0,1,0,2026-01-04,2025-12-29,0.5510259113402897,0,High,unusual hour
TX0021295,C009179,2026-01-04 01:58:00,AB,Point of sale,Fuel,Everyday,129.74,0,1,90.4,2257,3,15.8,1,0,2026-01-04,2025-12-29,0.1890973018861597,0,Low,unusual hour
TX0011405,C004515,2026-01-04 02:02:00,QC,E-commerce,Electronics,Affluent,89.7,0,0,68.6,371,4,6.1,2,0,2026-01-04,2025-12-29,0.7130746588330233,1,High,unusual hour
TX0029197,C000655,2026-01-04 02:24:00,ON,Point of sale,Travel,Small business,305.38,0,1,88.0,1287,3,31.4,2,0,2026-01-04,2025-12-29,0.21981355997010096,0,Low,unusual hour
TX0035491,C006840,2026-01-04 02:26:00,ON,Point of sale,Grocery,Affluent,266.38,0,1,53.6,1477,2,106.7,2,0,2026-01-04,2025-12-29,0.4845442652737275,0,Guarded,unusual hour
TX0004393,C014558,2026-01-04 02:30:00,BC,Point of sale,Fuel,Student,102.67,0,1,42.5,863,3,16.3,2,0,2026-01-04,2025-12-29,0.2705380492407192,0,Guarded,unusual hour
TX0014361,C011050,2026-01-04 02:40:00,ON,Mobile wallet,Dining,Student,178.2,0,0,65.7,975,2,25.1,2,0,2026-01-04,2025-12-29,0.3929172999990919,0,Guarded,unusual hour
TX0031709,C004575,2026-01-04 02:48:00,NS,Recurring,Other,Everyday,59.15,0,0,92.9,2859,3,14.9,2,0,2026-01-04,2025-12-29,0.16136700676938917,0,Low,unusual hour
TX0043006,C011514,2026-01-04 02:53:00,ON,Point of sale,Other,Everyday,110.64,0,1,64.4,1156,2,100.1,2,0,2026-01-04,2025-12-29,0.3045338911708232,0,Guarded,unusual hour
TX0039270,C013917,2026-01-04 02:55:00,SK,Mobile wallet,Digital services,Affluent,157.38,0,0,57.8,1380,4,4.9,2,0,2026-01-04,2025-12-29,0.6347217764201359,0,High,unusual hour
TX0056391,C014800,2026-01-04 02:57:00,ON,E-commerce,Grocery,Affluent,189.43,0,0,75.6,851,3,22.0,2,0,2026-01-04,2025-12-29,0.6093732103376064,0,High,unusual hour
TX0006903,C014654,2026-01-04 03:04:00,ON,Mobile wallet,Grocery,New-to-bank,187.26,0,0,67.4,808,1,21.7,3,0,2026-01-04,2025-12-29,0.3395714908334465,0,Guarded,unusual hour
TX0038919,C010408,2026-01-04 03:05:00,QC,E-commerce,Travel,Everyday,164.21,0,0,71.8,1825,5,63.7,3,0,2026-01-04,2025-12-29,0.6960138619021975,1,High,unusual hour
TX0031041,C000987,2026-01-04 03:10:00,BC,Point of sale,Dining,New-to-bank,57.84,0,1,80.1,225,3,47.8,3,0,2026-01-04,2025-12-29,0.17504221366629583,0,Low,unusual hour
TX0046101,C013081,2026-01-04 03:27:00,BC,Point of sale,Fuel,Everyday,62.29,0,1,59.7,1207,4,16.3,3,0,2026-01-04,2025-12-29,0.22503392260821878,0,Low,unusual hour
TX0018001,C001290,2026-01-04 03:29:00,NS,E-commerce,Other,Affluent,83.82,0,0,36.1,839,3,8.5,3,0,2026-01-04,2025-12-29,0.6476255450305088,1,High,unusual hour
TX0044671,C011551,2026-01-04 03:38:00,ON,Point of sale,Other,Affluent,31.34,0,1,98.5,523,5,18.0,3,0,2026-01-04,2025-12-29,0.22643139934553552,0,Low,unusual hour
TX0049925,C010259,2026-01-04 03:40:00,ON,Point of sale,Fuel,Student,83.09,0,1,94.0,1749,4,13.6,3,0,2026-01-04,2025-12-29,0.17604678557042186,0,Low,unusual hour
TX0047678,C006193,2026-01-04 03:55:00,ON,Recurring,Dining,Everyday,283.57,0,0,75.7,1795,4,2.4,3,0,2026-01-04,2025-12-29,0.32805462716258593,0,Guarded,unusual hour
TX0032419,C001753,2026-01-04 04:03:00,ON,Point of sale,Digital services,Everyday,309.63,0,1,85.1,894,4,41.0,4,0,2026-01-04,2025-12-29,0.41925763291637413,0,Guarded,unusual hour
TX0056472,C006010,2026-01-04 04:03:00,ON,Point of sale,Digital services,Student,42.23,0,1,67.3,382,4,40.9,4,0,2026-01-04,2025-12-29,0.33374658890255143,0,Guarded,unusual hour
TX0058087,C001428,2026-01-04 04:17:00,ON,E-commerce,Other,Everyday,1.25,0,0,91.2,2382,5,159.9,4,0,2026-01-04,2025-12-29,0.6857797128744879,1,High,"unusual hour, distance anomaly"
TX0046562,C013343,2026-01-04 04:30:00,ON,E-commerce,Cash,Everyday,33.65,0,0,66.0,1430,3,49.3,4,0,2026-01-04,2025-12-29,0.4925253435481175,0,Guarded,unusual hour
TX0047059,C010277,2026-01-04 04:37:00,ON,E-commerce,Travel,Small business,876.43,0,0,82.7,469,4,14.9,4,0,2026-01-04,2025-12-29,0.8334615019830713,1,Critical,"high amount, unusual hour"
TX0000183,C004478,2026-01-04 04:46:00,BC,E-commerce,Grocery,Everyday,17.49,0,0,83.1,144,2,9.5,4,0,2026-01-04,2025-12-29,0.30539991882942663,0,Guarded,unusual hour
TX0047802,C007543,2026-01-04 05:01:00,QC,E-commerce,Other,Everyday,52.92,0,0,62.3,1367,4,23.8,5,0,2026-01-04,2025-12-29,0.6052795556033564,0,High,combined behavioural signal
TX0037396,C011518,2026-01-04 05:32:00,SK,ATM,Dining,Everyday,78.04,0,0,89.8,319,4,0.1,5,0,2026-01-04,2025-12-29,0.15144668543975212,0,Low,combined behavioural signal
TX0040057,C014746,2026-01-04 05:34:00,ON,Point of sale,Cash,Everyday,151.73,0,1,73.4,1362,3,40.7,5,0,2026-01-04,2025-12-29,0.21798195014244057,0,Low,combined behavioural signal
TX0049258,C014443,2026-01-04 05:34:00,AB,E-commerce,Other,Student,25.88,0,0,74.2,1989,5,47.2,5,0,2026-01-04,2025-12-29,0.6452616670977979,1,High,combined behavioural signal
TX0043072,C001982,2026-01-04 05:43:00,QC,E-commerce,Grocery,Everyday,50.05,0,0,61.6,1715,2,17.3,5,0,2026-01-04,2025-12-29,0.4776208567165213,0,Guarded,combined behavioural signal
TX0053540,C011531,2026-01-04 05:46:00,ON,Point of sale,Grocery,Affluent,35.03,0,1,55.0,1691,2,14.9,5,0,2026-01-04,2025-12-29,0.2277876257171444,0,Low,combined behavioural signal
TX0055498,C014953,2026-01-04 06:06:00,ON,Recurring,Electronics,Small business,53.29,1,0,38.2,2144,3,1.2,6,0,2026-01-04,2025-12-29,0.7839204700746385,1,Critical,international
TX0007035,C000165,2026-01-04 06:28:00,AB,ATM,Electronics,Affluent,854.62,0,0,88.3,1012,2,25.8,6,0,2026-01-04,2025-12-29,0.7096942119847458,1,High,high amount
TX0031969,C001476,2026-01-04 06:34:00,NB,E-commerce,Cash,New-to-bank,125.78,0,0,74.3,1027,1,27.6,6,0,2026-01-04,2025-12-29,0.3409559119745033,0,Guarded,combined behavioural signal
TX0056334,C010423,2026-01-04 06:42:00,BC,Point of sale,Travel,Everyday,213.33,0,1,76.7,707,4,83.0,6,0,2026-01-04,2025-12-29,0.28777758546346205,0,Guarded,combined behavioural signal
TX0048806,C004752,2026-01-04 06:46:00,NS,E-commerce,Cash,Everyday,311.14,0,0,75.5,2031,4,22.5,6,0,2026-01-04,2025-12-29,0.5883254329674329,0,High,combined behavioural signal
TX0045507,C009159,2026-01-04 07:05:00,NS,E-commerce,Cash,Student,44.44,0,0,58.1,1727,3,63.3,7,0,2026-01-04,2025-12-29,0.500008954849916,0,High,combined behavioural signal
TX0000609,C001072,2026-01-04 07:08:00,ON,Point of sale,Fuel,Everyday,99.52,0,1,91.8,1196,3,102.4,7,0,2026-01-04,2025-12-29,0.19810720917267877,0,Low,combined behavioural signal
TX0028159,C004127,2026-01-04 07:13:00,QC,Point of sale,Other,New-to-bank,23.88,0,1,54.6,241,3,6.8,7,0,2026-01-04,2025-12-29,0.22586062210518526,0,Low,combined behavioural signal
TX0004123,C006773,2026-01-04 07:14:00,ON,Mobile wallet,Digital services,Small business,59.72,0,0,55.4,447,2,28.0,7,0,2026-01-04,2025-12-29,0.3773271423674814,0,Guarded,combined behavioural signal
TX0030753,C007960,2026-01-04 07:15:00,ON,Mobile wallet,Digital services,Everyday,16.16,0,0,91.6,642,1,11.2,7,0,2026-01-04,2025-12-29,0.2171755853974045,0,Low,combined behavioural signal
TX0037923,C000972,2026-01-04 07:16:00,QC,ATM,Digital services,Everyday,148.01,0,0,62.7,502,6,35.6,7,0,2026-01-04,2025-12-29,0.508045096088535,0,High,combined behavioural signal
TX0014507,C007433,2026-01-04 07:20:00,ON,Recurring,Fuel,Everyday,79.58,0,0,61.4,645,4,15.7,7,0,2026-01-04,2025-12-29,0.23589012967499345,0,Low,combined behavioural signal
TX0036541,C005480,2026-01-04 07:29:00,ON,E-commerce,Electronics,Everyday,74.56,0,0,100.0,1180,7,93.3,7,0,2026-01-04,2025-12-29,0.7354852739872808,1,High,combined behavioural signal
TX0033604,C012780,2026-01-04 07:35:00,QC,Mobile wallet,Fuel,New-to-bank,18.35,0,0,97.8,975,7,50.7,7,0,2026-01-04,2025-12-29,0.42195194457757396,0,Guarded,combined behavioural signal
TX0031286,C006441,2026-01-04 07:38:00,BC,Recurring,Cash,Small business,179.31,0,0,78.8,1548,2,50.1,7,0,2026-01-04,2025-12-29,0.1634122693205429,0,Low,combined behavioural signal
TX0035286,C001510,2026-01-04 07:38:00,QC,Point of sale,Grocery,Everyday,29.11,0,1,71.2,261,8,15.4,7,0,2026-01-04,2025-12-29,0.34631611405542534,0,Guarded,high velocity
TX0003070,C009315,2026-01-04 07:47:00,QC,Point of sale,Cash,Student,106.74,0,1,60.8,855,1,31.1,7,0,2026-01-04,2025-12-29,0.17237952751488989,0,Low,combined behavioural signal
TX0055290,C005214,2026-01-04 07:47:00,BC,Point of sale,Travel,Everyday,84.25,0,1,45.2,927,4,62.2,7,0,2026-01-04,2025-12-29,0.2982745066871746,0,Guarded,combined behavioural signal
TX0011836,C004793,2026-01-04 07:50:00,ON,ATM,Grocery,Everyday,30.19,1,0,95.3,2489,6,99.8,7,0,2026-01-04,2025-12-29,0.7577352710162977,1,Critical,international
TX0008144,C003742,2026-01-04 08:22:00,QC,E-commerce,Travel,Everyday,536.99,0,0,60.2,1062,4,78.7,8,0,2026-01-04,2025-12-29,0.8395209574006054,1,Critical,high amount
TX0053903,C014379,2026-01-04 08:27:00,BC,Mobile wallet,Grocery,Everyday,444.05,0,0,82.2,605,3,26.5,8,0,2026-01-04,2025-12-29,0.46835108987721163,0,Guarded,combined behavioural signal
TX0010876,C011440,2026-01-04 08:30:00,QC,E-commerce,Grocery,New-to-bank,78.17,0,0,64.5,1003,8,84.9,8,0,2026-01-04,2025-12-29,0.8051847452203271,1,Critical,high velocity
TX0048139,C005090,2026-01-04 08:41:00,ON,Mobile wallet,Fuel,Everyday,45.55,0,0,41.6,514,2,76.1,8,0,2026-01-04,2025-12-29,0.39573846605689333,0,Guarded,combined behavioural signal
TX0013159,C011130,2026-01-04 08:57:00,ON,Point of sale,Fuel,Student,116.63,0,1,74.6,582,1,24.4,8,0,2026-01-04,2025-12-29,0.13030743959646232,0,Low,combined behavioural signal
TX0040254,C011439,2026-01-04 09:04:00,MB,ATM,Digital services,Affluent,36.48,0,0,84.7,418,1,6.1,9,0,2026-01-04,2025-12-29,0.16234661468184303,0,Low,combined behavioural signal
TX0023706,C000707,2026-01-04 09:06:00,BC,Point of sale,Other,Everyday,34.05,0,1,96.5,545,1,14.7,9,0,2026-01-04,2025-12-29,0.07651756327930605,0,Low,combined behavioural signal
TX0044779,C014043,2026-01-04 09:11:00,ON,Point of sale,Dining,Everyday,21.95,0,1,66.1,558,3,28.5,9,0,2026-01-04,2025-12-29,0.16378155296335825,0,Low,combined behavioural signal
TX0037939,C002371,2026-01-04 09:13:00,NS,Point of sale,Fuel,Everyday,132.85,0,1,54.5,1298,5,71.9,9,0,2026-01-04,2025-12-29,0.3207997511156765,0,Guarded,combined behavioural signal
TX0042368,C014781,2026-01-04 09:17:00,ON,E-commerce,Electronics,Everyday,1172.76,0,0,59.1,848,3,21.7,9,0,2026-01-04,2025-12-29,0.9607661951167782,1,Critical,high amount
TX0036567,C007192,2026-01-04 09:22:00,QC,E-commerce,Grocery,Small business,55.5,0,0,63.3,1654,4,54.7,9,0,2026-01-04,2025-12-29,0.5532534210895789,0,High,combined behavioural signal
TX0015963,C004706,2026-01-04 09:24:00,ON,Point of sale,Other,Student,150.33,0,1,40.7,638,4,14.1,9,0,2026-01-04,2025-12-29,0.36230816203351746,0,Guarded,combined behavioural signal
TX0033915,C003094,2026-01-04 09:38:00,MB,Point of sale,Other,Everyday,91.49,1,1,87.3,866,1,50.9,9,0,2026-01-04,2025-12-29,0.5105079645272894,0,High,international
TX0036279,C013657,2026-01-04 09:42:00,QC,Point of sale,Grocery,Everyday,10.47,0,1,77.8,669,5,13.5,9,0,2026-01-04,2025-12-29,0.19668671813313737,0,Low,combined behavioural signal
TX0041416,C000851,2026-01-04 09:43:00,QC,E-commerce,Grocery,Affluent,369.66,0,0,40.8,337,1,56.3,9,1,2026-01-04,2025-12-29,0.7528534560734721,1,Critical,combined behavioural signal
TX0009549,C009532,2026-01-04 09:49:00,QC,Point of sale,Grocery,Everyday,13.74,0,1,54.5,1570,2,9.0,9,0,2026-01-04,2025-12-29,0.17104703155971063,0,Low,combined behavioural signal
TX0026525,C008946,2026-01-04 09:50:00,BC,E-commerce,Fuel,Everyday,204.75,0,0,55.5,74,3,30.4,9,0,2026-01-04,2025-12-29,0.5462949320683106,0,High,new account
TX0035912,C003817,2026-01-04 09:52:00,ON,Point of sale,Grocery,New-to-bank,103.99,0,1,66.9,683,3,5.0,9,0,2026-01-04,2025-12-29,0.1889045634326816,0,Low,combined behavioural signal
TX0024083,C000872,2026-01-04 09:53:00,BC,E-commerce,Digital services,Student,65.06,0,0,86.7,591,5,57.5,9,0,2026-01-04,2025-12-29,0.6227960960242356,0,High,combined behavioural signal
TX0012472,C008845,2026-01-04 09:55:00,ON,ATM,Digital services,Everyday,7.68,0,0,67.6,1784,3,67.9,9,0,2026-01-04,2025-12-29,0.2973422422416947,0,Guarded,combined behavioural signal
TX0017572,C005034,2026-01-04 10:03:00,QC,Point of sale,Dining,Everyday,227.13,0,1,51.6,530,5,20.8,10,0,2026-01-04,2025-12-29,0.38485085098627464,0,Guarded,combined behavioural signal
TX0010100,C004598,2026-01-04 10:12:00,ON,Recurring,Dining,Affluent,14.16,0,0,79.3,1306,2,44.4,10,0,2026-01-04,2025-12-29,0.171132247190064,0,Low,combined behavioural signal
TX0029086,C006141,2026-01-04 10:14:00,QC,E-commerce,Other,Everyday,32.1,0,0,43.2,563,3,31.9,10,0,2026-01-04,2025-12-29,0.583443186217493,0,High,combined behavioural signal
TX0051287,C003920,2026-01-04 10:14:00,QC,Point of sale,Grocery,Everyday,130.47,0,1,94.9,2372,3,44.3,10,0,2026-01-04,2025-12-29,0.1824760796478188,0,Low,combined behavioural signal
TX0059418,C005113,2026-01-04 10:15:00,QC,E-commerce,Electronics,Small business,15.64,0,0,58.8,498,3,16.8,10,0,2026-01-04,2025-12-29,0.528798289174866,0,High,combined behavioural signal
TX0002530,C001559,2026-01-04 10:23:00,BC,Point of sale,Dining,Everyday,221.62,0,1,56.4,265,3,19.6,10,0,2026-01-04,2025-12-29,0.23963529008721102,0,Low,combined behavioural signal
TX0021360,C005260,2026-01-04 10:27:00,MB,Point of sale,Grocery,Everyday,34.84,0,1,91.9,2739,6,12.8,10,0,2026-01-04,2025-12-29,0.20619336527158302,0,Low,combined behavioural signal
TX0019041,C002932,2026-01-04 10:29:00,SK,Point of sale,Travel,Everyday,98.18,0,1,85.2,609,2,45.1,10,0,2026-01-04,2025-12-29,0.11903347542837933,0,Low,combined behavioural signal
TX0019394,C011437,2026-01-04 10:31:00,ON,Recurring,Digital services,Student,137.06,0,0,71.1,1363,4,143.5,10,0,2026-01-04,2025-12-29,0.5161078735444078,0,High,distance anomaly
TX0025554,C002942,2026-01-04 10:31:00,BC,Point of sale,Grocery,Everyday,17.83,0,1,72.9,804,3,47.1,10,0,2026-01-04,2025-12-29,0.15244038851313663,0,Low,combined behavioural signal
TX0058531,C010288,2026-01-04 10:40:00,AB,E-commerce,Digital services,Everyday,60.49,0,0,81.9,771,6,11.6,10,0,2026-01-04,2025-12-29,0.6459747700077648,1,High,combined behavioural signal
TX0043329,C000950,2026-01-04 10:41:00,ON,Point of sale,Dining,Affluent,74.16,0,1,67.7,1049,1,123.7,10,0,2026-01-04,2025-12-29,0.242987474667778,0,Low,distance anomaly
TX0010243,C001598,2026-01-04 11:02:00,BC,Point of sale,Other,New-to-bank,40.98,0,1,45.7,846,5,0.8,11,0,2026-01-04,2025-12-29,0.28542093371169514,0,Guarded,combined behavioural signal
TX0048167,C000018,2026-01-04 11:11:00,QC,E-commerce,Dining,Everyday,119.42,0,0,98.3,670,8,34.3,11,0,2026-01-04,2025-12-29,0.627770343084845,0,High,high velocity
TX0004088,C005869,2026-01-04 11:12:00,QC,Mobile wallet,Other,New-to-bank,294.04,0,0,88.1,211,2,13.3,11,0,2026-01-04,2025-12-29,0.35219507718659515,0,Guarded,combined behavioural signal
TX0025563,C009534,2026-01-04 11:22:00,BC,E-commerce,Cash,Affluent,399.62,1,0,91.0,1717,6,9.6,11,0,2026-01-04,2025-12-29,0.9451087310579716,1,Critical,international
TX0049340,C003501,2026-01-04 11:22:00,ON,Point of sale,Dining,Small business,36.71,0,1,44.7,544,7,2.7,11,0,2026-01-04,2025-12-29,0.30359767649209873,0,Guarded,combined behavioural signal
TX0038091,C011311,2026-01-04 11:39:00,BC,E-commerce,Dining,Everyday,151.79,0,0,74.4,2765,4,45.8,11,0,2026-01-04,2025-12-29,0.5590228936189505,0,High,combined behavioural signal
TX0046059,C012936,2026-01-04 11:57:00,AB,Point of sale,Other,Student,38.49,0,1,50.3,521,2,11.2,11,0,2026-01-04,2025-12-29,0.19937725326343547,0,Low,combined behavioural signal
TX0020992,C011579,2026-01-04 12:05:00,ON,Point of sale,Grocery,Affluent,348.36,0,1,67.9,1441,5,53.8,12,0,2026-01-04,2025-12-29,0.49304704018138973,0,Guarded,combined behavioural signal
TX0021637,C000349,2026-01-04 12:07:00,ON,Mobile wallet,Dining,Affluent,14.7,0,0,81.0,2452,2,116.5,12,0,2026-01-04,2025-12-29,0.36575854759324944,0,Guarded,combined behavioural signal
TX0021656,C013706,2026-01-04 12:07:00,QC,ATM,Grocery,New-to-bank,44.0,0,0,82.6,1453,4,14.2,12,0,2026-01-04,2025-12-29,0.18616943860170865,0,Low,combined behavioural signal
TX0010142,C013543,2026-01-04 12:13:00,BC,E-commerce,Grocery,Everyday,7.4,0,0,43.2,1135,4,4.8,12,0,2026-01-04,2025-12-29,0.5060604997295011,0,High,combined behavioural signal
TX0019772,C002150,2026-01-04 12:34:00,AB,Point of sale,Dining,Small business,25.83,0,1,77.4,1798,2,3.7,12,0,2026-01-04,2025-12-29,0.09919366044606738,0,Low,combined behavioural signal
TX0015911,C006350,2026-01-04 12:35:00,NS,E-commerce,Digital services,New-to-bank,133.29,0,0,91.9,3042,3,70.3,12,0,2026-01-04,2025-12-29,0.5620987129248723,0,High,combined behavioural signal
TX0054937,C004164,2026-01-04 12:36:00,ON,E-commerce,Dining,Everyday,81.05,1,0,51.3,994,6,32.7,12,0,2026-01-04,2025-12-29,0.932581384906912,1,Critical,international
TX0034626,C011136,2026-01-04 12:37:00,QC,Point of sale,Other,Student,36.24,0,1,66.4,637,2,24.2,12,0,2026-01-04,2025-12-29,0.16992144458426395,0,Low,combined behavioural signal
TX0058454,C002209,2026-01-04 12:44:00,QC,Point of sale,Fuel,Everyday,30.99,0,1,92.7,1728,3,17.8,12,0,2026-01-04,2025-12-29,0.11537593127615917,0,Low,combined behavioural signal
TX0045927,C007406,2026-01-04 12:53:00,ON,Point of sale,Dining,Student,28.38,0,1,53.5,885,2,50.3,12,0,2026-01-04,2025-12-29,0.18580368448202544,0,Low,combined behavioural signal
TX0038871,C010124,2026-01-04 12:56:00,ON,Point of sale,Fuel,Student,73.57,0,1,62.4,631,4,2.8,12,0,2026-01-04,2025-12-29,0.19204960234113758,0,Low,combined behavioural signal
TX0002979,C013777,2026-01-04 13:04:00,ON,Point of sale,Grocery,Everyday,14.2,0,1,100.0,611,1,8.1,13,0,2026-01-04,2025-12-29,0.05963082101621597,0,Low,combined behavioural signal
TX0022203,C013108,2026-01-04 13:07:00,ON,ATM,Other,Small business,32.58,0,0,77.4,994,5,0.8,13,0,2026-01-04,2025-12-29,0.17256603431814355,0,Low,combined behavioural signal
TX0037120,C004764,2026-01-04 13:08:00,ON,Recurring,Other,Small business,178.02,0,0,59.8,874,3,8.1,13,0,2026-01-04,2025-12-29,0.22317549048832033,0,Low,combined behavioural signal
TX0030784,C002703,2026-01-04 13:10:00,AB,E-commerce,Dining,Everyday,60.01,0,0,85.1,353,1,7.5,13,0,2026-01-04,2025-12-29,0.26391671861874616,0,Guarded,combined behavioural signal
TX0057731,C014566,2026-01-04 13:13:00,BC,E-commerce,Fuel,Everyday,9.87,0,0,76.1,3585,3,0.4,13,0,2026-01-04,2025-12-29,0.3473740994095116,0,Guarded,combined behavioural signal
TX0020084,C002747,2026-01-04 13:14:00,QC,Mobile wallet,Electronics,Everyday,126.41,0,0,90.7,683,3,141.2,13,0,2026-01-04,2025-12-29,0.5126337063237386,0,High,distance anomaly
TX0027295,C000886,2026-01-04 13:20:00,NB,Point of sale,Dining,Everyday,518.5,0,1,78.3,860,4,1.5,13,0,2026-01-04,2025-12-29,0.30959000134377396,0,Guarded,high amount
TX0015244,C008615,2026-01-04 13:21:00,ON,Mobile wallet,Grocery,Affluent,32.84,0,0,100.0,611,5,17.6,13,0,2026-01-04,2025-12-29,0.2930031489503506,0,Guarded,combined behavioural signal
TX0055329,C014507,2026-01-04 13:41:00,QC,Recurring,Grocery,Everyday,105.54,0,0,50.2,413,2,19.7,13,0,2026-01-04,2025-12-29,0.2132741981865081,0,Low,combined behavioural signal
TX0033315,C006463,2026-01-04 13:45:00,ON,Recurring,Digital services,Everyday,27.77,0,0,33.7,1030,3,12.1,13,0,2026-01-04,2025-12-29,0.3335297941297411,0,Guarded,low device trust
TX0044178,C007548,2026-01-04 13:47:00,ON,ATM,Other,Affluent,258.14,0,0,78.0,860,3,20.7,13,0,2026-01-04,2025-12-29,0.29474640717735556,0,Guarded,combined behavioural signal
TX0036382,C012544,2026-01-04 13:58:00,ON,Point of sale,Fuel,Everyday,88.33,0,1,53.4,1002,3,6.2,13,0,2026-01-04,2025-12-29,0.1821494415995112,0,Low,combined behavioural signal
TX0059484,C005089,2026-01-04 14:15:00,AB,Recurring,Other,New-to-bank,779.23,0,0,55.1,716,4,36.8,14,0,2026-01-04,2025-12-29,0.727057942924631,1,High,high amount
TX0042485,C007350,2026-01-04 14:22:00,AB,ATM,Digital services,Everyday,47.0,0,0,74.4,982,4,30.3,14,0,2026-01-04,2025-12-29,0.27273102025334145,0,Guarded,combined behavioural signal
TX0007595,C008708,2026-01-04 14:22:00,AB,E-commerce,Other,Everyday,133.65,0,0,68.6,479,4,29.9,14,0,2026-01-04,2025-12-29,0.5649575566540915,0,High,combined behavioural signal
TX0056507,C002536,2026-01-04 14:24:00,ON,Mobile wallet,Cash,Everyday,111.55,1,0,51.7,355,2,19.7,14,0,2026-01-04,2025-12-29,0.7381221373769726,1,High,international
TX0011967,C002064,2026-01-04 14:32:00,ON,Point of sale,Dining,Everyday,12.09,0,1,66.1,1166,5,0.1,14,0,2026-01-04,2025-12-29,0.18330336625398574,0,Low,combined behavioural signal
TX0023110,C001072,2026-01-04 14:32:00,ON,E-commerce,Electronics,Student,215.37,0,0,96.8,1711,2,4.8,14,0,2026-01-04,2025-12-29,0.4755802784977706,0,Guarded,combined behavioural signal
TX0005031,C014369,2026-01-04 14:36:00,QC,Point of sale,Dining,Everyday,12.96,0,1,42.4,1675,1,23.9,14,0,2026-01-04,2025-12-29,0.16098518364706554,0,Low,combined behavioural signal
TX0001035,C009727,2026-01-04 14:43:00,AB,Point of sale,Travel,Everyday,151.79,1,1,85.4,874,4,43.0,14,0,2026-01-04,2025-12-29,0.6257147451851922,0,High,international
TX0019016,C004285,2026-01-04 14:55:00,MB,Mobile wallet,Dining,Everyday,40.19,0,0,54.6,1065,2,25.8,14,0,2026-01-04,2025-12-29,0.2722395193654369,0,Guarded,combined behavioural signal
TX0037889,C009345,2026-01-04 14:58:00,QC,Recurring,Travel,Student,69.55,0,0,100.0,167,5,14.7,14,0,2026-01-04,2025-12-29,0.1542623531368378,0,Low,combined behavioural signal
TX0033973,C011355,2026-01-04 15:12:00,ON,E-commerce,Grocery,Everyday,37.71,0,0,84.6,825,3,26.3,15,0,2026-01-04,2025-12-29,0.3439992936917122,0,Guarded,combined behavioural signal
TX0041735,C005149,2026-01-04 15:20:00,AB,Mobile wallet,Cash,Student,67.68,0,0,72.7,443,5,105.3,15,0,2026-01-04,2025-12-29,0.45523552754845026,0,Guarded,combined behavioural signal
TX0009897,C007790,2026-01-04 15:23:00,QC,E-commerce,Digital services,Everyday,27.72,0,0,80.0,1035,5,38.8,15,0,2026-01-04,2025-12-29,0.5992113199879585,0,High,combined behavioural signal
TX0006609,C004379,2026-01-04 15:29:00,BC,E-commerce,Travel,New-to-bank,139.24,0,0,85.4,1027,5,33.2,15,0,2026-01-04,2025-12-29,0.47938405371317855,0,Guarded,combined behavioural signal
TX0051041,C004675,2026-01-04 15:39:00,ON,Recurring,Grocery,Small business,15.88,0,0,66.4,548,9,28.9,15,0,2026-01-04,2025-12-29,0.34035671913671683,0,Guarded,high velocity
TX0001303,C006987,2026-01-04 15:42:00,ON,E-commerce,Electronics,Everyday,76.84,0,0,74.2,2134,3,39.0,15,0,2026-01-04,2025-12-29,0.5565456084359336,0,High,combined behavioural signal
TX0009678,C008645,2026-01-04 15:49:00,AB,Point of sale,Other,Everyday,45.15,0,1,62.5,318,3,53.5,15,0,2026-01-04,2025-12-29,0.2097336381292248,0,Low,combined behavioural signal
TX0055788,C006029,2026-01-04 15:51:00,ON,Point of sale,Cash,Student,35.15,0,1,58.6,1544,4,8.6,15,0,2026-01-04,2025-12-29,0.18492496937306346,0,Low,combined behavioural signal
TX0044541,C004410,2026-01-04 15:52:00,QC,ATM,Digital services,Small business,62.47,0,0,39.1,322,1,24.8,15,0,2026-01-04,2025-12-29,0.22420806078958475,0,Low,combined behavioural signal
TX0029352,C014588,2026-01-04 16:00:00,NS,E-commerce,Dining,Everyday,13.44,0,0,96.4,2017,1,52.7,16,0,2026-01-04,2025-12-29,0.21074024785831127,0,Low,combined behavioural signal
TX0053115,C004379,2026-01-04 16:00:00,ON,Point of sale,Electronics,Affluent,97.61,0,1,97.5,810,3,3.6,16,0,2026-01-04,2025-12-29,0.18289451932623407,0,Low,combined behavioural signal
TX0044654,C000526,2026-01-04 16:06:00,AB,Mobile wallet,Grocery,Everyday,29.79,0,0,76.0,539,3,29.3,16,0,2026-01-04,2025-12-29,0.24933345071953228,0,Low,combined behavioural signal
TX0027416,C007306,2026-01-04 16:12:00,ON,E-commerce,Grocery,Everyday,18.66,0,0,76.1,487,9,22.3,16,0,2026-01-04,2025-12-29,0.6340819815052224,0,High,high velocity
TX0018127,C014800,2026-01-04 16:18:00,QC,Point of sale,Electronics,Everyday,13.37,0,1,27.8,446,7,196.9,16,0,2026-01-04,2025-12-29,0.7345290584621955,1,High,"low device trust, distance anomaly"
TX0035866,C002967,2026-01-04 16:22:00,ON,Point of sale,Other,Affluent,167.07,0,1,94.6,1502,6,1.9,16,0,2026-01-04,2025-12-29,0.2754800919067801,0,Guarded,combined behavioural signal
TX0046983,C000984,2026-01-04 16:35:00,NS,Point of sale,Travel,Everyday,109.71,0,1,36.0,884,5,36.9,16,0,2026-01-04,2025-12-29,0.2810002750840664,0,Guarded,combined behavioural signal
TX0031465,C003187,2026-01-04 16:36:00,QC,Point of sale,Grocery,Everyday,94.21,1,1,54.6,1490,4,5.0,16,0,2026-01-04,2025-12-29,0.6824135854571223,1,High,international
TX0057893,C000227,2026-01-04 16:36:00,ON,Point of sale,Digital services,Small business,57.46,0,1,85.4,2969,3,41.1,16,0,2026-01-04,2025-12-29,0.18489236811196685,0,Low,combined behavioural signal
TX0001381,C005698,2026-01-04 16:54:00,ON,Point of sale,Grocery,Student,38.1,0,1,71.6,618,3,6.7,16,0,2026-01-04,2025-12-29,0.13360027158326326,0,Low,combined behavioural signal
TX0051695,C012411,2026-01-04 16:59:00,AB,ATM,Electronics,Affluent,105.44,0,0,56.0,554,2,21.7,16,0,2026-01-04,2025-12-29,0.31038441899431224,0,Guarded,combined behavioural signal
TX0019328,C011346,2026-01-04 17:11:00,QC,Mobile wallet,Electronics,Small business,53.14,0,0,82.0,286,5,1.2,17,1,2026-01-04,2025-12-29,0.34121754219889733,0,Guarded,combined behavioural signal
TX0040132,C011076,2026-01-04 17:12:00,NB,Point of sale,Grocery,Everyday,423.6,0,1,88.2,691,2,102.7,17,0,2026-01-04,2025-12-29,0.24315221118459843,0,Low,combined behavioural signal
TX0057036,C002370,2026-01-04 17:18:00,SK,Point of sale,Other,New-to-bank,40.8,0,1,100.0,1183,3,25.2,17,0,2026-01-04,2025-12-29,0.10631336762251184,0,Low,combined behavioural signal
TX0041698,C007811,2026-01-04 17:27:00,QC,E-commerce,Dining,Small business,91.41,0,0,54.8,564,4,15.8,17,0,2026-01-04,2025-12-29,0.480066053346852,0,Guarded,combined behavioural signal
TX0011419,C011808,2026-01-04 17:29:00,NB,Mobile wallet,Fuel,Everyday,107.99,0,0,59.3,2715,5,69.2,17,0,2026-01-04,2025-12-29,0.43506676086482376,0,Guarded,combined behavioural signal
TX0032310,C007622,2026-01-04 17:33:00,ON,Point of sale,Grocery,Student,113.45,0,1,70.0,2325,1,0.5,17,0,2026-01-04,2025-12-29,0.12154243563225044,0,Low,combined behavioural signal
TX0028952,C013396,2026-01-04 17:44:00,ON,Mobile wallet,Fuel,Affluent,41.57,1,0,82.9,1108,3,52.2,17,0,2026-01-04,2025-12-29,0.7332226111918736,1,High,international
TX0001160,C014780,2026-01-04 17:47:00,ON,Point of sale,Digital services,Student,51.1,0,1,73.6,2394,3,11.9,17,0,2026-01-04,2025-12-29,0.2146705066576404,0,Low,combined behavioural signal
TX0021262,C008964,2026-01-04 17:54:00,ON,Point of sale,Digital services,Small business,36.99,0,1,52.3,731,1,95.1,17,0,2026-01-04,2025-12-29,0.2125347638010512,0,Low,combined behavioural signal
TX0007853,C001446,2026-01-04 18:01:00,BC,Point of sale,Dining,Everyday,129.44,0,1,89.0,984,2,53.7,18,0,2026-01-04,2025-12-29,0.11267557567307693,0,Low,combined behavioural signal
TX0019527,C001855,2026-01-04 18:08:00,ON,Point of sale,Digital services,Student,41.77,1,1,60.9,942,3,44.3,18,0,2026-01-04,2025-12-29,0.7049075665773258,1,High,international
TX0054608,C008754,2026-01-04 18:20:00,SK,Point of sale,Travel,Everyday,13.34,0,1,95.6,1470,4,8.0,18,0,2026-01-04,2025-12-29,0.08928986518825095,0,Low,combined behavioural signal
TX0052024,C005046,2026-01-04 18:26:00,QC,Point of sale,Dining,Everyday,48.68,0,1,62.8,204,6,11.2,18,0,2026-01-04,2025-12-29,0.23552600896225778,0,Low,combined behavioural signal
TX0008246,C001527,2026-01-04 18:33:00,AB,Point of sale,Electronics,Everyday,234.63,1,1,92.9,166,6,82.2,18,0,2026-01-04,2025-12-29,0.8328981803535436,1,Critical,international
TX0053550,C009136,2026-01-04 18:38:00,ON,Point of sale,Grocery,Everyday,128.49,0,1,100.0,409,2,13.1,18,0,2026-01-04,2025-12-29,0.08421798391140001,0,Low,combined behavioural signal
TX0024992,C003560,2026-01-04 18:44:00,ON,Recurring,Cash,Student,144.23,0,0,76.8,2252,5,33.0,18,1,2026-01-04,2025-12-29,0.252264191499783,0,Guarded,combined behavioural signal
TX0034485,C003699,2026-01-04 18:44:00,NS,ATM,Digital services,Everyday,49.34,0,0,74.8,671,5,6.4,18,0,2026-01-04,2025-12-29,0.20966981647725202,0,Low,combined behavioural signal
TX0013314,C012306,2026-01-04 18:47:00,ON,Point of sale,Grocery,Affluent,7.01,0,1,68.7,490,2,18.4,18,0,2026-01-04,2025-12-29,0.1293963967333485,0,Low,combined behavioural signal
TX0009913,C008341,2026-01-04 18:53:00,AB,Point of sale,Grocery,Everyday,143.69,0,1,58.4,677,5,43.4,18,0,2026-01-04,2025-12-29,0.3015304264545993,0,Guarded,combined behavioural signal
TX0004366,C003098,2026-01-04 18:57:00,BC,E-commerce,Cash,Small business,73.95,0,0,73.6,1004,3,26.5,18,0,2026-01-04,2025-12-29,0.3069028247964121,0,Guarded,combined behavioural signal
TX0007912,C000954,2026-01-04 18:59:00,BC,Point of sale,Other,Everyday,211.5,0,1,47.2,811,4,5.1,18,0,2026-01-04,2025-12-29,0.2827160357379118,0,Guarded,combined behavioural signal
TX0029115,C007140,2026-01-04 19:08:00,ON,Recurring,Dining,Affluent,51.82,0,0,84.8,1658,5,18.5,19,0,2026-01-04,2025-12-29,0.21121495369248527,0,Low,combined behavioural signal
TX0052943,C011017,2026-01-04 19:09:00,ON,E-commerce,Grocery,Everyday,169.46,0,0,100.0,473,2,19.2,19,0,2026-01-04,2025-12-29,0.2854637383081386,0,Guarded,combined behavioural signal
TX0013787,C010927,2026-01-04 19:14:00,QC,Point of sale,Fuel,Affluent,86.81,0,1,75.2,495,1,12.8,19,0,2026-01-04,2025-12-29,0.11404115831596101,0,Low,combined behavioural signal
TX0046445,C009433,2026-01-04 19:15:00,ON,Point of sale,Dining,New-to-bank,41.35,0,1,100.0,2194,1,94.7,19,0,2026-01-04,2025-12-29,0.09834352509595227,0,Low,combined behavioural signal
TX0016566,C014819,2026-01-04 19:18:00,BC,Point of sale,Cash,Affluent,30.79,0,1,86.8,820,4,2.8,19,0,2026-01-04,2025-12-29,0.11680948588541094,0,Low,combined behavioural signal
TX0032355,C009861,2026-01-04 19:25:00,ON,Recurring,Electronics,Small business,40.5,0,0,95.5,748,5,23.7,19,0,2026-01-04,2025-12-29,0.17996043023977173,0,Low,combined behavioural signal
TX0036044,C006995,2026-01-04 19:29:00,QC,Point of sale,Dining,Student,123.76,0,1,100.0,582,3,9.4,19,0,2026-01-04,2025-12-29,0.10876931949288637,0,Low,combined behavioural signal
TX0016860,C011908,2026-01-04 19:32:00,BC,E-commerce,Grocery,Student,306.32,1,0,57.9,1633,4,23.4,19,0,2026-01-04,2025-12-29,0.9261207251923594,1,Critical,international
TX0022495,C001280,2026-01-04 19:32:00,MB,Mobile wallet,Grocery,Everyday,115.52,0,0,43.3,1055,3,25.4,19,0,2026-01-04,2025-12-29,0.3730037764304087,0,Guarded,combined behavioural signal
TX0017720,C010641,2026-01-04 19:34:00,ON,ATM,Other,Everyday,379.46,0,0,64.5,1498,2,5.7,19,0,2026-01-04,2025-12-29,0.2705967013952417,0,Guarded,combined behavioural signal
TX0026555,C011109,2026-01-04 19:51:00,MB,E-commerce,Dining,Small business,21.46,1,0,68.6,2093,4,25.4,19,0,2026-01-04,2025-12-29,0.8159752116615208,1,Critical,international
TX0002267,C007908,2026-01-04 19:53:00,SK,Point of sale,Dining,Affluent,50.89,0,1,95.7,1295,3,50.7,19,0,2026-01-04,2025-12-29,0.13060798367486914,0,Low,combined behavioural signal
TX0046642,C012617,2026-01-04 20:01:00,SK,Point of sale,Electronics,Small business,207.77,0,1,84.5,1279,1,36.1,20,0,2026-01-04,2025-12-29,0.14409627880116352,0,Low,combined behavioural signal
TX0038069,C009352,2026-01-04 20:03:00,AB,Mobile wallet,Cash,New-to-bank,127.23,0,0,48.7,459,3,1.2,20,0,2026-01-04,2025-12-29,0.3258015352026504,0,Guarded,combined behavioural signal
TX0042862,C010294,2026-01-04 20:09:00,QC,E-commerce,Fuel,Everyday,17.37,0,0,42.2,2329,2,17.5,20,0,2026-01-04,2025-12-29,0.43144953847762874,0,Guarded,combined behavioural signal
TX0032177,C001601,2026-01-04 20:16:00,AB,Point of sale,Other,Everyday,29.27,0,1,100.0,1039,7,6.3,20,0,2026-01-04,2025-12-29,0.18299327262944073,0,Low,combined behavioural signal
TX0049625,C007473,2026-01-04 20:31:00,SK,Point of sale,Travel,New-to-bank,482.32,1,1,98.0,443,4,13.8,20,1,2026-01-04,2025-12-29,0.6788805745109451,1,High,international
TX0040230,C001120,2026-01-04 20:32:00,ON,Point of sale,Digital services,Everyday,38.49,0,1,79.5,321,2,42.3,20,0,2026-01-04,2025-12-29,0.1473886940736046,0,Low,combined behavioural signal
TX0000200,C014506,2026-01-04 20:34:00,ON,Mobile wallet,Digital services,Everyday,19.02,0,0,79.0,870,3,13.9,20,0,2026-01-04,2025-12-29,0.2733300927391479,0,Guarded,combined behavioural signal
TX0049860,C003217,2026-01-04 20:35:00,ON,E-commerce,Grocery,Everyday,22.13,0,0,76.9,487,6,3.1,20,0,2026-01-04,2025-12-29,0.4382306232021395,0,Guarded,combined behavioural signal
TX0010955,C002345,2026-01-04 20:37:00,QC,Point of sale,Grocery,Everyday,43.58,0,1,65.6,1198,3,45.7,20,0,2026-01-04,2025-12-29,0.16954155328209283,0,Low,combined behavioural signal
TX0015865,C005045,2026-01-04 20:44:00,ON,Point of sale,Grocery,Student,39.51,0,1,80.3,401,1,29.4,20,0,2026-01-04,2025-12-29,0.08377438879712987,0,Low,combined behavioural signal
TX0007394,C006354,2026-01-04 20:49:00,ON,E-commerce,Cash,New-to-bank,65.21,0,0,62.4,560,3,34.7,20,1,2026-01-04,2025-12-29,0.40826554340456445,0,Guarded,combined behavioural signal
TX0014533,C008210,2026-01-04 20:54:00,QC,Point of sale,Travel,New-to-bank,509.32,0,1,56.9,3302,5,51.4,20,0,2026-01-04,2025-12-29,0.5667429920931635,0,High,high amount
TX0015588,C006565,2026-01-04 21:02:00,QC,Recurring,Electronics,Everyday,40.7,0,0,85.7,322,3,17.2,21,0,2026-01-04,2025-12-29,0.16644240327632065,0,Low,combined behavioural signal
TX0005986,C010983,2026-01-04 21:09:00,QC,ATM,Cash,Student,179.17,0,0,56.9,951,6,30.1,21,0,2026-01-04,2025-12-29,0.3485171135436932,0,Guarded,combined behavioural signal
TX0024712,C003943,2026-01-04 21:13:00,QC,Mobile wallet,Digital services,Affluent,195.36,0,0,59.1,271,4,12.3,21,0,2026-01-04,2025-12-29,0.5615603835271773,0,High,combined behavioural signal
TX0050951,C003254,2026-01-04 21:15:00,QC,ATM,Dining,Everyday,27.46,0,0,87.5,481,4,12.8,21,0,2026-01-04,2025-12-29,0.11960161740288412,0,Low,combined behavioural signal
TX0016591,C010164,2026-01-04 21:22:00,AB,Point of sale,Other,Small business,14.61,0,1,41.4,450,5,81.8,21,0,2026-01-04,2025-12-29,0.3017775943314258,0,Guarded,combined behavioural signal
TX0038031,C012828,2026-01-04 21:23:00,ON,E-commerce,Digital services,Student,329.05,0,0,85.5,1403,3,24.7,21,0,2026-01-04,2025-12-29,0.6140901907269609,0,High,combined behavioural signal
TX0006781,C000210,2026-01-04 21:36:00,BC,Point of sale,Grocery,Small business,13.3,0,1,100.0,650,4,27.9,21,0,2026-01-04,2025-12-29,0.07432739101573858,0,Low,combined behavioural signal
TX0007434,C000037,2026-01-04 21:38:00,QC,E-commerce,Fuel,Small business,22.3,0,0,89.7,842,8,2.6,21,0,2026-01-04,2025-12-29,0.4448592973658668,0,Guarded,high velocity
TX0003004,C010999,2026-01-04 21:53:00,BC,Mobile wallet,Other,Everyday,125.2,0,0,100.0,967,4,6.6,21,0,2026-01-04,2025-12-29,0.21325399037425205,0,Low,combined behavioural signal
TX0006428,C002482,2026-01-04 21:55:00,NS,Point of sale,Cash,Affluent,306.41,0,1,70.8,78,2,23.8,21,0,2026-01-04,2025-12-29,0.17000175063904194,0,Low,new account
TX0029593,C014491,2026-01-04 21:57:00,ON,ATM,Grocery,Affluent,18.56,0,0,70.1,1706,5,31.9,21,0,2026-01-04,2025-12-29,0.23942269816197476,0,Low,combined behavioural signal
TX0013244,C000061,2026-01-04 22:00:00,BC,Recurring,Grocery,Everyday,36.82,0,0,69.2,1996,5,8.4,22,0,2026-01-04,2025-12-29,0.17760126911336785,0,Low,combined behavioural signal
TX0021970,C007305,2026-01-04 22:08:00,QC,Point of sale,Travel,Everyday,70.25,0,1,78.5,567,3,49.9,22,0,2026-01-04,2025-12-29,0.129209671618322,0,Low,combined behavioural signal
TX0004142,C013762,2026-01-04 22:16:00,AB,Mobile wallet,Travel,Small business,287.27,0,0,80.1,2074,6,0.7,22,0,2026-01-04,2025-12-29,0.40249398239645284,0,Guarded,combined behavioural signal
TX0015277,C005323,2026-01-04 22:18:00,AB,E-commerce,Electronics,Everyday,1336.99,0,0,83.6,873,3,94.6,22,0,2026-01-04,2025-12-29,0.9667687627376874,1,Critical,high amount
TX0046610,C012441,2026-01-04 22:22:00,ON,Point of sale,Other,New-to-bank,296.64,0,1,75.6,1867,7,46.6,22,0,2026-01-04,2025-12-29,0.44604652634670683,0,Guarded,combined behavioural signal
TX0017449,C014604,2026-01-04 22:39:00,ON,Point of sale,Electronics,Student,39.72,0,1,60.0,401,4,0.5,22,0,2026-01-04,2025-12-29,0.22398276673200093,0,Low,combined behavioural signal
TX0001274,C003369,2026-01-04 22:44:00,ON,Point of sale,Cash,Everyday,152.83,1,1,72.9,2130,3,3.1,22,0,2026-01-04,2025-12-29,0.5280746752254462,0,High,international
TX0052823,C013182,2026-01-04 22:44:00,QC,E-commerce,Electronics,Everyday,302.44,1,0,92.6,801,3,14.1,22,0,2026-01-04,2025-12-29,0.8944448611358213,1,Critical,international
TX0046087,C013627,2026-01-04 22:49:00,MB,E-commerce,Dining,Student,133.24,0,0,87.2,128,1,15.1,22,0,2026-01-04,2025-12-29,0.2497087984947707,0,Low,combined behavioural signal
TX0052809,C009005,2026-01-04 23:04:00,ON,Point of sale,Digital services,New-to-bank,101.68,0,1,78.7,300,2,38.6,23,0,2026-01-04,2025-12-29,0.16637976062773766,0,Low,unusual hour
TX0027496,C004049,2026-01-04 23:07:00,ON,Recurring,Travel,Everyday,181.51,0,0,36.0,1148,3,20.7,23,0,2026-01-04,2025-12-29,0.2535942956703177,0,Guarded,unusual hour
TX0033600,C010808,2026-01-04 23:18:00,NS,E-commerce,Cash,New-to-bank,40.16,0,0,72.7,1008,5,13.8,23,0,2026-01-04,2025-12-29,0.3612667862562442,0,Guarded,unusual hour
TX0003545,C005287,2026-01-04 23:20:00,QC,ATM,Fuel,Student,85.29,0,0,49.4,1281,2,3.6,23,0,2026-01-04,2025-12-29,0.15892662493878681,0,Low,unusual hour
TX0007720,C004490,2026-01-04 23:34:00,ON,Point of sale,Dining,Small business,31.27,0,1,45.4,388,5,73.9,23,0,2026-01-04,2025-12-29,0.23498534179296438,0,Low,unusual hour
TX0046959,C011001,2026-01-04 23:43:00,AB,Mobile wallet,Grocery,Everyday,3.08,0,0,77.8,2468,2,35.1,23,0,2026-01-04,2025-12-29,0.19855317491563346,0,Low,unusual hour
TX0042106,C000333,2026-01-04 23:44:00,ON,Recurring,Grocery,Student,32.86,0,0,97.2,1224,1,41.9,23,0,2026-01-04,2025-12-29,0.07449817847666351,0,Low,unusual hour
TX0040645,C010309,2026-01-04 23:53:00,AB,E-commerce,Dining,Student,15.95,0,0,82.9,538,3,25.5,23,0,2026-01-04,2025-12-29,0.31405189181736104,0,Guarded,unusual hour
TX0049019,C005529,2026-01-04 23:53:00,AB,Point of sale,Other,Small business,18.0,0,1,20.4,1168,2,52.8,23,0,2026-01-04,2025-12-29,0.22418694924157262,0,Low,"low device trust, unusual hour"
TX0017851,C012236,2026-01-04 23:59:00,BC,Point of sale,Cash,Small business,44.56,0,1,93.4,1542,2,49.9,23,0,2026-01-04,2025-12-29,0.062314693633221244,0,Low,unusual hour
TX0027369,C010203,2026-01-05 00:03:00,BC,Mobile wallet,Travel,Affluent,349.11,1,0,60.9,2133,4,18.8,0,0,2026-01-05,2026-01-05,0.9270812975792552,1,Critical,"international, unusual hour"
TX0036350,C008258,2026-01-05 00:09:00,ON,Point of sale,Fuel,Affluent,23.8,0,1,67.1,978,3,2.0,0,0,2026-01-05,2026-01-05,0.21081764308689413,0,Low,unusual hour
TX0012398,C002675,2026-01-05 00:11:00,ON,Mobile wallet,Digital services,Student,333.91,0,0,79.0,372,5,3.7,0,0,2026-01-05,2026-01-05,0.6663604408577481,1,High,unusual hour
TX0006945,C009538,2026-01-05 00:14:00,AB,Mobile wallet,Fuel,Small business,62.35,0,0,64.1,803,3,10.2,0,0,2026-01-05,2026-01-05,0.3176516359824411,0,Guarded,unusual hour
TX0024198,C004737,2026-01-05 00:14:00,ON,ATM,Fuel,Everyday,17.49,1,0,86.0,729,5,20.8,0,0,2026-01-05,2026-01-05,0.6453629694914363,1,High,"international, unusual hour"
TX0030082,C001863,2026-01-05 00:18:00,ON,Point of sale,Digital services,Everyday,56.57,0,1,71.8,1360,4,5.1,0,0,2026-01-05,2026-01-05,0.3073099850016889,0,Guarded,unusual hour
TX0040585,C004039,2026-01-05 00:32:00,ON,E-commerce,Fuel,Everyday,8.58,0,0,85.6,1762,4,3.9,0,0,2026-01-05,2026-01-05,0.4279119383324803,0,Guarded,unusual hour
TX0032245,C004910,2026-01-05 00:35:00,QC,Mobile wallet,Grocery,Student,27.13,0,0,100.0,331,4,22.0,0,0,2026-01-05,2026-01-05,0.2965005816330411,0,Guarded,unusual hour
TX0025798,C002315,2026-01-05 00:39:00,ON,E-commerce,Other,Affluent,13.36,0,0,66.8,1325,3,11.9,0,0,2026-01-05,2026-01-05,0.5716180898923989,0,High,unusual hour
TX0048141,C000452,2026-01-05 00:42:00,BC,Point of sale,Electronics,Student,40.06,0,1,49.0,1584,3,8.0,0,0,2026-01-05,2026-01-05,0.3385048440105917,0,Guarded,unusual hour
TX0005523,C006828,2026-01-05 00:49:00,BC,E-commerce,Travel,Small business,14.71,0,0,100.0,748,6,59.3,0,0,2026-01-05,2026-01-05,0.4562467922177069,0,Guarded,unusual hour
TX0048265,C003080,2026-01-05 00:52:00,BC,ATM,Travel,Everyday,339.14,0,0,72.2,525,1,42.3,0,0,2026-01-05,2026-01-05,0.24525079368310748,0,Low,unusual hour
TX0039356,C014082,2026-01-05 00:55:00,QC,ATM,Grocery,Student,31.22,0,0,82.2,1367,4,40.8,0,0,2026-01-05,2026-01-05,0.2568104998722572,0,Guarded,unusual hour
TX0004996,C014386,2026-01-05 01:03:00,MB,E-commerce,Grocery,Everyday,23.03,0,0,75.5,289,6,20.6,1,0,2026-01-05,2026-01-05,0.5789619702908794,0,High,unusual hour
TX0036402,C008471,2026-01-05 01:08:00,ON,Recurring,Cash,Everyday,36.0,0,0,67.1,863,4,7.0,1,0,2026-01-05,2026-01-05,0.21611905304367898,0,Low,unusual hour
TX0042863,C013055,2026-01-05 01:15:00,ON,E-commerce,Travel,Student,48.15,1,0,100.0,670,2,7.5,1,0,2026-01-05,2026-01-05,0.7488407543642652,1,High,"international, unusual hour"
TX0047774,C014828,2026-01-05 01:23:00,ON,Point of sale,Fuel,New-to-bank,121.95,0,1,80.3,119,1,43.9,1,0,2026-01-05,2026-01-05,0.15070644856936188,0,Low,unusual hour
TX0059950,C008602,2026-01-05 01:40:00,ON,Point of sale,Dining,Everyday,79.84,0,1,85.5,1414,4,71.3,1,0,2026-01-05,2026-01-05,0.25005587891085174,0,Guarded,unusual hour
TX0055216,C008832,2026-01-05 01:47:00,QC,Point of sale,Electronics,Everyday,77.75,0,1,75.7,916,4,34.3,1,0,2026-01-05,2026-01-05,0.34839959728766806,0,Guarded,unusual hour
TX0019164,C011482,2026-01-05 01:48:00,ON,Point of sale,Grocery,Everyday,40.39,0,1,85.6,1515,3,10.7,1,0,2026-01-05,2026-01-05,0.15614812207212492,0,Low,unusual hour
TX0022359,C005204,2026-01-05 01:51:00,SK,ATM,Other,New-to-bank,96.29,0,0,89.8,278,7,13.5,1,0,2026-01-05,2026-01-05,0.3310127304127829,0,Guarded,unusual hour
TX0034005,C007279,2026-01-05 01:59:00,NB,Point of sale,Grocery,Everyday,74.11,0,1,77.9,416,4,14.3,1,0,2026-01-05,2026-01-05,0.1743458487663598,0,Low,unusual hour
TX0025159,C004247,2026-01-05 02:11:00,ON,Mobile wallet,Grocery,New-to-bank,26.86,0,0,81.6,1176,4,7.8,2,0,2026-01-05,2026-01-05,0.3260390405742258,0,Guarded,unusual hour
TX0053875,C014990,2026-01-05 02:15:00,ON,ATM,Electronics,Affluent,176.91,0,0,82.9,551,4,17.1,2,0,2026-01-05,2026-01-05,0.401520872352431,0,Guarded,unusual hour
TX0036296,C000525,2026-01-05 02:20:00,QC,ATM,Dining,Small business,17.91,0,0,45.3,1069,4,25.2,2,0,2026-01-05,2026-01-05,0.28125752510368013,0,Guarded,unusual hour
TX0017247,C012436,2026-01-05 02:22:00,ON,Point of sale,Dining,Student,96.97,0,1,71.3,537,4,9.6,2,0,2026-01-05,2026-01-05,0.23429315285381863,0,Low,unusual hour
TX0050523,C007523,2026-01-05 02:24:00,ON,E-commerce,Fuel,Small business,108.79,0,0,60.4,623,7,82.4,2,0,2026-01-05,2026-01-05,0.7434870255882375,1,High,unusual hour
TX0059582,C013558,2026-01-05 02:33:00,QC,E-commerce,Dining,Student,17.8,0,0,99.3,847,4,47.8,2,0,2026-01-05,2026-01-05,0.46086068731939717,0,Guarded,unusual hour
TX0022179,C000711,2026-01-05 02:43:00,BC,Mobile wallet,Electronics,Student,355.27,0,0,66.5,2233,5,55.6,2,0,2026-01-05,2026-01-05,0.7740482212935476,1,Critical,unusual hour
TX0024407,C000529,2026-01-05 02:44:00,NS,ATM,Fuel,Everyday,73.58,0,0,57.4,836,6,21.8,2,0,2026-01-05,2026-01-05,0.30755664530580995,0,Guarded,unusual hour
TX0045342,C004052,2026-01-05 02:50:00,BC,Point of sale,Fuel,Everyday,15.14,0,1,63.2,555,3,6.6,2,0,2026-01-05,2026-01-05,0.15660945222338243,0,Low,unusual hour
TX0048760,C007001,2026-01-05 02:55:00,ON,Recurring,Other,New-to-bank,19.89,0,0,66.4,457,7,103.2,2,0,2026-01-05,2026-01-05,0.5082198215346065,0,High,unusual hour
TX0045395,C004063,2026-01-05 02:58:00,ON,Point of sale,Digital services,Everyday,4.99,0,1,63.8,2741,3,39.9,2,0,2026-01-05,2026-01-05,0.3156610213838094,0,Guarded,unusual hour
TX0034667,C010994,2026-01-05 03:00:00,QC,Mobile wallet,Grocery,Everyday,125.52,0,0,49.7,1010,3,82.3,3,0,2026-01-05,2026-01-05,0.5529004746704919,0,High,unusual hour
TX0028711,C012294,2026-01-05 03:02:00,ON,Point of sale,Dining,Student,180.85,0,1,100.0,335,4,20.2,3,0,2026-01-05,2026-01-05,0.1964435140781253,0,Low,unusual hour
TX0039472,C003082,2026-01-05 03:03:00,BC,Point of sale,Dining,Student,63.97,0,1,74.7,2429,2,7.2,3,0,2026-01-05,2026-01-05,0.15463516204901606,0,Low,unusual hour
TX0033497,C013338,2026-01-05 03:08:00,AB,Point of sale,Digital services,Student,146.34,0,1,60.8,2196,3,16.0,3,0,2026-01-05,2026-01-05,0.3972714283631182,0,Guarded,unusual hour
TX0017283,C011447,2026-01-05 03:09:00,QC,Mobile wallet,Digital services,New-to-bank,151.9,0,0,52.5,1125,3,11.6,3,0,2026-01-05,2026-01-05,0.590910617468257,0,High,unusual hour
TX0059843,C014317,2026-01-05 03:22:00,QC,Point of sale,Dining,Small business,91.36,0,1,65.9,973,7,64.7,3,0,2026-01-05,2026-01-05,0.4080134541741439,0,Guarded,unusual hour
TX0017212,C007396,2026-01-05 03:36:00,BC,Point of sale,Digital services,Student,23.6,0,1,81.1,1914,4,22.8,3,0,2026-01-05,2026-01-05,0.26878789780265444,0,Guarded,unusual hour
TX0032549,C013914,2026-01-05 03:38:00,QC,E-commerce,Dining,Small business,91.1,0,0,90.1,523,7,48.3,3,0,2026-01-05,2026-01-05,0.6168676302474966,0,High,unusual hour
TX0045773,C005105,2026-01-05 03:39:00,ON,ATM,Dining,New-to-bank,881.27,0,0,99.0,1641,3,108.7,3,1,2026-01-05,2026-01-05,0.6938618689742454,1,High,"high amount, unusual hour"
TX0027318,C008663,2026-01-05 03:44:00,BC,Point of sale,Dining,Everyday,1.85,0,1,52.3,767,4,26.7,3,0,2026-01-05,2026-01-05,0.232025617340239,0,Low,unusual hour
TX0035932,C010478,2026-01-05 03:57:00,ON,Point of sale,Cash,Student,190.23,0,1,60.8,1272,3,12.1,3,0,2026-01-05,2026-01-05,0.26453331076914166,0,Guarded,unusual hour
TX0055009,C013944,2026-01-05 03:59:00,MB,Point of sale,Travel,Student,115.33,0,1,32.2,624,5,25.0,3,0,2026-01-05,2026-01-05,0.41214250635336624,0,Guarded,"low device trust, unusual hour"
TX0058619,C010586,2026-01-05 04:07:00,QC,Point of sale,Travel,Everyday,51.55,0,1,89.4,1392,4,4.8,4,0,2026-01-05,2026-01-05,0.16006877213690657,0,Low,unusual hour
TX0023453,C011309,2026-01-05 04:20:00,AB,E-commerce,Grocery,New-to-bank,15.12,0,0,85.6,1159,4,55.6,4,0,2026-01-05,2026-01-05,0.5208759697851021,0,High,unusual hour
TX0016588,C000414,2026-01-05 04:21:00,QC,E-commerce,Travel,Small business,19.23,0,0,94.2,1806,3,25.0,4,0,2026-01-05,2026-01-05,0.33347601116946,0,Guarded,unusual hour
TX0039059,C013285,2026-01-05 04:22:00,BC,E-commerce,Digital services,Everyday,83.76,0,0,61.8,1079,3,1.1,4,0,2026-01-05,2026-01-05,0.584026473251746,0,High,unusual hour
TX0039967,C007705,2026-01-05 04:24:00,QC,Point of sale,Grocery,New-to-bank,91.31,0,1,100.0,1274,5,2.6,4,0,2026-01-05,2026-01-05,0.20224596277216203,0,Low,unusual hour
TX0053919,C004256,2026-01-05 04:32:00,ON,Recurring,Grocery,Everyday,688.15,0,0,65.3,125,4,25.8,4,0,2026-01-05,2026-01-05,0.6159064847614908,0,High,"high amount, unusual hour"
TX0043191,C013243,2026-01-05 04:34:00,BC,E-commerce,Grocery,Student,46.99,0,0,50.6,1337,5,8.4,4,0,2026-01-05,2026-01-05,0.6244908299526052,0,High,unusual hour
TX0059110,C008245,2026-01-05 04:39:00,SK,Point of sale,Grocery,Student,86.89,0,1,38.8,535,2,10.2,4,0,2026-01-05,2026-01-05,0.23809321601970723,0,Low,unusual hour
TX0045458,C005070,2026-01-05 04:42:00,SK,Point of sale,Other,Everyday,240.61,1,1,74.7,1236,2,8.9,4,0,2026-01-05,2026-01-05,0.6693394050942464,1,High,"international, unusual hour"
TX0050793,C001202,2026-01-05 04:55:00,AB,Point of sale,Digital services,Affluent,43.22,0,1,59.5,1268,3,0.9,4,0,2026-01-05,2026-01-05,0.34461935686029477,0,Guarded,unusual hour
TX0044391,C004901,2026-01-05 04:57:00,ON,Point of sale,Grocery,New-to-bank,114.56,0,1,67.0,648,3,20.1,4,0,2026-01-05,2026-01-05,0.22656429579646853,0,Low,unusual hour
TX0036089,C003664,2026-01-05 05:00:00,BC,Point of sale,Fuel,Affluent,41.49,0,1,37.6,533,3,23.0,5,0,2026-01-05,2026-01-05,0.2801999676789098,0,Guarded,combined behavioural signal
TX0019605,C009413,2026-01-05 05:02:00,QC,Mobile wallet,Grocery,Affluent,50.71,0,0,91.8,2317,3,4.2,5,0,2026-01-05,2026-01-05,0.3199102488017156,0,Guarded,combined behavioural signal
TX0008186,C001644,2026-01-05 05:04:00,AB,Point of sale,Electronics,Everyday,121.19,0,1,93.0,1073,5,23.6,5,0,2026-01-05,2026-01-05,0.3209617972741945,0,Guarded,combined behavioural signal
TX0037803,C006256,2026-01-05 05:17:00,ON,Mobile wallet,Electronics,Everyday,35.07,0,0,65.4,461,6,37.8,5,0,2026-01-05,2026-01-05,0.5868647769792037,0,High,combined behavioural signal
TX0027149,C002269,2026-01-05 05:17:00,ON,Recurring,Dining,Everyday,107.65,0,0,72.6,1721,3,152.2,5,0,2026-01-05,2026-01-05,0.36311088152233706,0,Guarded,distance anomaly
TX0026836,C009100,2026-01-05 05:25:00,ON,Point of sale,Grocery,Small business,68.61,0,1,98.3,247,1,42.9,5,0,2026-01-05,2026-01-05,0.08273642650229944,0,Low,combined behavioural signal
TX0036169,C009078,2026-01-05 05:25:00,QC,Mobile wallet,Grocery,Student,74.06,0,0,69.0,854,1,52.5,5,0,2026-01-05,2026-01-05,0.31658510795427414,0,Guarded,combined behavioural signal
TX0005857,C005374,2026-01-05 05:30:00,QC,ATM,Grocery,Everyday,8.15,0,0,69.2,1775,6,36.4,5,0,2026-01-05,2026-01-05,0.32975033039852775,0,Guarded,combined behavioural signal
TX0052053,C014249,2026-01-05 05:32:00,ON,Mobile wallet,Dining,Everyday,187.53,0,0,64.5,272,5,16.2,5,0,2026-01-05,2026-01-05,0.48840502680122766,0,Guarded,combined behavioural signal
TX0031228,C009908,2026-01-05 05:34:00,MB,Recurring,Dining,Small business,13.9,0,0,54.8,635,3,8.4,5,0,2026-01-05,2026-01-05,0.1739117662399314,0,Low,combined behavioural signal
TX0052259,C014802,2026-01-05 05:34:00,AB,Point of sale,Fuel,Student,99.84,0,1,98.0,925,8,104.5,5,0,2026-01-05,2026-01-05,0.419899444257482,0,Guarded,high velocity
TX0020145,C009060,2026-01-05 05:42:00,MB,Point of sale,Travel,Student,296.45,0,1,68.1,896,5,28.5,5,0,2026-01-05,2026-01-05,0.383414024723807,0,Guarded,combined behavioural signal
TX0020679,C008306,2026-01-05 05:59:00,AB,Point of sale,Other,Affluent,65.95,0,1,62.1,1182,6,0.1,5,0,2026-01-05,2026-01-05,0.4040575721229893,0,Guarded,combined behavioural signal
TX0042313,C006568,2026-01-05 06:02:00,SK,Point of sale,Cash,Everyday,14.84,0,1,62.8,1195,2,31.6,6,0,2026-01-05,2026-01-05,0.1428217430958513,0,Low,combined behavioural signal
TX0012392,C002583,2026-01-05 06:05:00,QC,Point of sale,Other,Everyday,116.29,0,1,29.6,907,5,7.7,6,0,2026-01-05,2026-01-05,0.45064461810663453,0,Guarded,low device trust
TX0035984,C001327,2026-01-05 06:06:00,ON,Point of sale,Dining,Everyday,185.2,0,1,92.2,962,9,14.4,6,1,2026-01-05,2026-01-05,0.39692321260260566,0,Guarded,high velocity
TX0059570,C012936,2026-01-05 06:13:00,AB,ATM,Grocery,Small business,103.16,0,0,54.9,2007,3,6.2,6,0,2026-01-05,2026-01-05,0.23378602060491868,0,Low,combined behavioural signal
TX0035295,C002676,2026-01-05 06:16:00,ON,Mobile wallet,Other,New-to-bank,58.26,0,0,92.7,1533,6,92.5,6,0,2026-01-05,2026-01-05,0.5176573353227358,0,High,combined behavioural signal
TX0026059,C002251,2026-01-05 06:29:00,NS,Point of sale,Electronics,Small business,132.06,0,1,47.6,827,4,17.9,6,0,2026-01-05,2026-01-05,0.3231545771811745,0,Guarded,combined behavioural signal
TX0047597,C001691,2026-01-05 06:30:00,ON,E-commerce,Travel,Affluent,634.88,0,0,29.4,147,4,63.8,6,0,2026-01-05,2026-01-05,0.9213100508841406,1,Critical,"low device trust, high amount"
TX0007690,C005917,2026-01-05 06:34:00,SK,Point of sale,Electronics,Everyday,723.04,0,1,62.2,1995,4,6.5,6,0,2026-01-05,2026-01-05,0.7075739721905429,1,High,high amount
TX0029903,C008492,2026-01-05 06:38:00,ON,Point of sale,Dining,Everyday,16.28,1,1,81.3,801,3,10.8,6,0,2026-01-05,2026-01-05,0.5162761776415211,0,High,international
TX0022574,C002439,2026-01-05 06:40:00,QC,E-commerce,Grocery,New-to-bank,259.27,0,0,86.0,365,7,35.7,6,0,2026-01-05,2026-01-05,0.7463300517218275,1,High,combined behavioural signal
TX0035855,C009669,2026-01-05 07:05:00,BC,E-commerce,Dining,New-to-bank,118.98,0,0,76.6,1450,2,5.0,7,0,2026-01-05,2026-01-05,0.3958325593363467,0,Guarded,combined behavioural signal
TX0008561,C005908,2026-01-05 07:07:00,QC,Mobile wallet,Dining,Everyday,21.85,0,0,63.7,515,3,8.7,7,0,2026-01-05,2026-01-05,0.3035894173164518,0,Guarded,combined behavioural signal
TX0030161,C013330,2026-01-05 07:11:00,NS,Point of sale,Digital services,Student,37.27,0,1,78.3,1760,2,68.5,7,0,2026-01-05,2026-01-05,0.21285165179509885,0,Low,combined behavioural signal
TX0016135,C005384,2026-01-05 07:37:00,ON,Point of sale,Dining,New-to-bank,46.26,0,1,94.8,885,4,97.3,7,0,2026-01-05,2026-01-05,0.21199666942157505,0,Low,combined behavioural signal
TX0005799,C007594,2026-01-05 07:52:00,NB,Recurring,Digital services,Everyday,155.84,1,0,37.5,778,3,33.4,7,0,2026-01-05,2026-01-05,0.8264075925870916,1,Critical,international
TX0007621,C008342,2026-01-05 07:54:00,ON,Point of sale,Travel,Everyday,120.36,0,1,91.6,148,2,100.8,7,0,2026-01-05,2026-01-05,0.16051808968675177,0,Low,combined behavioural signal
TX0009738,C001944,2026-01-05 07:58:00,ON,Point of sale,Fuel,Everyday,106.42,0,1,84.2,1816,3,143.0,7,0,2026-01-05,2026-01-05,0.269644384414494,0,Guarded,distance anomaly
TX0053585,C011510,2026-01-05 08:05:00,NB,ATM,Cash,Student,78.11,0,0,100.0,421,3,6.8,8,0,2026-01-05,2026-01-05,0.0922165407995928,0,Low,combined behavioural signal
TX0038597,C010556,2026-01-05 08:09:00,QC,Point of sale,Digital services,Student,41.1,0,1,83.6,486,4,9.0,8,0,2026-01-05,2026-01-05,0.2447180531248508,0,Low,combined behavioural signal
TX0058205,C002062,2026-01-05 08:13:00,AB,Mobile wallet,Digital services,Everyday,188.37,0,0,76.7,1051,5,52.0,8,0,2026-01-05,2026-01-05,0.6173293168607021,0,High,combined behavioural signal
TX0013692,C000724,2026-01-05 08:16:00,ON,Mobile wallet,Travel,Everyday,26.22,1,0,75.9,1437,4,21.1,8,0,2026-01-05,2026-01-05,0.7459726805490996,1,High,international
TX0053124,C003140,2026-01-05 08:18:00,ON,ATM,Grocery,Everyday,18.13,0,0,82.4,399,1,18.2,8,0,2026-01-05,2026-01-05,0.09607697666015327,0,Low,combined behavioural signal
TX0056964,C007579,2026-01-05 08:27:00,NS,Point of sale,Fuel,Everyday,239.37,0,1,37.7,2212,6,10.8,8,0,2026-01-05,2026-01-05,0.4371338057486687,0,Guarded,combined behavioural signal
TX0004241,C002911,2026-01-05 08:28:00,AB,E-commerce,Electronics,Everyday,355.99,0,0,65.7,751,3,40.5,8,0,2026-01-05,2026-01-05,0.7730327758291603,1,Critical,combined behavioural signal
TX0042631,C010542,2026-01-05 08:28:00,NS,E-commerce,Dining,Everyday,21.17,0,0,46.4,1016,2,15.3,8,0,2026-01-05,2026-01-05,0.40392843211992524,0,Guarded,combined behavioural signal
TX0021923,C006090,2026-01-05 08:41:00,ON,Point of sale,Cash,Everyday,86.92,0,1,62.4,1033,6,33.3,8,0,2026-01-05,2026-01-05,0.3064215108053423,0,Guarded,combined behavioural signal
TX0042151,C009583,2026-01-05 08:45:00,QC,ATM,Digital services,Small business,69.76,0,0,100.0,1090,3,7.2,8,0,2026-01-05,2026-01-05,0.1609304760163714,0,Low,combined behavioural signal
TX0052273,C006225,2026-01-05 08:51:00,AB,Mobile wallet,Dining,Everyday,120.78,0,0,60.7,414,5,40.2,8,1,2026-01-05,2026-01-05,0.49666529890313754,0,Guarded,combined behavioural signal
TX0011751,C004771,2026-01-05 08:57:00,ON,Mobile wallet,Fuel,Everyday,284.12,0,0,41.9,369,4,130.8,8,0,2026-01-05,2026-01-05,0.7008937349606859,1,High,distance anomaly
TX0003734,C004899,2026-01-05 09:03:00,QC,Point of sale,Grocery,Student,36.35,0,1,79.7,365,4,90.5,9,0,2026-01-05,2026-01-05,0.24792670429111013,0,Low,combined behavioural signal
TX0032141,C012980,2026-01-05 09:09:00,QC,Point of sale,Dining,Everyday,53.36,0,1,51.9,473,4,54.4,9,0,2026-01-05,2026-01-05,0.2872409251089829,0,Guarded,combined behavioural signal
TX0015220,C004005,2026-01-05 09:10:00,ON,E-commerce,Fuel,New-to-bank,59.39,0,0,75.0,2072,7,33.4,9,0,2026-01-05,2026-01-05,0.650073960625787,1,High,combined behavioural signal
TX0051420,C003116,2026-01-05 09:10:00,BC,Point of sale,Fuel,Small business,238.44,0,1,54.5,399,5,30.2,9,0,2026-01-05,2026-01-05,0.30535828762311595,0,Guarded,combined behavioural signal
TX0033879,C002365,2026-01-05 09:13:00,BC,ATM,Grocery,Student,76.89,0,0,49.1,663,3,5.6,9,0,2026-01-05,2026-01-05,0.2200411594217186,0,Low,combined behavioural signal
TX0018427,C005089,2026-01-05 09:43:00,ON,Recurring,Grocery,Everyday,76.85,0,0,98.6,2130,5,62.3,9,0,2026-01-05,2026-01-05,0.2347114678349545,0,Low,combined behavioural signal
TX0052683,C003279,2026-01-05 09:47:00,NS,Point of sale,Grocery,Student,31.85,0,1,49.9,2651,4,0.1,9,0,2026-01-05,2026-01-05,0.2200758009803926,0,Low,combined behavioural signal
TX0041414,C009946,2026-01-05 09:53:00,QC,E-commerce,Cash,Everyday,27.79,0,0,61.5,1558,2,8.7,9,0,2026-01-05,2026-01-05,0.39745343152001816,0,Guarded,combined behavioural signal
TX0003621,C009272,2026-01-05 09:54:00,AB,E-commerce,Travel,New-to-bank,1802.06,0,0,100.0,390,5,10.3,9,0,2026-01-05,2026-01-05,0.982654691491937,1,Critical,high amount
TX0005767,C014280,2026-01-05 10:01:00,QC,ATM,Grocery,Everyday,347.33,0,0,100.0,1845,2,9.6,10,0,2026-01-05,2026-01-05,0.19944045672746039,0,Low,combined behavioural signal
TX0008605,C009983,2026-01-05 10:01:00,QC,ATM,Other,Everyday,23.66,0,0,87.9,1120,2,86.0,10,0,2026-01-05,2026-01-05,0.17606545702473086,0,Low,combined behavioural signal
TX0052241,C011521,2026-01-05 10:19:00,ON,E-commerce,Digital services,New-to-bank,34.12,0,0,22.9,436,3,9.4,10,0,2026-01-05,2026-01-05,0.6961374607272555,1,High,low device trust
TX0011164,C003988,2026-01-05 10:21:00,SK,Mobile wallet,Electronics,Student,105.46,0,0,78.8,841,3,58.4,10,0,2026-01-05,2026-01-05,0.4393366140186564,0,Guarded,combined behavioural signal
TX0006319,C014288,2026-01-05 10:30:00,ON,E-commerce,Cash,New-to-bank,57.92,0,0,98.5,894,2,18.5,10,0,2026-01-05,2026-01-05,0.27554804293841473,0,Guarded,combined behavioural signal
TX0033495,C004481,2026-01-05 10:33:00,ON,ATM,Dining,Everyday,425.87,0,0,45.2,676,4,34.4,10,0,2026-01-05,2026-01-05,0.49942761186171636,0,Guarded,combined behavioural signal
TX0039855,C002224,2026-01-05 10:45:00,QC,E-commerce,Travel,New-to-bank,85.76,0,0,79.4,818,3,23.4,10,0,2026-01-05,2026-01-05,0.4296474973212506,0,Guarded,combined behavioural signal
TX0054870,C007270,2026-01-05 10:47:00,ON,Point of sale,Grocery,Small business,15.86,0,1,68.6,818,3,14.1,10,0,2026-01-05,2026-01-05,0.12853400109851892,0,Low,combined behavioural signal
TX0025897,C010915,2026-01-05 10:56:00,QC,Point of sale,Fuel,Everyday,16.69,0,1,92.9,1657,3,20.5,10,0,2026-01-05,2026-01-05,0.11745024034728943,0,Low,combined behavioural signal
TX0047989,C008280,2026-01-05 11:02:00,ON,E-commerce,Grocery,New-to-bank,65.77,0,0,75.3,464,1,2.2,11,0,2026-01-05,2026-01-05,0.30810392608500914,0,Guarded,combined behavioural signal
TX0000101,C008783,2026-01-05 11:05:00,BC,ATM,Dining,Everyday,120.72,0,0,83.3,3158,8,48.0,11,0,2026-01-05,2026-01-05,0.39141058352178815,0,Guarded,high velocity
TX0005046,C012116,2026-01-05 11:10:00,NS,Point of sale,Dining,Everyday,24.74,0,1,52.5,706,5,25.7,11,0,2026-01-05,2026-01-05,0.21727765324972362,0,Low,combined behavioural signal
TX0054255,C014579,2026-01-05 11:20:00,ON,Point of sale,Dining,Everyday,48.3,0,1,97.3,614,4,25.8,11,0,2026-01-05,2026-01-05,0.1278580454730827,0,Low,combined behavioural signal
TX0022137,C011903,2026-01-05 11:21:00,MB,ATM,Other,Affluent,53.7,0,0,72.5,526,1,31.8,11,0,2026-01-05,2026-01-05,0.1643776402716848,0,Low,combined behavioural signal
TX0017562,C002980,2026-01-05 11:32:00,BC,Mobile wallet,Cash,Affluent,126.99,0,0,84.7,1014,3,91.6,11,0,2026-01-05,2026-01-05,0.37329013018057305,0,Guarded,combined behavioural signal
TX0056219,C003930,2026-01-05 11:34:00,BC,Point of sale,Digital services,New-to-bank,192.09,0,1,81.8,899,3,20.5,11,0,2026-01-05,2026-01-05,0.2548881404896417,0,Guarded,combined behavioural signal
TX0027714,C009881,2026-01-05 11:39:00,ON,E-commerce,Cash,Everyday,220.29,0,0,96.6,410,3,58.6,11,0,2026-01-05,2026-01-05,0.43935523860046866,0,Guarded,combined behavioural signal
TX0032606,C008722,2026-01-05 11:40:00,ON,Recurring,Fuel,Student,47.47,0,0,50.2,505,5,73.0,11,0,2026-01-05,2026-01-05,0.35023351410794923,0,Guarded,combined behavioural signal
TX0003634,C002874,2026-01-05 11:43:00,ON,Point of sale,Fuel,Affluent,163.32,0,1,38.4,485,3,23.9,11,0,2026-01-05,2026-01-05,0.3295204684928902,0,Guarded,combined behavioural signal
TX0023263,C009599,2026-01-05 11:44:00,AB,Recurring,Dining,Affluent,93.98,0,0,69.4,168,4,3.5,11,0,2026-01-05,2026-01-05,0.2539245226236792,0,Guarded,combined behavioural signal
TX0010011,C013513,2026-01-05 11:48:00,AB,E-commerce,Other,New-to-bank,341.75,1,0,69.7,2070,4,56.8,11,0,2026-01-05,2026-01-05,0.9580518482271584,1,Critical,international
TX0037273,C000728,2026-01-05 11:48:00,AB,Point of sale,Grocery,New-to-bank,17.09,0,1,81.0,1765,6,1.1,11,0,2026-01-05,2026-01-05,0.22774694834050693,0,Low,combined behavioural signal
TX0024513,C003313,2026-01-05 12:12:00,QC,ATM,Grocery,Everyday,63.83,0,0,100.0,2142,8,37.1,12,0,2026-01-05,2026-01-05,0.3087689181180784,0,Guarded,high velocity
TX0024002,C009592,2026-01-05 12:22:00,ON,E-commerce,Other,Affluent,198.12,0,0,72.6,246,9,8.7,12,0,2026-01-05,2026-01-05,0.8092730994011589,1,Critical,high velocity
TX0044816,C002802,2026-01-05 12:32:00,AB,Point of sale,Fuel,New-to-bank,65.16,0,1,33.5,2131,2,13.9,12,0,2026-01-05,2026-01-05,0.24123850369987562,0,Low,low device trust
TX0037498,C004254,2026-01-05 12:38:00,BC,Point of sale,Electronics,Student,128.72,0,1,70.2,1815,1,119.8,12,0,2026-01-05,2026-01-05,0.2975506605322652,0,Guarded,combined behavioural signal
TX0025369,C001725,2026-01-05 12:38:00,QC,ATM,Grocery,Small business,98.27,0,0,58.9,691,4,20.1,12,0,2026-01-05,2026-01-05,0.2261547828070233,0,Low,combined behavioural signal
TX0047331,C004453,2026-01-05 13:01:00,ON,Point of sale,Electronics,Everyday,96.44,0,1,33.4,249,3,4.6,13,0,2026-01-05,2026-01-05,0.3301226860046462,0,Guarded,low device trust
TX0030492,C001710,2026-01-05 13:12:00,BC,Recurring,Dining,Student,17.28,1,0,57.5,554,1,29.2,13,0,2026-01-05,2026-01-05,0.5094365252130549,0,High,international
TX0031364,C003515,2026-01-05 13:13:00,QC,E-commerce,Grocery,Everyday,147.69,0,0,92.7,1892,1,11.3,13,0,2026-01-05,2026-01-05,0.32065785974000655,0,Guarded,combined behavioural signal
TX0054988,C013097,2026-01-05 13:17:00,QC,Point of sale,Grocery,Everyday,75.02,0,1,93.4,2893,5,21.5,13,0,2026-01-05,2026-01-05,0.20081967212770996,0,Low,combined behavioural signal
TX0037263,C013463,2026-01-05 13:18:00,AB,Point of sale,Grocery,Everyday,81.9,0,1,40.4,1451,5,82.8,13,0,2026-01-05,2026-01-05,0.421439131312495,0,Guarded,combined behavioural signal
TX0026566,C001111,2026-01-05 13:20:00,BC,Mobile wallet,Cash,Affluent,36.38,0,0,72.8,794,4,43.8,13,0,2026-01-05,2026-01-05,0.3349784929956704,0,Guarded,combined behavioural signal
TX0045970,C009202,2026-01-05 13:20:00,BC,Mobile wallet,Electronics,Everyday,303.21,0,0,97.0,388,2,16.3,13,0,2026-01-05,2026-01-05,0.33919073920626547,0,Guarded,combined behavioural signal
TX0048531,C011905,2026-01-05 13:20:00,ON,Mobile wallet,Travel,Everyday,146.76,0,0,63.8,1415,6,6.3,13,0,2026-01-05,2026-01-05,0.45236634900867784,0,Guarded,combined behavioural signal
TX0056774,C009553,2026-01-05 13:21:00,NS,Mobile wallet,Grocery,Student,28.56,0,0,60.5,751,5,1.0,13,0,2026-01-05,2026-01-05,0.3210041292097071,0,Guarded,combined behavioural signal
TX0039318,C007188,2026-01-05 13:22:00,ON,Point of sale,Digital services,Small business,161.96,0,1,48.5,1047,2,19.2,13,0,2026-01-05,2026-01-05,0.26507298517160305,0,Guarded,combined behavioural signal
TX0025507,C009596,2026-01-05 13:25:00,ON,Point of sale,Other,Student,65.8,0,1,72.9,75,4,65.9,13,0,2026-01-05,2026-01-05,0.24005695581222805,0,Low,new account
TX0053430,C005595,2026-01-05 13:29:00,ON,Mobile wallet,Electronics,Everyday,76.43,0,0,76.9,1164,1,23.3,13,0,2026-01-05,2026-01-05,0.2815729081501916,0,Guarded,combined behavioural signal
TX0053800,C014436,2026-01-05 13:30:00,ON,Mobile wallet,Other,Everyday,48.48,0,0,96.8,1951,4,57.0,13,0,2026-01-05,2026-01-05,0.30661302300713367,0,Guarded,combined behavioural signal
TX0001230,C008993,2026-01-05 13:32:00,QC,E-commerce,Grocery,Everyday,28.29,0,0,71.9,1502,4,21.1,13,0,2026-01-05,2026-01-05,0.4724495416369663,0,Guarded,combined behavioural signal
TX0005439,C006962,2026-01-05 13:40:00,AB,Point of sale,Grocery,Everyday,16.29,0,1,31.2,1171,5,37.4,13,0,2026-01-05,2026-01-05,0.35386686359581954,0,Guarded,low device trust
TX0027028,C007845,2026-01-05 13:40:00,BC,Point of sale,Grocery,Student,31.9,0,1,52.8,198,6,9.0,13,0,2026-01-05,2026-01-05,0.26330514204848854,0,Guarded,combined behavioural signal
TX0047773,C013206,2026-01-05 13:41:00,QC,Recurring,Electronics,Small business,112.76,0,0,100.0,309,7,28.2,13,0,2026-01-05,2026-01-05,0.3142011064411153,0,Guarded,combined behavioural signal
TX0054532,C013343,2026-01-05 13:44:00,SK,Point of sale,Digital services,New-to-bank,43.34,0,1,57.1,730,5,29.4,13,0,2026-01-05,2026-01-05,0.34403380516836624,0,Guarded,combined behavioural signal
TX0000581,C007871,2026-01-05 13:53:00,AB,Point of sale,Travel,Small business,121.14,0,1,65.1,975,4,54.3,13,0,2026-01-05,2026-01-05,0.21864731858381223,0,Low,combined behavioural signal
TX0042317,C008422,2026-01-05 13:56:00,QC,E-commerce,Digital services,Everyday,19.59,0,0,82.0,2670,3,32.2,13,0,2026-01-05,2026-01-05,0.5234318841263433,0,High,combined behavioural signal
TX0021500,C009904,2026-01-05 14:01:00,ON,ATM,Cash,Affluent,42.32,0,0,74.5,904,3,39.5,14,0,2026-01-05,2026-01-05,0.18012781898365957,0,Low,combined behavioural signal
TX0042213,C002651,2026-01-05 14:02:00,ON,ATM,Dining,Small business,274.78,0,0,82.2,625,2,32.1,14,0,2026-01-05,2026-01-05,0.16087811443346522,0,Low,combined behavioural signal
TX0004891,C002080,2026-01-05 14:15:00,ON,Point of sale,Electronics,Student,485.79,0,1,68.7,306,4,48.9,14,0,2026-01-05,2026-01-05,0.5502576705371988,0,High,combined behavioural signal
TX0027256,C003613,2026-01-05 14:17:00,BC,Recurring,Cash,Student,39.4,0,0,56.7,757,4,65.3,14,0,2026-01-05,2026-01-05,0.23925685690417126,0,Low,combined behavioural signal
TX0009459,C011675,2026-01-05 14:25:00,QC,Mobile wallet,Digital services,Small business,121.45,0,0,64.9,1279,4,19.1,14,0,2026-01-05,2026-01-05,0.4565919425510441,0,Guarded,combined behavioural signal
TX0003377,C013821,2026-01-05 14:30:00,BC,Point of sale,Digital services,New-to-bank,73.68,0,1,76.6,213,5,6.8,14,0,2026-01-05,2026-01-05,0.25036383660658856,0,Guarded,combined behavioural signal
TX0001573,C000145,2026-01-05 14:31:00,ON,Point of sale,Dining,Student,11.1,0,1,71.9,602,4,19.3,14,0,2026-01-05,2026-01-05,0.16032634575747418,0,Low,combined behavioural signal
TX0002340,C014279,2026-01-05 14:35:00,ON,ATM,Fuel,Everyday,37.02,0,0,100.0,1099,3,31.4,14,0,2026-01-05,2026-01-05,0.10107525586267578,0,Low,combined behavioural signal
TX0002928,C000689,2026-01-05 14:42:00,QC,Point of sale,Grocery,Student,39.98,0,1,82.6,488,1,29.3,14,0,2026-01-05,2026-01-05,0.10139328521385256,0,Low,combined behavioural signal
TX0032563,C002608,2026-01-05 14:43:00,NS,E-commerce,Travel,Affluent,66.2,0,0,68.3,570,2,7.1,14,0,2026-01-05,2026-01-05,0.33811447240189707,0,Guarded,combined behavioural signal
TX0002563,C012489,2026-01-05 14:46:00,BC,Mobile wallet,Electronics,Small business,216.16,0,0,80.9,1760,2,56.2,14,0,2026-01-05,2026-01-05,0.37430768521383856,0,Guarded,combined behavioural signal
TX0003792,C011647,2026-01-05 14:47:00,QC,Point of sale,Grocery,Everyday,167.67,0,1,62.9,2220,8,8.1,14,0,2026-01-05,2026-01-05,0.44465146443504255,0,Guarded,high velocity
TX0039127,C000864,2026-01-05 14:58:00,NS,Point of sale,Cash,Student,178.95,0,1,100.0,602,2,13.1,14,0,2026-01-05,2026-01-05,0.08310325142750796,0,Low,combined behavioural signal
TX0058699,C011273,2026-01-05 14:58:00,AB,E-commerce,Dining,Everyday,23.84,0,0,69.8,568,5,9.2,14,0,2026-01-05,2026-01-05,0.4780014571292346,0,Guarded,combined behavioural signal
TX0014926,C005577,2026-01-05 15:04:00,ON,Point of sale,Fuel,Affluent,101.63,0,1,64.5,427,5,36.4,15,0,2026-01-05,2026-01-05,0.2844369128594735,0,Guarded,combined behavioural signal
TX0016723,C006934,2026-01-05 15:05:00,BC,E-commerce,Travel,Everyday,191.66,0,0,33.5,1394,1,4.1,15,0,2026-01-05,2026-01-05,0.4712988150434079,0,Guarded,low device trust
TX0043673,C000523,2026-01-05 15:06:00,ON,E-commerce,Other,Small business,72.91,0,0,85.9,263,2,11.7,15,0,2026-01-05,2026-01-05,0.2791351838004846,0,Guarded,combined behavioural signal
TX0056564,C012490,2026-01-05 15:12:00,AB,Point of sale,Dining,Everyday,33.12,0,1,54.8,1092,4,1.1,15,0,2026-01-05,2026-01-05,0.1967275545063219,0,Low,combined behavioural signal
TX0043257,C011901,2026-01-05 15:15:00,ON,Point of sale,Fuel,Everyday,63.69,0,1,72.2,170,2,18.6,15,0,2026-01-05,2026-01-05,0.10870943402075785,0,Low,combined behavioural signal
TX0058782,C006636,2026-01-05 15:15:00,NS,E-commerce,Dining,New-to-bank,177.54,0,0,93.4,454,3,9.3,15,0,2026-01-05,2026-01-05,0.32715089148214704,0,Guarded,combined behavioural signal
TX0031518,C004394,2026-01-05 15:18:00,ON,Point of sale,Dining,New-to-bank,30.69,0,1,79.7,384,5,10.0,15,0,2026-01-05,2026-01-05,0.16461958920418826,0,Low,combined behavioural signal
TX0058525,C006837,2026-01-05 15:20:00,ON,E-commerce,Grocery,Student,80.14,0,0,92.9,536,7,20.1,15,0,2026-01-05,2026-01-05,0.53290559164616,0,High,combined behavioural signal
TX0005945,C013653,2026-01-05 15:33:00,QC,ATM,Digital services,Everyday,30.34,0,0,97.8,1319,4,19.1,15,0,2026-01-05,2026-01-05,0.1912739995356834,0,Low,combined behavioural signal
TX0024339,C011406,2026-01-05 15:39:00,QC,Point of sale,Dining,Everyday,53.29,0,1,47.1,673,6,33.5,15,0,2026-01-05,2026-01-05,0.3345743589599112,0,Guarded,combined behavioural signal
TX0058761,C008975,2026-01-05 15:41:00,QC,Point of sale,Travel,Student,326.07,0,1,77.7,1571,4,16.1,15,0,2026-01-05,2026-01-05,0.2863723617823121,0,Guarded,combined behavioural signal
TX0022658,C006301,2026-01-05 15:45:00,ON,Mobile wallet,Digital services,Small business,81.18,0,0,60.5,678,7,26.5,15,0,2026-01-05,2026-01-05,0.565912018061983,0,High,combined behavioural signal
TX0057817,C008764,2026-01-05 15:47:00,QC,Mobile wallet,Electronics,Everyday,255.91,0,0,100.0,418,7,17.3,15,0,2026-01-05,2026-01-05,0.5704545017972475,0,High,combined behavioural signal
TX0013155,C012422,2026-01-05 15:48:00,ON,Mobile wallet,Grocery,Everyday,37.15,0,0,81.3,747,6,79.9,15,0,2026-01-05,2026-01-05,0.4152545093119974,0,Guarded,combined behavioural signal
TX0056948,C009384,2026-01-05 16:09:00,MB,Point of sale,Digital services,Student,29.04,0,1,86.1,763,3,10.0,16,0,2026-01-05,2026-01-05,0.15815596625612183,0,Low,combined behavioural signal
TX0023712,C005876,2026-01-05 16:17:00,AB,Point of sale,Other,Everyday,59.11,0,1,58.7,1176,4,73.4,16,0,2026-01-05,2026-01-05,0.2914324416630648,0,Guarded,combined behavioural signal
TX0052054,C009064,2026-01-05 16:22:00,ON,Point of sale,Cash,New-to-bank,294.59,0,1,63.0,1119,4,5.6,16,0,2026-01-05,2026-01-05,0.27483012106539484,0,Guarded,combined behavioural signal
TX0019935,C013921,2026-01-05 16:26:00,ON,E-commerce,Digital services,Student,51.56,0,0,84.4,2699,2,11.8,16,0,2026-01-05,2026-01-05,0.4346691991732005,0,Guarded,combined behavioural signal
TX0049321,C003590,2026-01-05 16:52:00,ON,Mobile wallet,Grocery,Affluent,81.67,0,0,53.7,423,4,5.0,16,0,2026-01-05,2026-01-05,0.40601343670051787,0,Guarded,combined behavioural signal
TX0037603,C000282,2026-01-05 16:54:00,ON,ATM,Grocery,Everyday,39.58,0,0,79.3,1121,6,31.0,16,0,2026-01-05,2026-01-05,0.22573896422945128,0,Low,combined behavioural signal
TX0046799,C004705,2026-01-05 16:54:00,NB,Mobile wallet,Dining,Everyday,93.7,0,0,82.9,2443,5,42.7,16,0,2026-01-05,2026-01-05,0.31984364208461397,0,Guarded,combined behavioural signal
TX0024877,C002015,2026-01-05 16:56:00,ON,Point of sale,Fuel,Small business,70.31,0,1,64.1,1475,2,36.0,16,0,2026-01-05,2026-01-05,0.12281138923807101,0,Low,combined behavioural signal
TX0004251,C012314,2026-01-05 17:10:00,ON,Point of sale,Grocery,Affluent,78.9,0,1,86.5,924,6,68.1,17,0,2026-01-05,2026-01-05,0.290341903919509,0,Guarded,combined behavioural signal
TX0046060,C006657,2026-01-05 17:14:00,ON,Mobile wallet,Grocery,Small business,41.93,0,0,64.7,1116,5,25.6,17,0,2026-01-05,2026-01-05,0.32044824969055513,0,Guarded,combined behavioural signal
TX0011208,C004776,2026-01-05 17:26:00,ON,Mobile wallet,Fuel,Affluent,10.6,0,0,85.0,898,4,97.7,17,0,2026-01-05,2026-01-05,0.34836403250262427,0,Guarded,combined behavioural signal
TX0042512,C004431,2026-01-05 17:38:00,QC,E-commerce,Dining,Student,17.06,0,0,78.8,369,4,8.0,17,0,2026-01-05,2026-01-05,0.3865445713576248,0,Guarded,combined behavioural signal
TX0045566,C007447,2026-01-05 17:48:00,ON,Point of sale,Digital services,Everyday,45.74,0,1,88.2,656,6,91.7,17,0,2026-01-05,2026-01-05,0.3271432589761221,0,Guarded,combined behavioural signal
TX0041731,C010517,2026-01-05 17:49:00,NS,Point of sale,Electronics,Student,23.51,0,1,68.4,707,3,37.2,17,0,2026-01-05,2026-01-05,0.18543586603385356,0,Low,combined behavioural signal
TX0000925,C000668,2026-01-05 17:58:00,ON,Mobile wallet,Electronics,Everyday,92.01,0,0,89.2,1647,3,9.6,17,0,2026-01-05,2026-01-05,0.30245211638596314,0,Guarded,combined behavioural signal
TX0021588,C009427,2026-01-05 18:16:00,ON,Point of sale,Electronics,Small business,33.61,0,1,93.7,1106,3,11.2,18,0,2026-01-05,2026-01-05,0.11739550764540709,0,Low,combined behavioural signal
TX0046053,C014087,2026-01-05 18:16:00,AB,Point of sale,Electronics,Everyday,15.07,0,1,100.0,859,4,25.9,18,0,2026-01-05,2026-01-05,0.16032398357470287,0,Low,combined behavioural signal
TX0056504,C002396,2026-01-05 18:16:00,ON,Point of sale,Dining,Everyday,26.23,0,1,88.5,840,5,29.9,18,0,2026-01-05,2026-01-05,0.14464874578522943,0,Low,combined behavioural signal
TX0031002,C010080,2026-01-05 18:24:00,MB,Point of sale,Electronics,Small business,91.04,0,1,71.0,1057,4,19.2,18,0,2026-01-05,2026-01-05,0.21547890438924477,0,Low,combined behavioural signal
TX0008359,C013050,2026-01-05 18:32:00,QC,ATM,Other,New-to-bank,21.26,0,0,67.9,750,5,9.7,18,0,2026-01-05,2026-01-05,0.22915495403861785,0,Low,combined behavioural signal
TX0029603,C008341,2026-01-05 18:37:00,BC,Mobile wallet,Digital services,Small business,119.02,0,0,76.6,1238,4,65.0,18,0,2026-01-05,2026-01-05,0.4017241533004953,0,Guarded,combined behavioural signal
TX0018113,C014442,2026-01-05 18:44:00,ON,Point of sale,Grocery,Student,29.53,0,1,50.0,1789,4,3.6,18,0,2026-01-05,2026-01-05,0.20875588551947458,0,Low,combined behavioural signal
TX0026974,C003555,2026-01-05 18:44:00,BC,E-commerce,Grocery,Everyday,455.3,0,0,86.5,1809,3,9.2,18,0,2026-01-05,2026-01-05,0.5496954353953851,0,High,combined behavioural signal
TX0014577,C002786,2026-01-05 18:45:00,BC,Point of sale,Grocery,Everyday,21.68,0,1,76.1,796,3,29.1,18,0,2026-01-05,2026-01-05,0.11356674452394629,0,Low,combined behavioural signal
TX0044877,C005425,2026-01-05 18:52:00,ON,E-commerce,Dining,Everyday,36.98,0,0,30.3,982,6,40.8,18,0,2026-01-05,2026-01-05,0.6873355274134163,1,High,low device trust
TX0039876,C014682,2026-01-05 18:54:00,NS,Point of sale,Other,Everyday,62.49,0,1,59.5,1164,4,25.4,18,0,2026-01-05,2026-01-05,0.18367178884842741,0,Low,combined behavioural signal
TX0058866,C011864,2026-01-05 19:01:00,AB,Point of sale,Travel,Everyday,119.49,0,1,59.8,539,1,27.7,19,0,2026-01-05,2026-01-05,0.1258346067982762,0,Low,combined behavioural signal
TX0008671,C000069,2026-01-05 19:05:00,QC,Point of sale,Grocery,Student,396.07,0,1,74.2,1779,2,1.8,19,0,2026-01-05,2026-01-05,0.24442707219046084,0,Low,combined behavioural signal
TX0017132,C000550,2026-01-05 19:06:00,ON,ATM,Cash,Everyday,44.44,0,0,100.0,172,5,28.4,19,0,2026-01-05,2026-01-05,0.11735218940557025,0,Low,combined behavioural signal
TX0003390,C001806,2026-01-05 19:08:00,AB,Point of sale,Other,Student,16.68,0,1,38.7,1599,2,6.3,19,0,2026-01-05,2026-01-05,0.19640124930968508,0,Low,combined behavioural signal
TX0041804,C007925,2026-01-05 19:10:00,SK,E-commerce,Digital services,Everyday,88.45,0,0,69.0,561,4,13.4,19,0,2026-01-05,2026-01-05,0.5297521718237757,0,High,combined behavioural signal
TX0038867,C004717,2026-01-05 19:25:00,QC,Mobile wallet,Electronics,Everyday,46.67,0,0,100.0,2195,3,65.3,19,0,2026-01-05,2026-01-05,0.3224138777164767,0,Guarded,combined behavioural signal
TX0010419,C004693,2026-01-05 19:27:00,QC,Point of sale,Electronics,Everyday,143.76,0,1,74.7,646,6,56.3,19,0,2026-01-05,2026-01-05,0.4001793235890755,0,Guarded,combined behavioural signal
TX0038083,C011694,2026-01-05 19:34:00,AB,Point of sale,Other,Everyday,36.48,0,1,46.1,415,3,33.3,19,0,2026-01-05,2026-01-05,0.21563630901702036,0,Low,combined behavioural signal
TX0051555,C005921,2026-01-05 19:34:00,AB,Recurring,Cash,Affluent,8.89,1,0,100.0,564,3,81.9,19,0,2026-01-05,2026-01-05,0.5351528784009405,0,High,international
TX0059329,C001116,2026-01-05 19:36:00,ON,Point of sale,Travel,Small business,88.89,0,1,64.3,653,3,58.4,19,0,2026-01-05,2026-01-05,0.14550012319103126,0,Low,combined behavioural signal
TX0058505,C007746,2026-01-05 19:44:00,ON,Point of sale,Fuel,Student,240.52,0,1,63.3,753,4,21.7,19,0,2026-01-05,2026-01-05,0.25079049263287667,0,Guarded,combined behavioural signal
TX0038712,C003792,2026-01-05 19:45:00,ON,E-commerce,Grocery,Affluent,142.37,0,0,22.6,1530,3,34.7,19,0,2026-01-05,2026-01-05,0.7013566886332335,1,High,low device trust
TX0023035,C002848,2026-01-05 19:46:00,ON,Mobile wallet,Electronics,Everyday,132.79,1,0,71.0,1111,1,17.7,19,0,2026-01-05,2026-01-05,0.7436561507214585,1,High,international
TX0049710,C007763,2026-01-05 19:48:00,BC,E-commerce,Fuel,Student,118.93,0,0,87.0,436,4,9.0,19,0,2026-01-05,2026-01-05,0.35378794106213507,0,Guarded,combined behavioural signal
TX0018645,C011043,2026-01-05 19:50:00,ON,Mobile wallet,Grocery,Everyday,120.06,0,0,85.5,138,1,1.5,19,0,2026-01-05,2026-01-05,0.14801705362631473,0,Low,combined behavioural signal
TX0019402,C009134,2026-01-05 19:50:00,ON,Mobile wallet,Fuel,Everyday,93.4,0,0,65.5,189,6,96.5,19,0,2026-01-05,2026-01-05,0.47907082871325957,0,Guarded,combined behavioural signal
TX0039881,C006423,2026-01-05 19:58:00,ON,Point of sale,Grocery,Student,98.62,0,1,100.0,803,4,58.6,19,0,2026-01-05,2026-01-05,0.1479062271488135,0,Low,combined behavioural signal
TX0059739,C011048,2026-01-05 19:59:00,ON,Point of sale,Grocery,Everyday,23.23,0,1,68.0,1817,1,5.7,19,0,2026-01-05,2026-01-05,0.0908347711028962,0,Low,combined behavioural signal
TX0047981,C003336,2026-01-05 20:00:00,AB,E-commerce,Dining,Everyday,42.57,0,0,76.4,768,5,12.7,20,0,2026-01-05,2026-01-05,0.43485496191737627,0,Guarded,combined behavioural signal
TX0003072,C003718,2026-01-05 20:02:00,QC,Point of sale,Other,Student,20.97,0,1,100.0,680,2,12.8,20,0,2026-01-05,2026-01-05,0.0820769816580977,0,Low,combined behavioural signal
TX0045873,C001351,2026-01-05 20:14:00,ON,Point of sale,Grocery,Affluent,44.03,0,1,63.4,700,4,22.9,20,0,2026-01-05,2026-01-05,0.20657101796503177,0,Low,combined behavioural signal
TX0057994,C002973,2026-01-05 20:14:00,SK,Mobile wallet,Other,Affluent,86.84,0,0,88.6,2860,1,30.6,20,0,2026-01-05,2026-01-05,0.22729494955746973,0,Low,combined behavioural signal
TX0007505,C013801,2026-01-05 20:16:00,AB,Point of sale,Electronics,Student,47.97,0,1,100.0,904,4,2.5,20,0,2026-01-05,2026-01-05,0.15754807266103452,0,Low,combined behavioural signal
TX0048633,C007112,2026-01-05 20:24:00,AB,Mobile wallet,Grocery,Small business,20.84,0,0,51.5,669,3,11.4,20,0,2026-01-05,2026-01-05,0.25017747809786506,0,Guarded,combined behavioural signal
TX0032191,C014443,2026-01-05 20:27:00,AB,Point of sale,Electronics,Everyday,29.19,0,1,100.0,1228,6,125.1,20,0,2026-01-05,2026-01-05,0.3280971291497886,0,Guarded,distance anomaly
TX0045214,C003672,2026-01-05 20:30:00,ON,Point of sale,Grocery,Small business,17.39,0,1,51.9,2024,2,24.7,20,0,2026-01-05,2026-01-05,0.12481137451213845,0,Low,combined behavioural signal
TX0043679,C003692,2026-01-05 20:34:00,ON,Mobile wallet,Other,Everyday,62.85,0,0,52.8,1374,1,26.4,20,0,2026-01-05,2026-01-05,0.2574655448557451,0,Guarded,combined behavioural signal
TX0016700,C002386,2026-01-05 20:35:00,NS,E-commerce,Digital services,New-to-bank,68.33,0,0,59.0,1313,5,6.8,20,0,2026-01-05,2026-01-05,0.5810285425974989,0,High,combined behavioural signal
TX0006238,C005616,2026-01-05 20:43:00,BC,ATM,Fuel,Student,52.17,0,0,59.7,521,6,11.7,20,0,2026-01-05,2026-01-05,0.22459942444678577,0,Low,combined behavioural signal
TX0000353,C011255,2026-01-05 20:58:00,ON,E-commerce,Dining,Small business,389.61,0,0,92.9,1167,3,7.3,20,0,2026-01-05,2026-01-05,0.42836433868755575,0,Guarded,combined behavioural signal
TX0004934,C012842,2026-01-05 21:01:00,QC,Mobile wallet,Digital services,Everyday,31.68,0,0,100.0,86,4,21.2,21,0,2026-01-05,2026-01-05,0.26178012166058895,0,Guarded,new account
TX0003855,C009154,2026-01-05 21:06:00,ON,Point of sale,Electronics,Everyday,118.87,1,1,86.3,448,5,51.4,21,0,2026-01-05,2026-01-05,0.7157486583333523,1,High,international
TX0041691,C014398,2026-01-05 21:11:00,AB,ATM,Dining,Small business,50.24,1,0,77.7,609,1,94.5,21,0,2026-01-05,2026-01-05,0.46037370176965814,0,Guarded,international
TX0053610,C007984,2026-01-05 21:30:00,ON,ATM,Other,Small business,68.62,0,0,92.4,867,1,45.8,21,0,2026-01-05,2026-01-05,0.07798264184831451,0,Low,combined behavioural signal
TX0028850,C011890,2026-01-05 21:33:00,ON,Point of sale,Grocery,Everyday,82.56,0,1,70.0,426,2,20.1,21,0,2026-01-05,2026-01-05,0.11249304380449761,0,Low,combined behavioural signal
TX0058323,C000140,2026-01-05 21:37:00,ON,Point of sale,Fuel,Everyday,15.29,0,1,96.2,4004,5,33.2,21,0,2026-01-05,2026-01-05,0.1418725847171898,0,Low,combined behavioural signal
TX0007685,C005992,2026-01-05 21:38:00,AB,Point of sale,Electronics,New-to-bank,602.16,0,1,82.7,717,4,6.4,21,0,2026-01-05,2026-01-05,0.49479699459735466,0,Guarded,high amount
TX0025747,C010102,2026-01-05 21:42:00,BC,E-commerce,Electronics,Everyday,48.29,0,0,62.2,954,3,46.6,21,0,2026-01-05,2026-01-05,0.5145806234744886,0,High,combined behavioural signal
TX0029219,C008680,2026-01-05 22:01:00,ON,Point of sale,Electronics,New-to-bank,42.31,1,1,81.6,1484,8,6.1,22,0,2026-01-05,2026-01-05,0.7811545725691881,1,Critical,"international, high velocity"
TX0049787,C001254,2026-01-05 22:01:00,QC,Mobile wallet,Fuel,Everyday,700.11,0,0,79.0,546,6,32.1,22,0,2026-01-05,2026-01-05,0.717352673023361,1,High,high amount
TX0048859,C004011,2026-01-05 22:03:00,BC,Mobile wallet,Cash,Everyday,104.34,0,0,54.3,699,3,66.5,22,0,2026-01-05,2026-01-05,0.3123722682245337,0,Guarded,combined behavioural signal
TX0020037,C001935,2026-01-05 22:08:00,AB,Point of sale,Electronics,Student,220.61,0,1,66.7,1314,3,14.7,22,0,2026-01-05,2026-01-05,0.296221111251098,0,Guarded,combined behavioural signal
TX0009730,C001854,2026-01-05 22:11:00,ON,Recurring,Other,Everyday,39.37,0,0,60.4,2531,3,30.2,22,0,2026-01-05,2026-01-05,0.19494578937113044,0,Low,combined behavioural signal
TX0047019,C001293,2026-01-05 22:15:00,BC,Point of sale,Fuel,New-to-bank,119.43,0,1,81.6,603,2,1.2,22,0,2026-01-05,2026-01-05,0.08567183977769229,0,Low,combined behavioural signal
TX0012715,C002562,2026-01-05 22:17:00,QC,E-commerce,Fuel,Everyday,298.84,0,0,95.0,514,4,22.9,22,0,2026-01-05,2026-01-05,0.45970742785981694,0,Guarded,combined behavioural signal
TX0053789,C014850,2026-01-05 22:23:00,ON,Point of sale,Grocery,Everyday,33.61,0,1,83.4,907,4,0.6,22,0,2026-01-05,2026-01-05,0.10901751221829453,0,Low,combined behavioural signal
TX0038187,C004358,2026-01-05 22:24:00,QC,E-commerce,Digital services,Everyday,394.53,0,0,85.3,1764,4,12.7,22,0,2026-01-05,2026-01-05,0.687314572868302,1,High,combined behavioural signal
TX0008156,C011102,2026-01-05 22:25:00,QC,Mobile wallet,Grocery,Everyday,64.77,0,0,79.9,514,5,10.4,22,0,2026-01-05,2026-01-05,0.28390010019567946,0,Guarded,combined behavioural signal
TX0055195,C003487,2026-01-05 22:34:00,ON,Point of sale,Grocery,Affluent,36.41,0,1,74.5,1455,3,20.7,22,0,2026-01-05,2026-01-05,0.1489814085628693,0,Low,combined behavioural signal
TX0042629,C005006,2026-01-05 22:42:00,QC,ATM,Digital services,Affluent,44.26,0,0,84.5,1084,3,18.2,22,0,2026-01-05,2026-01-05,0.20858879637390168,0,Low,combined behavioural signal
TX0039250,C000362,2026-01-05 22:45:00,ON,Point of sale,Grocery,Student,246.15,0,1,51.0,1323,3,4.1,22,0,2026-01-05,2026-01-05,0.2441083693381687,0,Low,combined behavioural signal
TX0012997,C010336,2026-01-05 22:48:00,BC,Point of sale,Dining,Everyday,53.73,0,1,87.1,1122,4,5.8,22,0,2026-01-05,2026-01-05,0.10168271893105561,0,Low,combined behavioural signal
TX0005746,C003555,2026-01-05 22:52:00,ON,E-commerce,Fuel,Everyday,70.81,0,0,68.3,521,4,40.7,22,0,2026-01-05,2026-01-05,0.42335711094100903,0,Guarded,combined behavioural signal
TX0002630,C003778,2026-01-05 22:58:00,SK,E-commerce,Grocery,Student,103.85,0,0,58.0,879,1,80.3,22,0,2026-01-05,2026-01-05,0.4210803190370525,0,Guarded,combined behavioural signal
TX0019291,C004342,2026-01-05 23:09:00,ON,ATM,Fuel,Everyday,3.78,0,0,62.8,1407,1,76.7,23,0,2026-01-05,2026-01-05,0.11546183411298343,0,Low,unusual hour
TX0058544,C002712,2026-01-05 23:12:00,QC,ATM,Grocery,Everyday,42.01,0,0,74.1,1672,6,9.7,23,0,2026-01-05,2026-01-05,0.21334326598660786,0,Low,unusual hour
TX0008936,C003519,2026-01-05 23:17:00,ON,E-commerce,Digital services,Student,333.61,0,0,87.7,2684,4,1.4,23,0,2026-01-05,2026-01-05,0.6362029233848528,0,High,unusual hour
TX0057291,C003085,2026-01-05 23:49:00,ON,E-commerce,Travel,Everyday,259.54,0,0,85.2,367,1,62.6,23,0,2026-01-05,2026-01-05,0.3460424289971591,0,Guarded,unusual hour
TX0029368,C011230,2026-01-05 23:53:00,AB,E-commerce,Digital services,Everyday,180.27,0,0,58.8,1332,5,5.4,23,0,2026-01-05,2026-01-05,0.680004825585058,1,High,unusual hour
TX0051800,C008553,2026-01-05 23:58:00,AB,Point of sale,Electronics,Student,500.54,1,1,91.0,1653,4,50.3,23,0,2026-01-05,2026-01-05,0.8579017589174903,1,Critical,"international, high amount, unusual hour"
TX0045205,C014792,2026-01-06 00:02:00,MB,Point of sale,Other,Everyday,161.17,0,1,63.5,118,1,3.8,0,0,2026-01-06,2026-01-05,0.19163026968963146,0,Low,unusual hour
TX0048993,C009006,2026-01-06 00:07:00,BC,Point of sale,Electronics,Student,177.66,0,1,82.5,1003,4,5.0,0,0,2026-01-06,2026-01-05,0.3287784020552732,0,Guarded,unusual hour
TX0022185,C011579,2026-01-06 00:19:00,ON,ATM,Dining,Student,153.23,0,0,47.7,2330,5,10.8,0,0,2026-01-06,2026-01-05,0.4460312829735762,0,Guarded,unusual hour
TX0030682,C007031,2026-01-06 00:25:00,QC,Point of sale,Travel,Everyday,449.58,0,1,81.1,988,2,16.0,0,0,2026-01-06,2026-01-05,0.3135431019530767,0,Guarded,unusual hour
TX0053335,C008082,2026-01-06 00:28:00,QC,Mobile wallet,Dining,New-to-bank,15.66,0,0,83.6,1708,3,23.4,0,0,2026-01-06,2026-01-05,0.3213809755401656,0,Guarded,unusual hour
TX0009359,C005914,2026-01-06 00:30:00,AB,Point of sale,Digital services,Everyday,31.27,0,1,56.8,1348,3,3.7,0,0,2026-01-06,2026-01-05,0.3170695566763286,0,Guarded,unusual hour
TX0047623,C006704,2026-01-06 00:33:00,ON,Point of sale,Electronics,Student,12.28,0,1,81.2,212,4,28.7,0,0,2026-01-06,2026-01-05,0.27766830371045714,0,Guarded,unusual hour
TX0008448,C004903,2026-01-06 00:37:00,ON,Point of sale,Dining,Affluent,96.82,0,1,26.9,482,3,32.4,0,0,2026-01-06,2026-01-05,0.42019473929405227,0,Guarded,"low device trust, unusual hour"
TX0040279,C005382,2026-01-06 00:45:00,ON,Mobile wallet,Cash,Affluent,278.22,0,0,43.2,1628,3,8.2,0,0,2026-01-06,2026-01-05,0.6182609325159802,0,High,unusual hour
TX0053535,C002440,2026-01-06 00:48:00,ON,Point of sale,Travel,New-to-bank,47.8,0,1,67.9,1228,2,15.6,0,0,2026-01-06,2026-01-05,0.16861392448621487,0,Low,unusual hour
TX0056570,C014611,2026-01-06 00:53:00,ON,ATM,Grocery,Small business,85.6,0,0,100.0,174,3,52.0,0,0,2026-01-06,2026-01-05,0.14652676875658027,0,Low,unusual hour
TX0016123,C014820,2026-01-06 00:54:00,ON,E-commerce,Digital services,New-to-bank,59.99,0,0,97.8,399,5,22.4,0,0,2026-01-06,2026-01-05,0.6044908018091139,0,High,unusual hour
TX0025013,C001001,2026-01-06 00:59:00,ON,Point of sale,Digital services,Everyday,287.48,0,1,85.1,813,3,99.8,0,0,2026-01-06,2026-01-05,0.4579339769454877,0,Guarded,unusual hour
TX0016884,C000988,2026-01-06 01:02:00,BC,Recurring,Fuel,New-to-bank,40.38,0,0,71.1,715,3,65.0,1,0,2026-01-06,2026-01-05,0.22741452320848415,0,Low,unusual hour
TX0003222,C007916,2026-01-06 01:04:00,ON,E-commerce,Digital services,Everyday,24.59,0,0,57.4,567,8,17.7,1,0,2026-01-06,2026-01-05,0.8110919392523449,1,Critical,"high velocity, unusual hour"
TX0048800,C001707,2026-01-06 01:08:00,ON,E-commerce,Fuel,Everyday,201.66,0,0,59.4,843,4,4.0,1,0,2026-01-06,2026-01-05,0.6266599809448624,0,High,unusual hour
TX0022619,C013194,2026-01-06 01:14:00,QC,ATM,Other,Student,33.11,0,0,59.7,244,6,79.2,1,0,2026-01-06,2026-01-05,0.47655486132189306,0,Guarded,unusual hour
TX0050035,C002804,2026-01-06 01:14:00,ON,Point of sale,Other,Everyday,81.29,0,1,46.6,965,5,77.7,1,0,2026-01-06,2026-01-05,0.46562372097941773,0,Guarded,unusual hour
TX0013651,C004535,2026-01-06 01:19:00,ON,Point of sale,Fuel,New-to-bank,149.35,0,1,92.7,719,5,9.7,1,0,2026-01-06,2026-01-05,0.23030730160356266,0,Low,unusual hour
TX0019054,C011608,2026-01-06 01:29:00,QC,ATM,Travel,Student,87.0,0,0,68.7,351,5,104.0,1,0,2026-01-06,2026-01-05,0.4057409983428228,0,Guarded,unusual hour
TX0053236,C009144,2026-01-06 01:37:00,ON,Point of sale,Dining,Everyday,54.31,0,1,58.0,1002,2,66.1,1,0,2026-01-06,2026-01-05,0.23482886331836272,0,Low,unusual hour
TX0047349,C007642,2026-01-06 01:42:00,NS,Point of sale,Cash,Small business,80.16,0,1,84.0,650,3,47.3,1,0,2026-01-06,2026-01-05,0.12693420274014292,0,Low,unusual hour
TX0023977,C013556,2026-01-06 01:44:00,NB,Recurring,Grocery,Everyday,26.94,0,0,80.8,433,3,15.2,1,0,2026-01-06,2026-01-05,0.14087412353710352,0,Low,unusual hour
TX0032936,C005483,2026-01-06 01:48:00,ON,Mobile wallet,Digital services,New-to-bank,79.13,0,0,80.9,229,4,22.2,1,0,2026-01-06,2026-01-05,0.47097790704748366,0,Guarded,unusual hour
TX0055180,C010571,2026-01-06 01:51:00,BC,Point of sale,Dining,Small business,28.79,0,1,48.3,877,1,1.7,1,0,2026-01-06,2026-01-05,0.12959407530514058,0,Low,unusual hour
TX0056190,C002555,2026-01-06 01:54:00,ON,E-commerce,Other,Student,108.95,0,0,69.0,4514,2,22.1,1,0,2026-01-06,2026-01-05,0.593191311100028,0,High,unusual hour
TX0037778,C001893,2026-01-06 01:55:00,ON,ATM,Fuel,Everyday,101.69,0,0,85.0,2654,2,24.1,1,0,2026-01-06,2026-01-05,0.17116373481725777,0,Low,unusual hour
TX0003729,C012821,2026-01-06 01:56:00,ON,Point of sale,Other,Everyday,118.79,0,1,73.7,1441,3,7.2,1,0,2026-01-06,2026-01-05,0.23022471426522775,0,Low,unusual hour
TX0011628,C001965,2026-01-06 01:57:00,AB,Recurring,Grocery,Everyday,239.81,0,0,64.7,1989,3,9.7,1,0,2026-01-06,2026-01-05,0.3447870277405289,0,Guarded,unusual hour
TX0041413,C010018,2026-01-06 02:03:00,AB,Point of sale,Travel,Small business,63.98,0,1,54.0,725,3,79.1,2,0,2026-01-06,2026-01-05,0.25948189178678066,0,Guarded,unusual hour
TX0014755,C007417,2026-01-06 02:08:00,QC,E-commerce,Fuel,Everyday,18.83,0,0,50.1,2888,3,20.2,2,0,2026-01-06,2026-01-05,0.5766791459570736,0,High,unusual hour
TX0036908,C009218,2026-01-06 02:16:00,AB,Mobile wallet,Dining,Everyday,184.07,0,0,40.3,1375,3,37.8,2,0,2026-01-06,2026-01-05,0.570803148034029,0,High,unusual hour
TX0005269,C011525,2026-01-06 02:25:00,ON,Point of sale,Grocery,Small business,879.56,0,1,68.9,1107,6,26.3,2,0,2026-01-06,2026-01-05,0.758425931381563,1,Critical,"high amount, unusual hour"
TX0049813,C001346,2026-01-06 02:28:00,QC,E-commerce,Travel,Small business,209.34,0,0,93.8,491,4,61.0,2,0,2026-01-06,2026-01-05,0.5340047869423851,0,High,unusual hour
TX0056509,C000666,2026-01-06 02:28:00,ON,E-commerce,Digital services,Everyday,66.17,0,0,63.9,2617,4,10.3,2,0,2026-01-06,2026-01-05,0.6815675759085675,1,High,unusual hour
TX0055513,C006272,2026-01-06 02:43:00,QC,Point of sale,Other,Affluent,31.52,0,1,71.5,1133,4,8.5,2,0,2026-01-06,2026-01-05,0.29104255400644785,0,Guarded,unusual hour
TX0020026,C012229,2026-01-06 02:45:00,ON,E-commerce,Grocery,Everyday,39.21,0,0,57.2,1195,6,104.2,2,0,2026-01-06,2026-01-05,0.7602782933679989,1,Critical,unusual hour
TX0004679,C000400,2026-01-06 02:46:00,BC,Mobile wallet,Cash,Affluent,35.93,0,0,71.3,389,4,18.1,2,0,2026-01-06,2026-01-05,0.3647716248958147,0,Guarded,unusual hour
TX0050001,C008418,2026-01-06 02:47:00,ON,Point of sale,Digital services,Everyday,37.3,0,1,72.4,342,5,39.1,2,0,2026-01-06,2026-01-05,0.3501741090566372,0,Guarded,unusual hour
TX0053893,C002546,2026-01-06 02:49:00,ON,Recurring,Other,Everyday,446.93,0,0,90.5,386,5,0.7,2,0,2026-01-06,2026-01-05,0.4292077849979729,0,Guarded,unusual hour
TX0008353,C011150,2026-01-06 03:08:00,ON,Point of sale,Other,Affluent,36.19,0,1,27.3,1412,5,49.7,3,0,2026-01-06,2026-01-05,0.5360562001738295,0,High,"low device trust, unusual hour"
TX0015363,C005713,2026-01-06 03:21:00,AB,Point of sale,Dining,Everyday,24.98,1,1,79.5,1683,5,13.3,3,0,2026-01-06,2026-01-05,0.6774753452151883,1,High,"international, unusual hour"
TX0008423,C007750,2026-01-06 03:34:00,ON,Mobile wallet,Fuel,Everyday,69.94,0,0,72.6,391,7,6.6,3,0,2026-01-06,2026-01-05,0.46930215877693277,0,Guarded,unusual hour
TX0051637,C005376,2026-01-06 03:35:00,BC,Point of sale,Dining,Everyday,418.13,1,1,100.0,1665,2,66.9,3,1,2026-01-06,2026-01-05,0.719681199291874,1,High,"international, unusual hour"
TX0027704,C003820,2026-01-06 03:39:00,QC,Point of sale,Dining,Small business,52.41,0,1,97.3,555,2,92.0,3,0,2026-01-06,2026-01-05,0.13757113169574825,0,Low,unusual hour
TX0058350,C000021,2026-01-06 03:41:00,BC,Point of sale,Fuel,Everyday,36.11,0,1,88.3,1099,6,19.9,3,0,2026-01-06,2026-01-05,0.20598153666819555,0,Low,unusual hour
TX0019609,C003192,2026-01-06 04:12:00,AB,E-commerce,Travel,Everyday,564.47,0,0,63.5,644,4,19.3,4,0,2026-01-06,2026-01-05,0.804092055211469,1,Critical,"high amount, unusual hour"
TX0012605,C010394,2026-01-06 04:14:00,MB,Point of sale,Digital services,New-to-bank,92.78,1,1,63.7,2258,4,8.4,4,0,2026-01-06,2026-01-05,0.801517531131367,1,Critical,"international, unusual hour"
TX0054350,C011198,2026-01-06 04:16:00,ON,ATM,Dining,Everyday,163.22,0,0,63.4,614,4,27.4,4,0,2026-01-06,2026-01-05,0.3004918031871475,0,Guarded,unusual hour
TX0016602,C002733,2026-01-06 04:22:00,NS,Point of sale,Cash,Student,300.83,1,1,68.0,2503,6,2.2,4,1,2026-01-06,2026-01-05,0.8155698959823431,1,Critical,"international, unusual hour"
TX0049351,C009706,2026-01-06 04:24:00,BC,Recurring,Grocery,Everyday,40.65,0,0,60.4,887,4,131.3,4,0,2026-01-06,2026-01-05,0.36543474657002367,0,Guarded,"unusual hour, distance anomaly"
TX0032916,C007025,2026-01-06 04:29:00,ON,Point of sale,Grocery,Everyday,60.49,0,1,82.7,719,4,6.2,4,0,2026-01-06,2026-01-05,0.17465412966642616,0,Low,unusual hour
TX0009835,C006089,2026-01-06 04:43:00,QC,Point of sale,Dining,New-to-bank,30.95,0,1,83.0,1030,2,15.9,4,0,2026-01-06,2026-01-05,0.13931517240566385,0,Low,unusual hour
TX0037960,C013478,2026-01-06 04:44:00,ON,Point of sale,Dining,Student,67.98,1,1,61.8,229,6,62.4,4,0,2026-01-06,2026-01-05,0.8095555522377799,1,Critical,"international, unusual hour"
TX0042190,C001637,2026-01-06 04:46:00,QC,E-commerce,Fuel,Student,100.32,0,0,45.3,1286,2,0.1,4,0,2026-01-06,2026-01-05,0.5459640399556351,0,High,unusual hour
TX0049749,C012231,2026-01-06 04:46:00,NB,Point of sale,Dining,Student,228.25,0,1,63.1,365,5,34.4,4,0,2026-01-06,2026-01-05,0.3396846035771941,0,Guarded,unusual hour
TX0017929,C007791,2026-01-06 04:47:00,ON,ATM,Grocery,New-to-bank,7.95,0,0,83.3,430,3,6.6,4,0,2026-01-06,2026-01-05,0.14444517426939588,0,Low,unusual hour
TX0003441,C002959,2026-01-06 04:49:00,ON,Point of sale,Travel,Everyday,142.3,0,1,78.4,2388,8,4.6,4,0,2026-01-06,2026-01-05,0.38177998846952493,0,Guarded,"high velocity, unusual hour"
TX0034321,C005450,2026-01-06 04:52:00,ON,Mobile wallet,Fuel,New-to-bank,52.66,0,0,100.0,566,6,8.7,4,0,2026-01-06,2026-01-05,0.325496561522023,0,Guarded,unusual hour
TX0007423,C005424,2026-01-06 04:58:00,BC,E-commerce,Other,Student,62.84,0,0,52.0,1231,3,10.4,4,0,2026-01-06,2026-01-05,0.5631674581486671,0,High,unusual hour
TX0050598,C012658,2026-01-06 04:59:00,AB,E-commerce,Dining,Small business,53.21,0,0,60.8,1062,4,12.3,4,0,2026-01-06,2026-01-05,0.5159815669915361,0,High,unusual hour
TX0010227,C006501,2026-01-06 05:06:00,BC,Mobile wallet,Dining,Everyday,18.43,0,0,100.0,1055,4,2.9,5,0,2026-01-06,2026-01-05,0.20893661548481646,0,Low,combined behavioural signal
TX0040997,C002220,2026-01-06 05:09:00,QC,ATM,Dining,Student,72.92,0,0,55.9,712,2,6.2,5,0,2026-01-06,2026-01-05,0.21029578432987187,0,Low,combined behavioural signal
TX0002410,C008441,2026-01-06 05:14:00,NB,E-commerce,Cash,Student,241.96,0,0,83.2,891,3,55.9,5,0,2026-01-06,2026-01-05,0.5137600935317178,0,High,combined behavioural signal
TX0016562,C003632,2026-01-06 05:23:00,AB,E-commerce,Digital services,Everyday,9.63,0,0,68.9,784,1,12.9,5,0,2026-01-06,2026-01-05,0.4569620908543199,0,Guarded,combined behavioural signal
TX0026549,C001581,2026-01-06 05:34:00,ON,Point of sale,Grocery,Affluent,28.64,0,1,53.4,1394,5,47.8,5,0,2026-01-06,2026-01-05,0.3853542622428907,0,Guarded,combined behavioural signal
TX0020160,C006658,2026-01-06 05:42:00,BC,Recurring,Other,Everyday,40.82,0,0,81.6,151,2,2.2,5,0,2026-01-06,2026-01-05,0.12625563653129487,0,Low,combined behavioural signal
TX0009765,C008033,2026-01-06 05:44:00,ON,Point of sale,Fuel,Everyday,104.43,0,1,89.8,1260,4,18.2,5,0,2026-01-06,2026-01-05,0.1745182164978645,0,Low,combined behavioural signal
TX0038755,C002046,2026-01-06 05:57:00,ON,Point of sale,Dining,Everyday,42.43,0,1,52.2,310,2,40.2,5,0,2026-01-06,2026-01-05,0.19604680129328117,0,Low,combined behavioural signal
TX0000220,C002868,2026-01-06 06:00:00,ON,Point of sale,Travel,Affluent,82.49,0,1,76.4,277,2,38.3,6,0,2026-01-06,2026-01-05,0.17478436486345816,0,Low,combined behavioural signal
TX0014680,C009579,2026-01-06 06:09:00,BC,Point of sale,Grocery,Everyday,110.99,0,1,62.1,623,1,6.7,6,0,2026-01-06,2026-01-05,0.1378850736433005,0,Low,combined behavioural signal
TX0043763,C000480,2026-01-06 06:11:00,BC,Point of sale,Fuel,Everyday,94.49,0,1,52.5,235,4,6.4,6,0,2026-01-06,2026-01-05,0.22392291955225116,0,Low,combined behavioural signal
TX0000772,C004661,2026-01-06 06:14:00,QC,Point of sale,Other,New-to-bank,48.52,1,1,66.2,1596,5,36.2,6,0,2026-01-06,2026-01-05,0.7818729732811939,1,Critical,international
TX0047037,C003995,2026-01-06 06:16:00,NS,Point of sale,Dining,Student,25.08,0,1,59.4,612,5,2.2,6,0,2026-01-06,2026-01-05,0.20941208630385055,0,Low,combined behavioural signal
TX0013894,C006173,2026-01-06 06:19:00,BC,ATM,Grocery,Affluent,55.96,0,0,58.1,863,2,29.0,6,0,2026-01-06,2026-01-05,0.22248174091713072,0,Low,combined behavioural signal
TX0027089,C007457,2026-01-06 06:21:00,QC,E-commerce,Cash,Everyday,104.49,0,0,64.2,121,3,22.1,6,0,2026-01-06,2026-01-05,0.4929303201138274,0,Guarded,combined behavioural signal
TX0023922,C004798,2026-01-06 06:34:00,ON,E-commerce,Digital services,Everyday,70.52,0,0,65.8,562,4,75.2,6,0,2026-01-06,2026-01-05,0.697512883844129,1,High,combined behavioural signal
TX0043459,C000054,2026-01-06 06:43:00,AB,Point of sale,Grocery,Everyday,25.75,1,1,67.2,540,7,37.8,6,0,2026-01-06,2026-01-05,0.7907143991654614,1,Critical,international
TX0002177,C001276,2026-01-06 06:52:00,ON,ATM,Dining,Affluent,31.57,0,0,53.5,1413,2,6.3,6,0,2026-01-06,2026-01-05,0.2209179477290743,0,Low,combined behavioural signal
TX0054802,C009250,2026-01-06 07:02:00,ON,ATM,Grocery,New-to-bank,60.34,0,0,58.3,1088,4,15.9,7,0,2026-01-06,2026-01-05,0.262874696543069,0,Guarded,combined behavioural signal
TX0014340,C009557,2026-01-06 07:04:00,NS,E-commerce,Dining,Small business,23.71,0,0,75.0,509,3,30.4,7,0,2026-01-06,2026-01-05,0.32258497040181544,0,Guarded,combined behavioural signal
TX0039565,C012537,2026-01-06 07:06:00,ON,Point of sale,Digital services,New-to-bank,47.05,0,1,62.8,1702,8,61.5,7,0,2026-01-06,2026-01-05,0.5776481599479354,0,High,high velocity
TX0028614,C009083,2026-01-06 07:07:00,ON,Point of sale,Dining,Everyday,33.3,0,1,82.0,395,5,12.9,7,0,2026-01-06,2026-01-05,0.18175003004573298,0,Low,combined behavioural signal
TX0031360,C004095,2026-01-06 07:08:00,AB,E-commerce,Fuel,Small business,11.35,0,0,75.1,1160,4,9.0,7,0,2026-01-06,2026-01-05,0.39979383072753777,0,Guarded,combined behavioural signal
TX0048056,C005719,2026-01-06 07:13:00,NB,Point of sale,Grocery,New-to-bank,16.0,0,1,49.8,219,3,26.5,7,0,2026-01-06,2026-01-05,0.18432024028645796,0,Low,combined behavioural signal
TX0016449,C010922,2026-01-06 07:22:00,QC,Point of sale,Digital services,Everyday,456.55,0,1,81.7,1224,5,13.6,7,0,2026-01-06,2026-01-05,0.5465993279107265,0,High,combined behavioural signal
TX0003140,C005270,2026-01-06 07:33:00,MB,ATM,Grocery,Everyday,349.65,0,0,77.1,473,5,8.0,7,0,2026-01-06,2026-01-05,0.3610480382390679,0,Guarded,combined behavioural signal
TX0017000,C008752,2026-01-06 07:53:00,QC,Point of sale,Fuel,Everyday,23.76,0,1,71.0,596,4,18.7,7,0,2026-01-06,2026-01-05,0.18693669143199276,0,Low,combined behavioural signal
TX0025030,C009232,2026-01-06 08:06:00,ON,ATM,Dining,New-to-bank,10.97,0,0,45.1,3737,3,6.7,8,0,2026-01-06,2026-01-05,0.2597642032868712,0,Guarded,combined behavioural signal
TX0050738,C009087,2026-01-06 08:06:00,ON,Recurring,Travel,New-to-bank,266.71,1,0,58.2,1304,3,10.1,8,0,2026-01-06,2026-01-05,0.7571094968793561,1,Critical,international
TX0021620,C005552,2026-01-06 08:09:00,BC,Point of sale,Dining,Everyday,34.16,0,1,69.9,169,5,53.5,8,0,2026-01-06,2026-01-05,0.22740138654760483,0,Low,combined behavioural signal
TX0048658,C000968,2026-01-06 08:14:00,BC,ATM,Grocery,Everyday,16.01,0,0,75.9,716,2,5.6,8,0,2026-01-06,2026-01-05,0.11118116129443897,0,Low,combined behavioural signal
TX0050201,C006337,2026-01-06 08:15:00,ON,E-commerce,Grocery,Student,15.14,0,0,58.5,624,3,18.4,8,0,2026-01-06,2026-01-05,0.4741867113990659,0,Guarded,combined behavioural signal
TX0052009,C014906,2026-01-06 08:36:00,SK,E-commerce,Cash,Everyday,16.61,0,0,55.6,317,4,46.1,8,0,2026-01-06,2026-01-05,0.5085950284934714,0,High,combined behavioural signal
TX0041524,C006178,2026-01-06 08:38:00,QC,Recurring,Digital services,Student,12.68,0,0,100.0,669,8,46.6,8,0,2026-01-06,2026-01-05,0.41291745940556945,0,Guarded,high velocity
TX0007816,C007371,2026-01-06 08:43:00,AB,Mobile wallet,Other,New-to-bank,8.06,0,0,4.8,1185,2,1.2,8,0,2026-01-06,2026-01-05,0.5138969023173572,0,High,low device trust
TX0047581,C002135,2026-01-06 08:44:00,ON,Point of sale,Dining,Everyday,75.17,0,1,71.1,520,4,13.7,8,0,2026-01-06,2026-01-05,0.1923277910227739,0,Low,combined behavioural signal
TX0009791,C005927,2026-01-06 08:46:00,SK,ATM,Dining,Affluent,94.84,0,0,100.0,218,2,33.3,8,0,2026-01-06,2026-01-05,0.13216427390318425,0,Low,combined behavioural signal
TX0010836,C010081,2026-01-06 08:50:00,SK,E-commerce,Digital services,Affluent,6.62,0,0,74.2,3177,1,4.7,8,0,2026-01-06,2026-01-05,0.4810852140112225,0,Guarded,combined behavioural signal
TX0035061,C013384,2026-01-06 09:00:00,ON,ATM,Digital services,Student,75.69,0,0,100.0,381,1,16.0,9,0,2026-01-06,2026-01-05,0.12916263579421328,0,Low,combined behavioural signal
TX0047871,C003512,2026-01-06 09:06:00,QC,Recurring,Grocery,Small business,6.18,0,0,52.4,2566,3,46.9,9,0,2026-01-06,2026-01-05,0.23882521731889375,0,Low,combined behavioural signal
TX0018361,C009911,2026-01-06 09:09:00,AB,Mobile wallet,Travel,Small business,180.15,0,0,81.4,351,5,10.9,9,0,2026-01-06,2026-01-05,0.3473489909859392,0,Guarded,combined behavioural signal
TX0039775,C001559,2026-01-06 09:09:00,ON,Point of sale,Digital services,Everyday,29.9,0,1,51.9,575,2,76.1,9,0,2026-01-06,2026-01-05,0.2964860658608191,0,Guarded,combined behavioural signal
TX0051185,C006754,2026-01-06 09:11:00,BC,Point of sale,Electronics,New-to-bank,208.29,0,1,68.4,434,4,109.7,9,0,2026-01-06,2026-01-05,0.4697036371118721,0,Guarded,combined behavioural signal
TX0058033,C012121,2026-01-06 09:19:00,QC,Mobile wallet,Dining,New-to-bank,45.37,0,0,53.2,1884,3,24.0,9,0,2026-01-06,2026-01-05,0.40073759404212994,0,Guarded,combined behavioural signal
TX0021725,C007074,2026-01-06 09:20:00,ON,Point of sale,Cash,Everyday,23.61,0,1,75.6,274,7,15.9,9,0,2026-01-06,2026-01-05,0.2379565671715992,0,Low,combined behavioural signal
TX0015649,C009813,2026-01-06 09:29:00,ON,Recurring,Digital services,Everyday,23.36,0,0,89.6,993,9,0.6,9,0,2026-01-06,2026-01-05,0.4088941824371398,0,Guarded,high velocity
TX0038038,C005816,2026-01-06 09:30:00,QC,Point of sale,Fuel,Everyday,117.7,0,1,60.0,2569,7,24.9,9,0,2026-01-06,2026-01-05,0.4164464629477199,0,Guarded,combined behavioural signal
TX0058171,C003981,2026-01-06 09:39:00,ON,Point of sale,Grocery,Student,66.1,0,1,64.7,1822,5,23.7,9,0,2026-01-06,2026-01-05,0.2812160235100083,0,Guarded,combined behavioural signal
TX0021924,C000692,2026-01-06 09:41:00,QC,Mobile wallet,Grocery,Small business,216.39,0,0,75.7,477,4,32.9,9,0,2026-01-06,2026-01-05,0.40128105142756865,0,Guarded,combined behavioural signal
TX0051407,C006987,2026-01-06 09:43:00,QC,E-commerce,Dining,New-to-bank,84.68,0,0,55.7,642,3,40.4,9,0,2026-01-06,2026-01-05,0.5676293462307154,0,High,combined behavioural signal
TX0056735,C005174,2026-01-06 09:49:00,ON,ATM,Dining,Student,18.83,0,0,100.0,625,2,6.8,9,0,2026-01-06,2026-01-05,0.08718145735113506,0,Low,combined behavioural signal
TX0032783,C013342,2026-01-06 09:51:00,ON,E-commerce,Fuel,Affluent,21.41,0,0,96.7,1816,1,7.1,9,0,2026-01-06,2026-01-05,0.2747934606174481,0,Guarded,combined behavioural signal
TX0036833,C011122,2026-01-06 09:51:00,QC,E-commerce,Travel,Everyday,251.09,1,0,45.4,526,6,30.6,9,0,2026-01-06,2026-01-05,0.9603359767048546,1,Critical,international
TX0003478,C014168,2026-01-06 10:12:00,AB,Point of sale,Dining,Everyday,128.16,0,1,93.0,1594,2,44.6,10,0,2026-01-06,2026-01-05,0.14596848099508736,0,Low,combined behavioural signal
TX0006789,C012752,2026-01-06 10:16:00,ON,Mobile wallet,Travel,Affluent,35.05,1,0,85.8,577,2,19.4,10,0,2026-01-06,2026-01-05,0.6646718886136385,1,High,international
TX0058413,C012459,2026-01-06 10:18:00,ON,E-commerce,Electronics,Everyday,82.33,0,0,83.6,816,5,30.1,10,0,2026-01-06,2026-01-05,0.6143429233409762,0,High,combined behavioural signal
TX0050122,C000210,2026-01-06 10:20:00,MB,Recurring,Fuel,Student,27.05,0,0,65.2,756,5,16.9,10,0,2026-01-06,2026-01-05,0.2354045839783933,0,Low,combined behavioural signal
TX0011157,C003349,2026-01-06 10:21:00,ON,E-commerce,Cash,Everyday,115.8,0,0,65.5,332,1,59.5,10,0,2026-01-06,2026-01-05,0.40453879062922055,0,Guarded,combined behavioural signal
TX0017399,C004169,2026-01-06 10:27:00,QC,Mobile wallet,Grocery,Affluent,141.26,0,0,38.6,940,3,64.2,10,0,2026-01-06,2026-01-05,0.600494824475699,0,High,combined behavioural signal
TX0015819,C002427,2026-01-06 10:30:00,BC,E-commerce,Travel,New-to-bank,193.03,0,0,39.4,385,3,25.6,10,0,2026-01-06,2026-01-05,0.6041658069204345,0,High,combined behavioural signal
TX0003348,C001906,2026-01-06 10:32:00,ON,Recurring,Digital services,Affluent,230.14,0,0,100.0,1115,4,23.4,10,0,2026-01-06,2026-01-05,0.3476508790178713,0,Guarded,combined behavioural signal
TX0010771,C012766,2026-01-06 10:40:00,QC,Point of sale,Grocery,New-to-bank,122.02,0,1,92.4,1854,3,6.7,10,0,2026-01-06,2026-01-05,0.160582956141198,0,Low,combined behavioural signal
TX0050518,C010451,2026-01-06 10:42:00,BC,ATM,Dining,Everyday,56.64,0,0,94.2,378,5,9.9,10,0,2026-01-06,2026-01-05,0.14757087028581745,0,Low,combined behavioural signal
TX0048934,C004752,2026-01-06 10:50:00,ON,Point of sale,Grocery,Small business,40.24,0,1,70.1,1371,5,113.6,10,0,2026-01-06,2026-01-05,0.2876170851343186,0,Guarded,combined behavioural signal
TX0012159,C008460,2026-01-06 10:53:00,ON,Point of sale,Other,Everyday,6.27,0,1,72.5,360,4,96.3,10,0,2026-01-06,2026-01-05,0.2487740890026822,0,Low,combined behavioural signal
TX0019838,C011176,2026-01-06 10:54:00,ON,E-commerce,Dining,Everyday,25.45,0,0,48.0,1754,2,41.4,10,0,2026-01-06,2026-01-05,0.4884990716375765,0,Guarded,combined behavioural signal
TX0044776,C005669,2026-01-06 10:58:00,ON,Mobile wallet,Travel,New-to-bank,89.44,0,0,64.1,1395,1,37.7,10,0,2026-01-06,2026-01-05,0.2661073786134664,0,Guarded,combined behavioural signal
TX0051381,C001272,2026-01-06 11:05:00,BC,Point of sale,Travel,New-to-bank,48.22,0,1,100.0,3550,2,21.7,11,0,2026-01-06,2026-01-05,0.09461398848952947,0,Low,combined behavioural signal
TX0044290,C002374,2026-01-06 11:06:00,ON,Mobile wallet,Grocery,New-to-bank,31.09,0,0,90.2,695,3,15.9,11,0,2026-01-06,2026-01-05,0.2197481786131511,0,Low,combined behavioural signal
TX0000144,C009395,2026-01-06 11:06:00,QC,ATM,Travel,Student,129.69,0,0,58.7,406,3,84.4,11,0,2026-01-06,2026-01-05,0.2968899517746086,0,Guarded,combined behavioural signal
TX0028589,C014803,2026-01-06 11:06:00,QC,E-commerce,Dining,New-to-bank,242.46,0,0,53.3,808,2,78.9,11,0,2026-01-06,2026-01-05,0.6639223873929775,1,High,combined behavioural signal
TX0001159,C011320,2026-01-06 11:14:00,QC,E-commerce,Grocery,Student,9.35,0,0,78.2,261,4,98.7,11,0,2026-01-06,2026-01-05,0.5459917300826398,0,High,combined behavioural signal
TX0038524,C013115,2026-01-06 11:17:00,BC,Point of sale,Grocery,Student,61.37,0,1,63.5,1402,4,53.5,11,0,2026-01-06,2026-01-05,0.24274674542537758,0,Low,combined behavioural signal
TX0008795,C011287,2026-01-06 11:20:00,AB,Point of sale,Dining,Student,86.71,0,1,81.4,540,4,53.1,11,0,2026-01-06,2026-01-05,0.21677771631927106,0,Low,combined behavioural signal
TX0000795,C003477,2026-01-06 11:22:00,ON,E-commerce,Digital services,Everyday,27.4,0,0,75.2,575,4,35.4,11,0,2026-01-06,2026-01-05,0.5596406882269489,0,High,combined behavioural signal
TX0004363,C011076,2026-01-06 11:23:00,ON,E-commerce,Dining,Student,306.09,0,0,36.7,564,5,81.5,11,0,2026-01-06,2026-01-05,0.832280045337309,1,Critical,combined behavioural signal
TX0054516,C009911,2026-01-06 11:23:00,AB,E-commerce,Dining,Affluent,39.93,0,0,58.2,727,4,39.2,11,0,2026-01-06,2026-01-05,0.6096420299840302,0,High,combined behavioural signal
TX0036335,C001268,2026-01-06 11:34:00,ON,Point of sale,Other,New-to-bank,54.91,0,1,82.5,1460,4,87.9,11,0,2026-01-06,2026-01-05,0.2573895148240036,0,Guarded,combined behavioural signal
TX0021686,C004204,2026-01-06 11:40:00,ON,E-commerce,Other,New-to-bank,79.98,0,0,67.6,1055,4,5.6,11,0,2026-01-06,2026-01-05,0.529967774901302,0,High,combined behavioural signal
TX0008083,C009841,2026-01-06 11:45:00,ON,ATM,Digital services,Student,109.34,1,0,41.6,419,3,31.3,11,1,2026-01-06,2026-01-05,0.8142846743059563,1,Critical,international
TX0034785,C000884,2026-01-06 11:55:00,QC,Point of sale,Digital services,Affluent,17.87,0,1,55.8,461,4,13.1,11,0,2026-01-06,2026-01-05,0.35156673768123253,0,Guarded,combined behavioural signal
TX0018089,C014329,2026-01-06 12:10:00,AB,ATM,Fuel,Everyday,159.19,0,0,69.0,539,2,59.7,12,0,2026-01-06,2026-01-05,0.20655109493024718,0,Low,combined behavioural signal
TX0023708,C007803,2026-01-06 12:20:00,BC,E-commerce,Other,Everyday,24.62,0,0,56.4,350,6,12.4,12,0,2026-01-06,2026-01-05,0.5874446346593947,0,High,combined behavioural signal
TX0001296,C001108,2026-01-06 12:20:00,AB,Point of sale,Fuel,Student,193.97,0,1,48.6,1133,7,6.4,12,0,2026-01-06,2026-01-05,0.4528892553231238,0,Guarded,combined behavioural signal
TX0017221,C007921,2026-01-06 12:29:00,BC,Mobile wallet,Other,Affluent,15.05,0,0,74.9,282,3,8.2,12,0,2026-01-06,2026-01-05,0.2804328082952936,0,Guarded,combined behavioural signal
TX0026834,C000435,2026-01-06 12:46:00,BC,Recurring,Grocery,Small business,31.76,0,0,73.7,221,4,40.2,12,0,2026-01-06,2026-01-05,0.1548573146649592,0,Low,combined behavioural signal
TX0043015,C014976,2026-01-06 12:59:00,ON,Point of sale,Grocery,Student,93.98,0,1,18.2,1009,5,16.7,12,0,2026-01-06,2026-01-05,0.42364684220400584,0,Guarded,low device trust
TX0051808,C012804,2026-01-06 12:59:00,BC,Point of sale,Dining,Everyday,65.12,0,1,58.6,1020,3,66.3,12,0,2026-01-06,2026-01-05,0.20944619078899615,0,Low,combined behavioural signal
TX0016599,C014983,2026-01-06 13:01:00,ON,ATM,Dining,Student,38.85,0,0,91.4,707,7,14.5,13,0,2026-01-06,2026-01-05,0.22601056838222916,0,Low,combined behavioural signal
TX0024203,C004424,2026-01-06 13:03:00,QC,E-commerce,Grocery,Everyday,7.8,1,0,55.2,791,4,17.9,13,0,2026-01-06,2026-01-05,0.8789058814371543,1,Critical,international
TX0050290,C007923,2026-01-06 13:04:00,QC,Mobile wallet,Dining,New-to-bank,19.92,0,0,89.1,437,2,0.9,13,0,2026-01-06,2026-01-05,0.17315453756439195,0,Low,combined behavioural signal
TX0052808,C004604,2026-01-06 13:05:00,QC,Point of sale,Other,Everyday,91.23,0,1,65.3,992,2,1.6,13,0,2026-01-06,2026-01-05,0.16546506454954255,0,Low,combined behavioural signal
TX0023237,C001019,2026-01-06 13:06:00,ON,Point of sale,Dining,Student,32.63,0,1,82.4,1758,2,8.1,13,0,2026-01-06,2026-01-05,0.108211998941438,0,Low,combined behavioural signal
TX0018812,C000351,2026-01-06 13:15:00,SK,Point of sale,Fuel,Everyday,37.98,0,1,75.0,1570,3,9.4,13,0,2026-01-06,2026-01-05,0.12315866867233088,0,Low,combined behavioural signal
TX0051082,C009845,2026-01-06 13:29:00,BC,Point of sale,Dining,Affluent,44.85,0,1,42.4,628,4,33.5,13,0,2026-01-06,2026-01-05,0.2892858304124953,0,Guarded,combined behavioural signal
TX0055523,C014676,2026-01-06 13:34:00,AB,Point of sale,Electronics,Everyday,33.08,0,1,99.5,197,3,3.7,13,0,2026-01-06,2026-01-05,0.13679064438266372,0,Low,combined behavioural signal
TX0014245,C012490,2026-01-06 13:44:00,AB,ATM,Dining,Affluent,135.19,0,0,73.8,723,5,10.4,13,0,2026-01-06,2026-01-05,0.2981437591648535,0,Guarded,combined behavioural signal
TX0025477,C008605,2026-01-06 13:46:00,NB,Mobile wallet,Cash,Small business,267.93,0,0,93.0,586,1,0.6,13,0,2026-01-06,2026-01-05,0.14068374457029723,0,Low,combined behavioural signal
TX0035527,C004551,2026-01-06 13:49:00,ON,Point of sale,Fuel,Small business,83.62,0,1,66.1,2001,2,29.8,13,0,2026-01-06,2026-01-05,0.13211965693033936,0,Low,combined behavioural signal
TX0002873,C007846,2026-01-06 13:51:00,ON,ATM,Grocery,New-to-bank,84.18,0,0,70.4,864,5,44.0,13,0,2026-01-06,2026-01-05,0.27250621236034217,0,Guarded,combined behavioural signal
TX0035749,C008790,2026-01-06 14:30:00,AB,E-commerce,Grocery,Everyday,80.41,0,0,56.8,1761,1,69.0,14,0,2026-01-06,2026-01-05,0.47749206904703223,0,Guarded,combined behavioural signal
TX0016716,C013424,2026-01-06 14:31:00,BC,Recurring,Grocery,Everyday,46.48,0,0,81.6,1342,5,25.4,14,0,2026-01-06,2026-01-05,0.18837895036584076,0,Low,combined behavioural signal
TX0025475,C006680,2026-01-06 14:36:00,QC,Point of sale,Travel,Everyday,149.59,0,1,97.2,595,3,18.3,14,0,2026-01-06,2026-01-05,0.1225227144743174,0,Low,combined behavioural signal
TX0059473,C013287,2026-01-06 14:39:00,QC,Mobile wallet,Travel,Everyday,167.12,0,0,56.8,1931,5,6.9,14,0,2026-01-06,2026-01-05,0.4698446473985597,0,Guarded,combined behavioural signal
TX0037503,C002498,2026-01-06 14:49:00,ON,Mobile wallet,Travel,Everyday,680.07,1,0,66.5,1935,2,16.8,14,0,2026-01-06,2026-01-05,0.9128084442885641,1,Critical,"international, high amount"
TX0036387,C004612,2026-01-06 14:53:00,ON,Point of sale,Dining,Student,103.46,0,1,84.4,588,4,39.6,14,0,2026-01-06,2026-01-05,0.18067859390025406,0,Low,combined behavioural signal
TX0040910,C005633,2026-01-06 14:58:00,ON,Recurring,Digital services,Affluent,82.52,0,0,89.3,1184,6,25.4,14,0,2026-01-06,2026-01-05,0.3717563389700362,0,Guarded,combined behavioural signal
TX0058630,C000101,2026-01-06 15:09:00,QC,Point of sale,Travel,Everyday,224.32,0,1,60.1,1116,2,11.6,15,0,2026-01-06,2026-01-05,0.19575941828464813,0,Low,combined behavioural signal
TX0033041,C013784,2026-01-06 15:16:00,ON,Point of sale,Cash,Everyday,82.47,0,1,24.7,1534,3,2.3,15,0,2026-01-06,2026-01-05,0.2444465253691065,0,Low,low device trust
TX0017142,C013278,2026-01-06 15:18:00,AB,Mobile wallet,Travel,Everyday,30.87,1,0,100.0,474,4,49.1,15,0,2026-01-06,2026-01-05,0.6655971816193605,1,High,international
TX0043349,C013946,2026-01-06 15:18:00,ON,Point of sale,Dining,Everyday,141.54,0,1,41.7,1520,3,18.1,15,0,2026-01-06,2026-01-05,0.25399853102289965,0,Guarded,combined behavioural signal
TX0042299,C008845,2026-01-06 15:19:00,ON,Recurring,Other,Student,54.7,0,0,49.3,1057,3,40.8,15,0,2026-01-06,2026-01-05,0.26635804996954915,0,Guarded,combined behavioural signal
TX0036724,C009957,2026-01-06 15:20:00,AB,E-commerce,Digital services,Student,47.88,0,0,80.3,1374,3,55.8,15,0,2026-01-06,2026-01-05,0.5570626722562584,0,High,combined behavioural signal
TX0008995,C001355,2026-01-06 15:20:00,ON,Mobile wallet,Cash,Everyday,60.85,0,0,93.7,531,3,87.4,15,0,2026-01-06,2026-01-05,0.2390392457262913,0,Low,combined behavioural signal
TX0009674,C010854,2026-01-06 15:20:00,QC,Recurring,Digital services,New-to-bank,18.67,0,0,84.0,1087,4,33.2,15,0,2026-01-06,2026-01-05,0.25187551816197135,0,Guarded,combined behavioural signal
TX0036276,C003839,2026-01-06 15:47:00,BC,Point of sale,Fuel,Everyday,82.11,0,1,87.1,1466,5,1.2,15,0,2026-01-06,2026-01-05,0.14360594896619835,0,Low,combined behavioural signal
TX0048192,C007599,2026-01-06 15:53:00,NS,E-commerce,Grocery,Everyday,31.43,0,0,52.8,659,4,45.8,15,0,2026-01-06,2026-01-05,0.479306092985744,0,Guarded,combined behavioural signal
TX0006910,C013275,2026-01-06 15:58:00,ON,Point of sale,Other,Everyday,35.94,1,1,80.6,1833,3,1.3,15,0,2026-01-06,2026-01-05,0.517771465120274,0,High,international
TX0030194,C012345,2026-01-06 16:02:00,ON,Mobile wallet,Cash,Small business,40.18,0,0,84.2,586,6,16.3,16,0,2026-01-06,2026-01-05,0.2602145553337158,0,Guarded,combined behavioural signal
TX0030934,C010123,2026-01-06 16:02:00,ON,Point of sale,Fuel,Student,29.33,0,1,61.8,946,3,1.7,16,0,2026-01-06,2026-01-05,0.13956326739935723,0,Low,combined behavioural signal
TX0054397,C003172,2026-01-06 16:08:00,SK,Point of sale,Fuel,Affluent,55.04,0,1,75.4,1717,4,0.6,16,0,2026-01-06,2026-01-05,0.17047453618016983,0,Low,combined behavioural signal
TX0002052,C003737,2026-01-06 16:11:00,QC,Point of sale,Electronics,Everyday,546.3,0,1,84.8,1209,4,50.8,16,0,2026-01-06,2026-01-05,0.5369450977634992,0,High,high amount
TX0020818,C003700,2026-01-06 16:15:00,QC,ATM,Other,Everyday,26.18,0,0,83.8,255,1,2.9,16,0,2026-01-06,2026-01-05,0.08861565690774514,0,Low,combined behavioural signal
TX0022816,C014904,2026-01-06 16:22:00,ON,Point of sale,Travel,Affluent,144.16,0,1,44.5,1545,5,58.4,16,0,2026-01-06,2026-01-05,0.4132327121066427,0,Guarded,combined behavioural signal
TX0040827,C003300,2026-01-06 16:25:00,AB,Point of sale,Other,Student,48.72,1,1,69.6,380,3,69.5,16,0,2026-01-06,2026-01-05,0.6582107634823334,1,High,international
TX0035400,C010445,2026-01-06 16:27:00,ON,Point of sale,Digital services,Everyday,190.52,0,1,69.6,877,4,36.6,16,0,2026-01-06,2026-01-05,0.32980611272252824,0,Guarded,combined behavioural signal
TX0054580,C009458,2026-01-06 16:44:00,QC,Recurring,Electronics,Small business,128.93,0,0,36.7,797,3,29.0,16,0,2026-01-06,2026-01-05,0.3629901715819277,0,Guarded,combined behavioural signal
TX0047055,C012433,2026-01-06 16:52:00,MB,Point of sale,Cash,Student,23.45,0,1,83.8,1110,4,6.4,16,0,2026-01-06,2026-01-05,0.11974651084799663,0,Low,combined behavioural signal
TX0028676,C013204,2026-01-06 16:56:00,NB,Point of sale,Grocery,Student,39.43,0,1,15.3,930,5,50.1,16,0,2026-01-06,2026-01-05,0.3691427945583167,0,Guarded,low device trust
TX0028413,C014303,2026-01-06 16:57:00,AB,Point of sale,Fuel,Small business,231.93,0,1,68.5,473,2,57.4,16,0,2026-01-06,2026-01-05,0.1810410798430856,0,Low,combined behavioural signal
TX0058327,C010680,2026-01-06 17:02:00,SK,E-commerce,Fuel,Everyday,109.86,0,0,69.0,158,2,5.5,17,0,2026-01-06,2026-01-05,0.3191276535425249,0,Guarded,combined behavioural signal
TX0050410,C002927,2026-01-06 17:06:00,BC,Point of sale,Grocery,Everyday,8.03,0,1,100.0,754,4,6.1,17,0,2026-01-06,2026-01-05,0.08539823959418105,0,Low,combined behavioural signal
TX0031636,C000918,2026-01-06 17:14:00,BC,Point of sale,Grocery,New-to-bank,134.84,0,1,64.1,624,6,0.6,17,0,2026-01-06,2026-01-05,0.2571075523921265,0,Guarded,combined behavioural signal
TX0014485,C008374,2026-01-06 17:16:00,ON,Point of sale,Grocery,Everyday,30.5,0,1,85.0,1039,3,24.0,17,0,2026-01-06,2026-01-05,0.11208930394780371,0,Low,combined behavioural signal
TX0030184,C014800,2026-01-06 17:18:00,ON,Point of sale,Dining,Student,27.27,0,1,82.6,891,6,26.0,17,0,2026-01-06,2026-01-05,0.1965556284011338,0,Low,combined behavioural signal
TX0046922,C010049,2026-01-06 17:18:00,ON,E-commerce,Grocery,New-to-bank,171.62,0,0,92.4,803,3,23.2,17,0,2026-01-06,2026-01-05,0.39401739847796613,0,Guarded,combined behavioural signal
TX0054155,C013517,2026-01-06 17:20:00,NS,Point of sale,Grocery,Small business,504.81,0,1,41.6,1483,3,110.7,17,0,2026-01-06,2026-01-05,0.4820213945767538,0,Guarded,high amount
TX0034399,C013805,2026-01-06 17:23:00,NS,ATM,Dining,Everyday,124.66,0,0,96.7,2565,7,30.8,17,0,2026-01-06,2026-01-05,0.22224829650117642,0,Low,combined behavioural signal
TX0041342,C000828,2026-01-06 17:30:00,ON,Point of sale,Fuel,Everyday,27.42,0,1,100.0,1569,6,28.2,17,0,2026-01-06,2026-01-05,0.14918271035816413,0,Low,combined behavioural signal
TX0044796,C003989,2026-01-06 17:33:00,BC,Point of sale,Other,New-to-bank,32.79,0,1,80.4,1090,5,43.7,17,0,2026-01-06,2026-01-05,0.1996074405687698,0,Low,combined behavioural signal
TX0015523,C008916,2026-01-06 17:47:00,AB,Mobile wallet,Grocery,Student,14.26,0,0,46.1,740,3,23.2,17,0,2026-01-06,2026-01-05,0.34441641120567057,0,Guarded,combined behavioural signal
TX0011924,C004439,2026-01-06 17:59:00,ON,E-commerce,Electronics,Everyday,123.61,0,0,47.3,1450,4,54.7,17,0,2026-01-06,2026-01-05,0.7210330858910783,1,High,combined behavioural signal
TX0027966,C012283,2026-01-06 18:01:00,QC,Mobile wallet,Cash,Everyday,12.15,0,0,74.3,1259,5,33.6,18,0,2026-01-06,2026-01-05,0.3095696078587421,0,Guarded,combined behavioural signal
TX0028828,C009202,2026-01-06 18:02:00,ON,Point of sale,Dining,Small business,58.65,0,1,49.2,754,3,0.5,18,0,2026-01-06,2026-01-05,0.1411892482331152,0,Low,combined behavioural signal
TX0049380,C010689,2026-01-06 18:06:00,ON,ATM,Grocery,New-to-bank,91.21,0,0,57.3,508,6,8.3,18,0,2026-01-06,2026-01-05,0.2881256088313807,0,Guarded,combined behavioural signal
TX0021967,C008313,2026-01-06 18:12:00,ON,Recurring,Dining,Student,43.56,0,0,94.3,1811,4,40.2,18,0,2026-01-06,2026-01-05,0.15157205737237828,0,Low,combined behavioural signal
TX0038654,C009379,2026-01-06 18:19:00,QC,ATM,Grocery,New-to-bank,30.2,0,0,48.3,1148,5,1.3,18,0,2026-01-06,2026-01-05,0.2660727112415116,0,Guarded,combined behavioural signal
TX0056284,C004126,2026-01-06 18:43:00,BC,Point of sale,Dining,Everyday,62.09,0,1,84.6,1860,4,21.5,18,0,2026-01-06,2026-01-05,0.13263465238665906,0,Low,combined behavioural signal
TX0054729,C006415,2026-01-06 18:45:00,ON,Mobile wallet,Other,Everyday,56.37,0,0,77.1,801,2,45.0,18,0,2026-01-06,2026-01-05,0.23954441557001274,0,Low,combined behavioural signal
TX0055104,C009683,2026-01-06 18:55:00,ON,ATM,Electronics,Student,6.58,0,0,100.0,348,2,34.1,18,0,2026-01-06,2026-01-05,0.11814898296016721,0,Low,combined behavioural signal
TX0011911,C003688,2026-01-06 18:56:00,ON,Recurring,Digital services,Everyday,392.06,0,0,100.0,351,2,22.2,18,0,2026-01-06,2026-01-05,0.2428212951940963,0,Low,combined behavioural signal
TX0054198,C003594,2026-01-06 19:03:00,NS,E-commerce,Grocery,Everyday,34.02,0,0,71.1,2012,6,45.3,19,0,2026-01-06,2026-01-05,0.5066697763338927,0,High,combined behavioural signal
TX0004590,C014480,2026-01-06 19:07:00,QC,E-commerce,Grocery,Everyday,21.6,0,0,69.4,2598,7,18.0,19,0,2026-01-06,2026-01-05,0.6028702334286848,0,High,combined behavioural signal
TX0033178,C004107,2026-01-06 19:12:00,ON,Point of sale,Fuel,Everyday,59.29,0,1,54.7,1142,4,12.5,19,0,2026-01-06,2026-01-05,0.18159400119187674,0,Low,combined behavioural signal
TX0025805,C010434,2026-01-06 19:15:00,QC,E-commerce,Other,Everyday,419.62,0,0,59.6,1391,2,7.9,19,0,2026-01-06,2026-01-05,0.6382633053923715,0,High,combined behavioural signal
TX0018157,C011745,2026-01-06 19:24:00,NB,Point of sale,Digital services,New-to-bank,22.91,0,1,93.5,458,4,28.8,19,0,2026-01-06,2026-01-05,0.14194243325644956,0,Low,combined behavioural signal
TX0025914,C008402,2026-01-06 19:29:00,QC,Point of sale,Dining,Everyday,136.11,0,1,77.1,1007,5,36.5,19,0,2026-01-06,2026-01-05,0.23002779304885923,0,Low,combined behavioural signal
TX0043910,C010428,2026-01-06 19:32:00,ON,E-commerce,Dining,Affluent,65.46,0,0,98.8,860,3,39.7,19,0,2026-01-06,2026-01-05,0.3557202316213187,0,Guarded,combined behavioural signal
TX0042977,C006161,2026-01-06 19:39:00,BC,Point of sale,Other,Small business,366.63,0,1,71.3,629,3,6.2,19,0,2026-01-06,2026-01-05,0.21052293567144617,0,Low,combined behavioural signal
TX0002125,C005474,2026-01-06 19:41:00,ON,Point of sale,Electronics,Affluent,415.74,0,1,82.0,310,4,2.9,19,0,2026-01-06,2026-01-05,0.4091112214115843,0,Guarded,combined behavioural signal
TX0010341,C011173,2026-01-06 19:46:00,QC,Mobile wallet,Digital services,New-to-bank,44.08,0,0,54.7,869,3,105.0,19,0,2026-01-06,2026-01-05,0.5348833895871057,0,High,combined behavioural signal
TX0040881,C009279,2026-01-06 19:50:00,BC,Point of sale,Electronics,Everyday,21.09,0,1,60.0,1777,6,3.1,19,0,2026-01-06,2026-01-05,0.2974754885040875,0,Guarded,combined behavioural signal
TX0038821,C013444,2026-01-06 19:51:00,ON,Mobile wallet,Other,Affluent,18.54,0,0,47.2,1606,3,36.3,19,0,2026-01-06,2026-01-05,0.41706445059359787,0,Guarded,combined behavioural signal
TX0038725,C000851,2026-01-06 20:05:00,QC,Point of sale,Cash,New-to-bank,180.84,0,1,98.2,1320,4,4.8,20,0,2026-01-06,2026-01-05,0.14004099657165017,0,Low,combined behavioural signal
TX0042558,C012954,2026-01-06 20:08:00,QC,Mobile wallet,Grocery,Everyday,143.42,0,0,56.3,487,2,31.4,20,0,2026-01-06,2026-01-05,0.3135858217905097,0,Guarded,combined behavioural signal
TX0008859,C007384,2026-01-06 20:11:00,QC,E-commerce,Digital services,Small business,50.05,0,0,40.1,601,3,16.8,20,0,2026-01-06,2026-01-05,0.5611216030203784,0,High,combined behavioural signal
TX0008176,C000431,2026-01-06 20:12:00,BC,E-commerce,Digital services,Everyday,19.58,0,0,27.8,1524,2,10.2,20,0,2026-01-06,2026-01-05,0.548991530289069,0,High,low device trust
TX0037688,C008985,2026-01-06 20:26:00,BC,Point of sale,Grocery,Small business,33.46,0,1,76.9,1008,2,5.4,20,0,2026-01-06,2026-01-05,0.07117094874253486,0,Low,combined behavioural signal
TX0030336,C011115,2026-01-06 20:31:00,QC,E-commerce,Dining,Everyday,27.35,0,0,31.1,760,4,29.3,20,0,2026-01-06,2026-01-05,0.5785421503305982,0,High,low device trust
TX0031624,C003618,2026-01-06 20:45:00,ON,E-commerce,Fuel,Student,35.1,0,0,82.6,110,6,29.6,20,0,2026-01-06,2026-01-05,0.44946661641689034,0,Guarded,combined behavioural signal
TX0003203,C007199,2026-01-06 20:47:00,QC,Point of sale,Grocery,Student,7.6,0,1,75.3,1792,3,13.5,20,0,2026-01-06,2026-01-05,0.13093967741016901,0,Low,combined behavioural signal
TX0056869,C012250,2026-01-06 20:57:00,QC,Point of sale,Electronics,Everyday,41.36,0,1,86.7,537,4,79.0,20,0,2026-01-06,2026-01-05,0.23896578261387125,0,Low,combined behavioural signal
TX0041667,C008717,2026-01-06 21:04:00,NS,Point of sale,Grocery,Everyday,69.49,0,1,93.0,885,1,1.0,21,0,2026-01-06,2026-01-05,0.050253337107621865,0,Low,combined behavioural signal
TX0014567,C008647,2026-01-06 21:14:00,ON,ATM,Electronics,Affluent,12.76,0,0,49.5,1340,5,11.5,21,0,2026-01-06,2026-01-05,0.3684415200626993,0,Guarded,combined behavioural signal
TX0058958,C003711,2026-01-06 21:15:00,NS,Point of sale,Fuel,Everyday,16.51,0,1,78.5,1148,2,24.0,21,0,2026-01-06,2026-01-05,0.07018152420247552,0,Low,combined behavioural signal
TX0041229,C008877,2026-01-06 21:18:00,NB,Point of sale,Dining,Everyday,35.38,0,1,67.2,249,3,62.7,21,0,2026-01-06,2026-01-05,0.12304326810331694,0,Low,combined behavioural signal
TX0030535,C004108,2026-01-06 21:41:00,ON,E-commerce,Other,Student,254.34,0,0,89.3,1463,2,21.5,21,0,2026-01-06,2026-01-05,0.422909551886524,0,Guarded,combined behavioural signal
TX0034795,C000253,2026-01-06 21:41:00,BC,Point of sale,Digital services,New-to-bank,30.54,0,1,53.7,1228,3,51.0,21,0,2026-01-06,2026-01-05,0.24958391302928667,0,Low,combined behavioural signal
TX0051950,C011539,2026-01-06 21:44:00,ON,Mobile wallet,Fuel,Student,26.53,0,0,86.5,675,3,37.2,21,0,2026-01-06,2026-01-05,0.19178019423204148,0,Low,combined behavioural signal
TX0010127,C004937,2026-01-06 21:45:00,ON,Point of sale,Dining,Everyday,60.14,0,1,78.1,612,4,39.8,21,0,2026-01-06,2026-01-05,0.1463396508769166,0,Low,combined behavioural signal
TX0048805,C007495,2026-01-06 21:54:00,QC,Point of sale,Digital services,Student,70.25,0,1,69.9,823,5,39.5,21,0,2026-01-06,2026-01-05,0.31468994488784746,0,Guarded,combined behavioural signal
TX0057908,C011662,2026-01-06 22:00:00,BC,E-commerce,Digital services,Everyday,24.44,0,0,87.7,1672,6,38.2,22,0,2026-01-06,2026-01-05,0.540339802468769,0,High,combined behavioural signal
TX0017077,C002732,2026-01-06 22:04:00,ON,E-commerce,Fuel,Small business,150.04,0,0,79.1,1316,3,31.2,22,0,2026-01-06,2026-01-05,0.3452121522955279,0,Guarded,combined behavioural signal
TX0046884,C007893,2026-01-06 22:07:00,ON,E-commerce,Cash,Student,73.83,1,0,74.6,1112,2,27.5,22,0,2026-01-06,2026-01-05,0.7622370835055553,1,Critical,international
TX0019165,C008384,2026-01-06 22:16:00,ON,Mobile wallet,Digital services,Everyday,534.79,0,0,66.3,239,4,17.4,22,0,2026-01-06,2026-01-05,0.655839097376728,1,High,high amount
TX0049799,C012166,2026-01-06 22:27:00,QC,E-commerce,Cash,Student,248.65,0,0,56.0,195,3,26.5,22,0,2026-01-06,2026-01-05,0.540119435685442,0,High,combined behavioural signal
TX0026576,C014410,2026-01-06 22:33:00,ON,ATM,Grocery,Small business,45.79,0,0,73.5,1044,6,2.5,22,0,2026-01-06,2026-01-05,0.166918543712492,0,Low,combined behavioural signal
TX0023359,C008756,2026-01-06 22:41:00,QC,ATM,Cash,Student,269.12,0,0,72.2,424,3,4.4,22,0,2026-01-06,2026-01-05,0.1926554718436553,0,Low,combined behavioural signal
TX0049454,C010211,2026-01-06 22:46:00,ON,Point of sale,Grocery,Affluent,99.06,0,1,82.8,203,5,33.7,22,0,2026-01-06,2026-01-05,0.2065873273810236,0,Low,combined behavioural signal
TX0031413,C005452,2026-01-06 22:47:00,ON,Recurring,Cash,Everyday,29.66,0,0,14.0,835,2,53.4,22,0,2026-01-06,2026-01-05,0.24206699339163007,0,Low,low device trust
TX0010817,C011597,2026-01-06 23:04:00,NS,E-commerce,Digital services,Everyday,25.75,0,0,75.7,755,3,41.5,23,0,2026-01-06,2026-01-05,0.39235595269547474,0,Guarded,unusual hour
TX0026889,C011752,2026-01-06 23:14:00,QC,Point of sale,Grocery,Everyday,77.69,0,1,46.6,797,2,24.7,23,0,2026-01-06,2026-01-05,0.16551451463924555,0,Low,unusual hour
TX0019951,C007144,2026-01-06 23:15:00,QC,Point of sale,Fuel,Everyday,89.05,0,1,35.2,1436,3,88.5,23,0,2026-01-06,2026-01-05,0.28869784429447665,0,Guarded,unusual hour
TX0016155,C011713,2026-01-06 23:22:00,QC,E-commerce,Electronics,New-to-bank,376.54,0,0,99.8,1238,3,16.8,23,0,2026-01-06,2026-01-05,0.5865975244617068,0,High,unusual hour
TX0003038,C002888,2026-01-06 23:23:00,BC,Recurring,Cash,Student,166.18,0,0,76.4,598,4,3.3,23,0,2026-01-06,2026-01-05,0.15210228069329215,0,Low,unusual hour
TX0056099,C004084,2026-01-06 23:31:00,ON,Point of sale,Fuel,New-to-bank,235.43,0,1,74.9,463,4,41.5,23,0,2026-01-06,2026-01-05,0.2130126967797575,0,Low,unusual hour
TX0020404,C003597,2026-01-06 23:33:00,BC,E-commerce,Cash,Affluent,5.89,0,0,53.3,2197,5,56.7,23,0,2026-01-06,2026-01-05,0.570642693529036,0,High,unusual hour
TX0017526,C009672,2026-01-06 23:41:00,ON,Recurring,Electronics,Student,14.99,0,0,54.2,338,4,14.2,23,0,2026-01-06,2026-01-05,0.25596571726751066,0,Guarded,unusual hour
TX0017531,C009129,2026-01-06 23:42:00,AB,Recurring,Electronics,Small business,226.62,0,0,88.7,1056,7,42.5,23,0,2026-01-06,2026-01-05,0.3908557119127947,0,Guarded,unusual hour
TX0004367,C001789,2026-01-06 23:51:00,QC,Point of sale,Other,Everyday,90.45,0,1,64.8,553,7,0.8,23,0,2026-01-06,2026-01-05,0.28564484803434437,0,Guarded,unusual hour
TX0021715,C006274,2026-01-06 23:59:00,ON,E-commerce,Fuel,Everyday,252.77,0,0,70.2,1139,4,2.8,23,0,2026-01-06,2026-01-05,0.48472988374022613,0,Guarded,unusual hour
TX0030599,C005471,2026-01-07 00:03:00,BC,Point of sale,Digital services,New-to-bank,91.49,0,1,64.0,906,4,26.0,0,0,2026-01-07,2026-01-05,0.36762881069086845,0,Guarded,unusual hour
TX0046127,C000657,2026-01-07 00:03:00,ON,Recurring,Digital services,Everyday,58.09,0,0,68.0,1089,1,0.6,0,0,2026-01-07,2026-01-05,0.21736948230859543,0,Low,unusual hour
TX0022329,C008176,2026-01-07 00:07:00,ON,Point of sale,Digital services,New-to-bank,77.66,0,1,58.1,1666,1,40.9,0,0,2026-01-07,2026-01-05,0.29933099680410247,0,Guarded,unusual hour
TX0035730,C000264,2026-01-07 00:08:00,ON,Point of sale,Dining,Everyday,260.24,0,1,34.3,500,3,11.9,0,1,2026-01-07,2026-01-05,0.40304168097082804,0,Guarded,"low device trust, unusual hour"
TX0034635,C004117,2026-01-07 00:10:00,QC,ATM,Fuel,Everyday,63.89,0,0,56.7,1448,1,78.9,0,0,2026-01-07,2026-01-05,0.24864872282761524,0,Low,unusual hour
TX0024543,C008446,2026-01-07 00:11:00,ON,E-commerce,Travel,Affluent,104.14,0,0,50.4,163,1,25.3,0,0,2026-01-07,2026-01-05,0.5353910503512596,0,High,unusual hour
TX0051298,C009968,2026-01-07 00:25:00,ON,Point of sale,Digital services,Everyday,32.89,0,1,47.7,807,4,25.9,0,0,2026-01-07,2026-01-05,0.39604106909464465,0,Guarded,unusual hour
TX0045426,C002044,2026-01-07 00:31:00,ON,Point of sale,Fuel,Small business,83.31,0,1,86.5,548,3,8.6,0,0,2026-01-07,2026-01-05,0.12966376489691653,0,Low,unusual hour
TX0013629,C014118,2026-01-07 00:39:00,QC,Point of sale,Fuel,New-to-bank,445.99,0,1,83.0,966,3,0.5,0,0,2026-01-07,2026-01-05,0.35106597821359903,0,Guarded,unusual hour
TX0052497,C004254,2026-01-07 00:44:00,BC,Point of sale,Other,Everyday,101.9,0,1,94.6,1634,2,101.8,0,0,2026-01-07,2026-01-05,0.21134586802577413,0,Low,unusual hour
TX0029684,C004870,2026-01-07 00:51:00,ON,E-commerce,Fuel,Affluent,30.36,0,0,72.9,628,8,42.0,0,0,2026-01-07,2026-01-05,0.7559554619036437,1,Critical,"high velocity, unusual hour"
TX0021683,C001691,2026-01-07 00:55:00,ON,Point of sale,Travel,Small business,142.97,0,1,83.8,572,6,3.6,0,0,2026-01-07,2026-01-05,0.2363289842663024,0,Low,unusual hour
TX0041833,C009044,2026-01-07 00:57:00,BC,Recurring,Travel,Everyday,119.57,0,0,97.3,797,4,37.4,0,0,2026-01-07,2026-01-05,0.18961182701410778,0,Low,unusual hour
TX0002680,C004315,2026-01-07 00:59:00,BC,Point of sale,Digital services,Small business,320.71,0,1,66.0,741,4,12.7,0,0,2026-01-07,2026-01-05,0.4208945868304207,0,Guarded,unusual hour
TX0005642,C010053,2026-01-07 01:19:00,MB,Mobile wallet,Fuel,Everyday,166.75,0,0,76.0,1350,5,59.8,1,0,2026-01-07,2026-01-05,0.5168622968572173,0,High,unusual hour
TX0002966,C007454,2026-01-07 01:31:00,QC,Recurring,Electronics,Affluent,67.45,0,0,63.8,1218,4,10.6,1,0,2026-01-07,2026-01-05,0.4483591803496607,0,Guarded,unusual hour
TX0015954,C010416,2026-01-07 01:31:00,ON,Point of sale,Other,Small business,85.73,0,1,100.0,1153,4,46.8,1,0,2026-01-07,2026-01-05,0.18379709074134012,0,Low,unusual hour
TX0027117,C000219,2026-01-07 01:31:00,QC,Point of sale,Fuel,Student,155.79,0,1,93.7,1635,4,90.7,1,0,2026-01-07,2026-01-05,0.3076972794610678,0,Guarded,unusual hour
TX0007850,C011460,2026-01-07 01:33:00,MB,Point of sale,Other,Affluent,34.33,0,1,67.4,2610,5,46.3,1,0,2026-01-07,2026-01-05,0.40468428222619685,0,Guarded,unusual hour
TX0046867,C014333,2026-01-07 01:34:00,ON,ATM,Fuel,Affluent,431.97,0,0,89.3,735,3,5.0,1,0,2026-01-07,2026-01-05,0.3540873475361067,0,Guarded,unusual hour
TX0055219,C008764,2026-01-07 01:36:00,ON,Recurring,Fuel,Everyday,97.92,0,0,65.9,1422,2,3.6,1,0,2026-01-07,2026-01-05,0.1900829405821382,0,Low,unusual hour
TX0057587,C014725,2026-01-07 01:50:00,ON,Recurring,Other,Small business,42.99,0,0,76.4,946,3,40.4,1,0,2026-01-07,2026-01-05,0.20259740657269668,0,Low,unusual hour
TX0045367,C013436,2026-01-07 01:59:00,QC,Point of sale,Fuel,Everyday,202.73,0,1,68.8,1362,3,2.3,1,0,2026-01-07,2026-01-05,0.25744784003632,0,Guarded,unusual hour
TX0002128,C006739,2026-01-07 02:05:00,ON,E-commerce,Grocery,Everyday,158.93,0,0,76.0,775,4,6.2,2,0,2026-01-07,2026-01-05,0.5520822990851687,0,High,unusual hour
TX0051398,C005812,2026-01-07 02:05:00,ON,Point of sale,Grocery,Affluent,40.85,0,1,76.8,520,3,11.2,2,0,2026-01-07,2026-01-05,0.20011236446212075,0,Low,unusual hour
TX0016695,C012724,2026-01-07 02:11:00,QC,Point of sale,Other,Everyday,45.73,0,1,56.5,2134,5,6.1,2,0,2026-01-07,2026-01-05,0.3504396399017351,0,Guarded,unusual hour
TX0006487,C009574,2026-01-07 02:15:00,ON,Mobile wallet,Fuel,Affluent,6.84,0,0,72.2,716,4,51.0,2,0,2026-01-07,2026-01-05,0.4205575582928665,0,Guarded,unusual hour
TX0052771,C012685,2026-01-07 02:40:00,ON,Mobile wallet,Digital services,Small business,85.68,0,0,64.4,268,5,72.1,2,0,2026-01-07,2026-01-05,0.5895807854198517,0,High,unusual hour
TX0020263,C014696,2026-01-07 02:46:00,BC,E-commerce,Fuel,New-to-bank,94.07,0,0,66.8,233,3,72.8,2,0,2026-01-07,2026-01-05,0.5526078178372233,0,High,unusual hour
TX0050466,C002856,2026-01-07 03:00:00,BC,Point of sale,Dining,Everyday,57.82,0,1,64.2,1110,5,11.9,3,0,2026-01-07,2026-01-05,0.2497247644862244,0,Low,unusual hour
TX0004661,C009430,2026-01-07 03:01:00,BC,ATM,Grocery,Affluent,100.45,0,0,68.2,2398,4,7.3,3,0,2026-01-07,2026-01-05,0.3035715647258499,0,Guarded,unusual hour
TX0047056,C007393,2026-01-07 03:11:00,AB,Point of sale,Cash,Everyday,29.42,0,1,92.1,1131,4,40.8,3,0,2026-01-07,2026-01-05,0.17169842744310834,0,Low,unusual hour
TX0057719,C003705,2026-01-07 03:23:00,ON,Mobile wallet,Digital services,Student,39.96,0,0,59.6,1147,6,108.7,3,0,2026-01-07,2026-01-05,0.7305983938343135,1,High,unusual hour
TX0031685,C005131,2026-01-07 03:26:00,BC,Point of sale,Dining,New-to-bank,44.95,0,1,61.4,1066,4,34.5,3,0,2026-01-07,2026-01-05,0.24990736317948595,0,Low,unusual hour
TX0034638,C003407,2026-01-07 03:26:00,NS,Mobile wallet,Dining,Student,36.85,0,0,64.1,364,4,9.4,3,0,2026-01-07,2026-01-05,0.32275040677168265,0,Guarded,unusual hour
TX0059046,C005063,2026-01-07 03:35:00,ON,Mobile wallet,Fuel,Student,201.06,0,0,39.4,1123,4,0.1,3,0,2026-01-07,2026-01-05,0.5574081314622358,0,High,unusual hour
TX0048534,C012258,2026-01-07 03:47:00,ON,Point of sale,Electronics,Everyday,36.53,0,1,87.7,606,3,56.0,3,0,2026-01-07,2026-01-05,0.23826105736379974,0,Low,unusual hour
TX0019173,C013513,2026-01-07 03:58:00,AB,Point of sale,Electronics,Small business,109.44,0,1,100.0,1200,4,69.7,3,0,2026-01-07,2026-01-05,0.2784819520431747,0,Guarded,unusual hour
TX0021100,C002637,2026-01-07 03:58:00,QC,E-commerce,Cash,Small business,79.07,0,0,83.7,404,2,38.4,3,0,2026-01-07,2026-01-05,0.3575848865783749,0,Guarded,unusual hour
TX0030350,C008311,2026-01-07 04:00:00,AB,Mobile wallet,Electronics,Everyday,21.32,0,0,90.0,1468,5,10.0,4,0,2026-01-07,2026-01-05,0.44038838131884755,0,Guarded,unusual hour
TX0042067,C002243,2026-01-07 04:07:00,ON,Point of sale,Travel,Student,56.5,1,1,56.4,1666,2,63.0,4,0,2026-01-07,2026-01-05,0.6782951337919878,1,High,"international, unusual hour"
TX0056894,C013336,2026-01-07 04:07:00,ON,Point of sale,Dining,Everyday,20.69,0,1,58.3,913,4,17.7,4,0,2026-01-07,2026-01-05,0.22810106522988147,0,Low,unusual hour
TX0049254,C011879,2026-01-07 04:11:00,BC,Point of sale,Grocery,Affluent,16.45,0,1,78.2,1658,1,8.3,4,0,2026-01-07,2026-01-05,0.12662689723137727,0,Low,unusual hour
TX0003628,C001359,2026-01-07 04:11:00,AB,Point of sale,Fuel,Everyday,3.86,0,1,49.8,623,4,92.6,4,0,2026-01-07,2026-01-05,0.32689485468012763,0,Guarded,unusual hour
TX0045779,C001173,2026-01-07 04:22:00,BC,E-commerce,Travel,Small business,33.51,1,0,55.4,593,3,4.0,4,0,2026-01-07,2026-01-05,0.8216668613020616,1,Critical,"international, unusual hour"
TX0048286,C002125,2026-01-07 04:24:00,BC,E-commerce,Dining,Everyday,137.79,0,0,76.0,546,4,117.9,4,0,2026-01-07,2026-01-05,0.6394813910111947,0,High,unusual hour
TX0024826,C013465,2026-01-07 04:28:00,SK,Point of sale,Digital services,Everyday,261.2,0,1,81.1,1254,2,22.0,4,0,2026-01-07,2026-01-05,0.2877668467012005,0,Guarded,unusual hour
TX0002376,C014810,2026-01-07 04:29:00,ON,Point of sale,Grocery,Small business,667.51,0,1,68.3,863,1,13.2,4,0,2026-01-07,2026-01-05,0.3761654620462178,0,Guarded,"high amount, unusual hour"
TX0032170,C013328,2026-01-07 04:29:00,BC,Recurring,Digital services,Everyday,39.68,0,0,73.4,499,2,42.0,4,0,2026-01-07,2026-01-05,0.22685184645187093,0,Low,unusual hour
TX0043584,C005198,2026-01-07 04:29:00,NB,E-commerce,Travel,Affluent,532.2,0,0,44.6,813,4,22.2,4,0,2026-01-07,2026-01-05,0.8360576032350729,1,Critical,"high amount, unusual hour"
TX0034834,C004294,2026-01-07 04:40:00,ON,E-commerce,Fuel,Everyday,58.56,0,0,74.9,1423,3,33.1,4,0,2026-01-07,2026-01-05,0.45975225174667467,0,Guarded,unusual hour
TX0026122,C001608,2026-01-07 04:41:00,NB,Recurring,Fuel,Affluent,29.21,0,0,57.9,451,2,138.2,4,0,2026-01-07,2026-01-05,0.2946234869850642,0,Guarded,"unusual hour, distance anomaly"
TX0041209,C001747,2026-01-07 04:44:00,ON,E-commerce,Digital services,Small business,23.81,0,0,83.9,1230,3,17.0,4,0,2026-01-07,2026-01-05,0.4626135188610469,0,Guarded,unusual hour
TX0012393,C014220,2026-01-07 04:56:00,AB,Point of sale,Electronics,Everyday,128.45,0,1,52.6,1727,2,12.4,4,0,2026-01-07,2026-01-05,0.3385635304917248,0,Guarded,unusual hour
TX0001710,C002669,2026-01-07 05:02:00,ON,Recurring,Dining,Everyday,76.36,0,0,32.1,1287,2,54.2,5,0,2026-01-07,2026-01-05,0.31933924277998754,0,Guarded,low device trust
TX0049881,C000521,2026-01-07 05:02:00,BC,ATM,Other,Small business,11.96,0,0,84.6,116,5,4.2,5,0,2026-01-07,2026-01-05,0.1588110870338974,0,Low,combined behavioural signal
TX0012194,C004821,2026-01-07 05:14:00,QC,Point of sale,Electronics,Student,26.48,1,1,100.0,1453,5,43.9,5,0,2026-01-07,2026-01-05,0.7442642297825929,1,High,international
TX0013138,C001485,2026-01-07 05:23:00,AB,Mobile wallet,Dining,Student,34.84,0,0,82.6,1284,3,3.6,5,0,2026-01-07,2026-01-05,0.27743126484592306,0,Guarded,combined behavioural signal
TX0058455,C012519,2026-01-07 05:28:00,BC,Point of sale,Cash,Student,57.5,0,1,78.6,529,3,44.7,5,0,2026-01-07,2026-01-05,0.16007130511865722,0,Low,combined behavioural signal
TX0022072,C006191,2026-01-07 05:33:00,BC,Point of sale,Fuel,Everyday,81.18,0,1,88.8,480,6,33.7,5,0,2026-01-07,2026-01-05,0.2199521669940111,0,Low,combined behavioural signal
TX0025570,C004920,2026-01-07 05:33:00,QC,Point of sale,Travel,Student,96.93,0,1,49.2,1275,3,12.1,5,0,2026-01-07,2026-01-05,0.2628079505272861,0,Guarded,combined behavioural signal
TX0006893,C004000,2026-01-07 05:34:00,BC,ATM,Dining,Everyday,14.81,0,0,62.7,823,5,38.9,5,0,2026-01-07,2026-01-05,0.2597059860748487,0,Guarded,combined behavioural signal
TX0036220,C009283,2026-01-07 05:39:00,QC,Point of sale,Digital services,Everyday,122.62,0,1,45.0,321,3,18.4,5,0,2026-01-07,2026-01-05,0.3861918811360875,0,Guarded,combined behavioural signal
TX0009609,C004538,2026-01-07 05:48:00,ON,Point of sale,Other,New-to-bank,16.7,0,1,40.6,600,4,2.0,5,0,2026-01-07,2026-01-05,0.2954426342975342,0,Guarded,combined behavioural signal
TX0012672,C011265,2026-01-07 05:51:00,BC,Mobile wallet,Fuel,Student,25.29,0,0,46.2,512,4,112.3,5,0,2026-01-07,2026-01-05,0.524303850486157,0,High,combined behavioural signal
TX0046163,C004771,2026-01-07 05:52:00,ON,E-commerce,Electronics,Student,300.59,0,0,73.0,896,3,37.8,5,0,2026-01-07,2026-01-05,0.7374388471680525,1,High,combined behavioural signal
TX0037502,C005172,2026-01-07 05:53:00,ON,ATM,Dining,Affluent,26.29,0,0,75.7,917,3,54.4,5,0,2026-01-07,2026-01-05,0.23482818243160433,0,Low,combined behavioural signal
TX0051253,C002263,2026-01-07 06:04:00,MB,E-commerce,Fuel,Small business,166.81,0,0,45.1,905,4,21.7,6,0,2026-01-07,2026-01-05,0.6087512872969059,0,High,combined behavioural signal
TX0012652,C000056,2026-01-07 06:12:00,QC,E-commerce,Grocery,Everyday,27.54,0,0,72.9,1045,6,9.3,6,0,2026-01-07,2026-01-05,0.5852307156532647,0,High,combined behavioural signal
TX0032280,C003138,2026-01-07 06:13:00,ON,E-commerce,Dining,Affluent,92.74,1,0,73.8,939,1,40.2,6,0,2026-01-07,2026-01-05,0.8535416163697455,1,Critical,international
TX0000028,C006726,2026-01-07 06:19:00,BC,Point of sale,Dining,Student,155.99,0,1,49.0,1075,2,80.6,6,0,2026-01-07,2026-01-05,0.300800686214523,0,Guarded,combined behavioural signal
TX0002242,C001194,2026-01-07 06:29:00,BC,E-commerce,Fuel,Student,232.74,0,0,58.5,1351,2,25.4,6,0,2026-01-07,2026-01-05,0.5560577045342933,0,High,combined behavioural signal
TX0022818,C013480,2026-01-07 06:37:00,QC,Mobile wallet,Digital services,Affluent,59.63,0,0,100.0,1515,2,62.7,6,0,2026-01-07,2026-01-05,0.4027366860478938,0,Guarded,combined behavioural signal
TX0029726,C011108,2026-01-07 06:55:00,ON,ATM,Electronics,Student,233.43,0,0,87.7,564,4,24.4,6,0,2026-01-07,2026-01-05,0.3583517060622076,0,Guarded,combined behavioural signal
TX0045635,C005565,2026-01-07 07:09:00,MB,Point of sale,Dining,Affluent,39.51,0,1,53.3,3595,2,12.9,7,0,2026-01-07,2026-01-05,0.24187035808127688,0,Low,combined behavioural signal
TX0010577,C010684,2026-01-07 07:18:00,MB,Mobile wallet,Dining,Student,104.64,0,0,43.4,755,4,64.8,7,0,2026-01-07,2026-01-05,0.5450956814361098,0,High,combined behavioural signal
TX0004539,C007237,2026-01-07 07:33:00,SK,ATM,Fuel,Everyday,222.53,0,0,61.4,444,4,6.1,7,0,2026-01-07,2026-01-05,0.274640382362049,0,Guarded,combined behavioural signal
TX0006822,C001506,2026-01-07 07:43:00,QC,Point of sale,Dining,Everyday,138.81,0,1,100.0,160,4,2.6,7,0,2026-01-07,2026-01-05,0.15404706899611248,0,Low,combined behavioural signal
TX0027730,C014139,2026-01-07 07:54:00,QC,E-commerce,Electronics,Everyday,270.1,0,0,94.6,522,3,50.9,7,0,2026-01-07,2026-01-05,0.6516889101078277,1,High,combined behavioural signal
TX0025945,C005424,2026-01-07 07:55:00,NS,Point of sale,Dining,Everyday,47.8,0,1,64.9,496,2,11.9,7,0,2026-01-07,2026-01-05,0.11932671766959442,0,Low,combined behavioural signal
TX0024301,C001434,2026-01-07 07:58:00,QC,Mobile wallet,Fuel,Everyday,215.2,0,0,60.0,992,4,18.0,7,0,2026-01-07,2026-01-05,0.4866795987484999,0,Guarded,combined behavioural signal
TX0048918,C012673,2026-01-07 07:59:00,BC,E-commerce,Grocery,Small business,600.17,0,0,61.8,1484,5,7.1,7,0,2026-01-07,2026-01-05,0.8049933919051312,1,Critical,high amount
TX0032057,C013264,2026-01-07 08:04:00,ON,Point of sale,Digital services,Student,6.85,0,1,100.0,272,3,107.0,8,0,2026-01-07,2026-01-05,0.22302852396538037,0,Low,combined behavioural signal
TX0017081,C008810,2026-01-07 08:09:00,QC,E-commerce,Other,Everyday,24.24,0,0,58.6,1335,3,24.5,8,0,2026-01-07,2026-01-05,0.5355450811320842,0,High,combined behavioural signal
TX0017345,C000785,2026-01-07 08:09:00,BC,E-commerce,Digital services,Small business,56.47,0,0,70.4,916,3,32.0,8,0,2026-01-07,2026-01-05,0.5036875658604795,0,High,combined behavioural signal
TX0052643,C010044,2026-01-07 08:10:00,QC,E-commerce,Grocery,Everyday,377.98,0,0,67.6,494,5,9.7,8,0,2026-01-07,2026-01-05,0.7364617047962434,1,High,combined behavioural signal
TX0039054,C014861,2026-01-07 08:30:00,ON,Recurring,Digital services,Everyday,17.99,0,0,59.7,712,4,3.6,8,0,2026-01-07,2026-01-05,0.29437225129859246,0,Guarded,combined behavioural signal
TX0023447,C007763,2026-01-07 08:35:00,ON,Mobile wallet,Grocery,Everyday,25.0,0,0,96.7,418,3,86.3,8,0,2026-01-07,2026-01-05,0.26484025070154904,0,Guarded,combined behavioural signal
TX0051953,C012699,2026-01-07 08:35:00,QC,Point of sale,Fuel,Small business,256.38,0,1,50.4,1325,3,59.1,8,0,2026-01-07,2026-01-05,0.3362580372318829,0,Guarded,combined behavioural signal
TX0059747,C004636,2026-01-07 08:45:00,QC,E-commerce,Cash,Small business,129.22,0,0,97.7,1449,6,49.5,8,0,2026-01-07,2026-01-05,0.5298408654869355,0,High,combined behavioural signal
TX0005773,C010141,2026-01-07 08:47:00,ON,Point of sale,Travel,Everyday,122.26,1,1,81.3,1148,4,10.7,8,0,2026-01-07,2026-01-05,0.6044989013269372,0,High,international
TX0003925,C009482,2026-01-07 08:49:00,QC,E-commerce,Dining,Student,5.0,0,0,61.4,458,4,39.4,8,0,2026-01-07,2026-01-05,0.5458492978015859,0,High,combined behavioural signal
TX0050386,C003770,2026-01-07 09:05:00,ON,Mobile wallet,Cash,Everyday,200.77,0,0,53.8,1431,2,35.8,9,0,2026-01-07,2026-01-05,0.3942336974183896,0,Guarded,combined behavioural signal
TX0025829,C002651,2026-01-07 09:12:00,AB,Mobile wallet,Dining,New-to-bank,98.4,0,0,83.1,229,4,15.7,9,0,2026-01-07,2026-01-05,0.326803110703367,0,Guarded,combined behavioural signal
TX0036210,C010319,2026-01-07 09:16:00,ON,Point of sale,Electronics,Everyday,166.3,0,1,50.7,1451,2,45.7,9,0,2026-01-07,2026-01-05,0.3566976336943707,0,Guarded,combined behavioural signal
TX0050111,C012544,2026-01-07 09:16:00,ON,Point of sale,Dining,Small business,37.89,0,1,59.5,1506,4,51.2,9,0,2026-01-07,2026-01-05,0.2194535891802513,0,Low,combined behavioural signal
TX0022883,C006599,2026-01-07 09:20:00,ON,E-commerce,Other,Affluent,2.24,0,0,71.2,2777,3,21.8,9,0,2026-01-07,2026-01-05,0.5315639430438652,0,High,combined behavioural signal
TX0006451,C007907,2026-01-07 09:21:00,ON,ATM,Grocery,Affluent,23.16,0,0,74.3,421,5,3.8,9,0,2026-01-07,2026-01-05,0.23944571817833765,0,Low,combined behavioural signal
TX0045953,C012123,2026-01-07 09:29:00,QC,Point of sale,Electronics,Everyday,41.83,1,1,44.9,948,3,18.5,9,0,2026-01-07,2026-01-05,0.7755454710124754,1,Critical,international
TX0054830,C006598,2026-01-07 09:42:00,NS,E-commerce,Digital services,Affluent,193.44,0,0,63.8,448,2,57.9,9,0,2026-01-07,2026-01-05,0.6577589869410597,1,High,combined behavioural signal
TX0024650,C013096,2026-01-07 09:44:00,BC,Mobile wallet,Dining,Affluent,80.88,0,0,100.0,500,4,0.2,9,0,2026-01-07,2026-01-05,0.25509578430403584,0,Guarded,combined behavioural signal
TX0058815,C012622,2026-01-07 09:51:00,AB,E-commerce,Dining,Small business,58.76,0,0,65.3,761,3,43.0,9,0,2026-01-07,2026-01-05,0.45671289091107975,0,Guarded,combined behavioural signal
TX0034333,C000912,2026-01-07 09:55:00,BC,Point of sale,Grocery,Affluent,133.9,0,1,34.9,892,3,27.9,9,0,2026-01-07,2026-01-05,0.34640276807339226,0,Guarded,low device trust
TX0029596,C001288,2026-01-07 10:05:00,BC,E-commerce,Grocery,Small business,328.09,0,0,88.0,952,5,123.4,10,0,2026-01-07,2026-01-05,0.6952651345615872,1,High,distance anomaly
TX0036597,C012927,2026-01-07 10:05:00,NS,E-commerce,Grocery,Everyday,25.31,0,0,54.9,1996,1,3.9,10,0,2026-01-07,2026-01-05,0.3272100983628423,0,Guarded,combined behavioural signal
TX0058925,C005903,2026-01-07 10:13:00,MB,Recurring,Other,Small business,54.38,0,0,79.9,909,2,8.4,10,0,2026-01-07,2026-01-05,0.11826810695899677,0,Low,combined behavioural signal
TX0002571,C008357,2026-01-07 10:17:00,BC,E-commerce,Digital services,Student,58.16,0,0,81.3,1927,4,3.1,10,0,2026-01-07,2026-01-05,0.5387989395161157,0,High,combined behavioural signal
TX0052263,C002621,2026-01-07 10:21:00,BC,Point of sale,Grocery,Small business,10.0,0,1,48.4,803,5,9.3,10,0,2026-01-07,2026-01-05,0.2090827779275899,0,Low,combined behavioural signal
TX0041523,C002494,2026-01-07 10:35:00,ON,Recurring,Other,Affluent,68.83,0,0,96.4,1605,7,109.3,10,0,2026-01-07,2026-01-05,0.44790599089616284,0,Guarded,combined behavioural signal
TX0012389,C009359,2026-01-07 10:50:00,ON,Point of sale,Dining,Affluent,77.83,1,1,66.1,256,1,18.3,10,0,2026-01-07,2026-01-05,0.5558368580394177,0,High,international
TX0004059,C000483,2026-01-07 10:56:00,ON,Point of sale,Grocery,Everyday,117.66,0,1,89.3,477,5,10.7,10,0,2026-01-07,2026-01-05,0.1883566210799522,0,Low,combined behavioural signal
TX0008839,C007035,2026-01-07 10:57:00,BC,Mobile wallet,Dining,Everyday,25.41,0,0,67.1,1988,4,0.4,10,0,2026-01-07,2026-01-05,0.29659775716615816,0,Guarded,combined behavioural signal
TX0049352,C010829,2026-01-07 11:01:00,ON,Point of sale,Electronics,Everyday,173.19,0,1,49.8,903,4,22.0,11,0,2026-01-07,2026-01-05,0.4054246133640422,0,Guarded,combined behavioural signal
TX0046117,C006939,2026-01-07 11:02:00,BC,Point of sale,Digital services,Everyday,57.82,0,1,95.4,2187,3,21.9,11,0,2026-01-07,2026-01-05,0.16923526799659994,0,Low,combined behavioural signal
TX0027458,C005959,2026-01-07 11:04:00,QC,E-commerce,Dining,Everyday,25.15,0,0,69.4,428,4,2.6,11,0,2026-01-07,2026-01-05,0.44148474242654134,0,Guarded,combined behavioural signal
TX0036820,C002471,2026-01-07 11:05:00,ON,E-commerce,Grocery,Student,24.87,0,0,73.7,644,4,2.3,11,0,2026-01-07,2026-01-05,0.4299154629235498,0,Guarded,combined behavioural signal
TX0033903,C006195,2026-01-07 11:05:00,QC,Mobile wallet,Fuel,Affluent,749.57,0,0,97.7,563,5,33.1,11,0,2026-01-07,2026-01-05,0.7514343231430778,1,Critical,high amount
TX0035899,C001673,2026-01-07 11:16:00,AB,E-commerce,Grocery,Affluent,53.18,0,0,32.5,1486,2,33.4,11,0,2026-01-07,2026-01-05,0.6327384895823285,0,High,low device trust
TX0002431,C007881,2026-01-07 11:17:00,ON,Point of sale,Digital services,New-to-bank,118.79,0,1,63.5,628,3,58.8,11,0,2026-01-07,2026-01-05,0.3325812207557469,0,Guarded,combined behavioural signal
TX0020883,C004319,2026-01-07 11:26:00,ON,E-commerce,Grocery,New-to-bank,22.25,0,0,100.0,839,3,47.9,11,0,2026-01-07,2026-01-05,0.34480882130582224,0,Guarded,combined behavioural signal
TX0052745,C001349,2026-01-07 11:26:00,BC,E-commerce,Grocery,Everyday,45.25,0,0,80.6,172,4,23.0,11,0,2026-01-07,2026-01-05,0.39654130798751336,0,Guarded,combined behavioural signal
TX0056608,C013704,2026-01-07 11:32:00,QC,Point of sale,Dining,Student,194.25,0,1,33.9,2006,8,0.8,11,0,2026-01-07,2026-01-05,0.5901635614618698,0,High,"low device trust, high velocity"
TX0015233,C000052,2026-01-07 11:39:00,AB,Recurring,Digital services,Small business,33.18,0,0,68.9,2481,2,37.6,11,0,2026-01-07,2026-01-05,0.22616550042770242,0,Low,combined behavioural signal
TX0005473,C003444,2026-01-07 11:40:00,ON,Point of sale,Grocery,Everyday,5.57,0,1,54.4,942,4,3.1,11,0,2026-01-07,2026-01-05,0.19448960818853758,0,Low,combined behavioural signal
TX0056255,C000775,2026-01-07 11:45:00,ON,Point of sale,Grocery,Everyday,632.07,0,1,100.0,1651,2,12.4,11,0,2026-01-07,2026-01-05,0.29992747489410665,0,Guarded,high amount
TX0038315,C005587,2026-01-07 11:49:00,AB,Mobile wallet,Electronics,Small business,81.06,0,0,85.7,514,1,26.3,11,0,2026-01-07,2026-01-05,0.24212736902576673,0,Low,combined behavioural signal
TX0052958,C005103,2026-01-07 11:50:00,ON,Recurring,Fuel,New-to-bank,23.74,1,0,73.7,221,2,7.9,11,0,2026-01-07,2026-01-05,0.4851429573802738,0,Guarded,international
TX0006358,C013196,2026-01-07 11:53:00,QC,E-commerce,Grocery,Everyday,6.45,0,0,71.6,1337,3,6.7,11,0,2026-01-07,2026-01-05,0.40203808261490376,0,Guarded,combined behavioural signal
TX0040620,C014405,2026-01-07 11:55:00,ON,Point of sale,Dining,Small business,185.66,0,1,100.0,791,2,49.9,11,0,2026-01-07,2026-01-05,0.11514234055104211,0,Low,combined behavioural signal
TX0056161,C001418,2026-01-07 11:55:00,ON,ATM,Travel,Everyday,166.32,0,0,44.0,1850,4,52.3,11,0,2026-01-07,2026-01-05,0.36318414415352074,0,Guarded,combined behavioural signal
TX0055186,C006924,2026-01-07 11:57:00,ON,Mobile wallet,Fuel,Everyday,500.48,0,0,58.9,720,3,27.3,11,0,2026-01-07,2026-01-05,0.58148981040663,0,High,high amount
TX0047191,C001049,2026-01-07 11:57:00,NB,E-commerce,Fuel,Affluent,16.67,0,0,100.0,663,3,65.1,11,0,2026-01-07,2026-01-05,0.33739317417105363,0,Guarded,combined behavioural signal
TX0054236,C005729,2026-01-07 12:09:00,BC,Mobile wallet,Cash,Everyday,56.33,0,0,82.0,823,3,1.8,12,0,2026-01-07,2026-01-05,0.19247736753430242,0,Low,combined behavioural signal
TX0004902,C003199,2026-01-07 12:10:00,MB,ATM,Cash,Student,13.27,0,0,70.9,743,1,42.2,12,0,2026-01-07,2026-01-05,0.11128214256588888,0,Low,combined behavioural signal
TX0023248,C012210,2026-01-07 12:19:00,ON,E-commerce,Dining,Affluent,177.27,0,0,81.8,425,7,42.0,12,0,2026-01-07,2026-01-05,0.7110354332568677,1,High,combined behavioural signal
TX0050620,C004808,2026-01-07 12:19:00,ON,Mobile wallet,Grocery,Student,66.46,1,0,41.7,3014,2,22.0,12,0,2026-01-07,2026-01-05,0.8211133016680621,1,Critical,international
TX0057412,C011465,2026-01-07 12:23:00,ON,Point of sale,Cash,New-to-bank,54.36,0,1,76.7,84,4,44.2,12,0,2026-01-07,2026-01-05,0.17310131426780978,0,Low,new account
TX0051263,C002242,2026-01-07 12:31:00,BC,Point of sale,Dining,Student,33.0,0,1,70.3,522,3,32.1,12,0,2026-01-07,2026-01-05,0.14849184972571514,0,Low,combined behavioural signal
TX0040490,C003426,2026-01-07 12:37:00,MB,E-commerce,Fuel,New-to-bank,26.93,0,0,61.0,1019,1,109.4,12,1,2026-01-07,2026-01-05,0.45408972926219615,0,Guarded,combined behavioural signal
TX0052772,C001381,2026-01-07 12:37:00,NB,Point of sale,Electronics,Everyday,38.37,0,1,49.5,1262,5,33.3,12,0,2026-01-07,2026-01-05,0.3388607410150311,0,Guarded,combined behavioural signal
TX0024802,C005586,2026-01-07 12:53:00,ON,E-commerce,Travel,Everyday,256.3,1,0,93.6,946,4,14.0,12,1,2026-01-07,2026-01-05,0.8610203329478027,1,Critical,international
TX0030967,C002786,2026-01-07 12:55:00,AB,E-commerce,Dining,Small business,11.54,0,0,35.7,242,2,24.0,12,0,2026-01-07,2026-01-05,0.44056592171093767,0,Guarded,combined behavioural signal
TX0020297,C008900,2026-01-07 12:56:00,BC,Point of sale,Dining,Affluent,86.48,0,1,83.5,1203,3,24.6,12,0,2026-01-07,2026-01-05,0.16536912286791167,0,Low,combined behavioural signal
TX0019835,C006535,2026-01-07 12:57:00,QC,ATM,Grocery,Everyday,97.06,0,0,71.5,252,4,12.7,12,0,2026-01-07,2026-01-05,0.20882603522566875,0,Low,combined behavioural signal
TX0014519,C008731,2026-01-07 12:59:00,ON,Recurring,Other,Student,172.11,0,0,60.8,1945,3,6.3,12,0,2026-01-07,2026-01-05,0.28071458512219477,0,Guarded,combined behavioural signal
TX0007332,C006659,2026-01-07 13:10:00,BC,ATM,Grocery,Everyday,29.27,0,0,95.7,1758,4,24.7,13,0,2026-01-07,2026-01-05,0.12906515142338595,0,Low,combined behavioural signal
TX0000423,C004027,2026-01-07 13:13:00,BC,ATM,Grocery,Affluent,25.48,0,0,71.4,1784,5,8.3,13,0,2026-01-07,2026-01-05,0.23761385736544458,0,Low,combined behavioural signal
TX0055072,C007018,2026-01-07 13:30:00,ON,E-commerce,Digital services,Affluent,134.37,1,0,85.0,372,2,65.6,13,0,2026-01-07,2026-01-05,0.9061766096920701,1,Critical,international
TX0043388,C004697,2026-01-07 13:33:00,BC,Mobile wallet,Dining,Small business,233.16,0,0,57.0,467,4,8.5,13,0,2026-01-07,2026-01-05,0.37810308067796594,0,Guarded,combined behavioural signal
TX0016774,C000357,2026-01-07 13:35:00,QC,Point of sale,Grocery,Small business,222.41,0,1,100.0,2608,2,0.7,13,0,2026-01-07,2026-01-05,0.11825905586528482,0,Low,combined behavioural signal
TX0056877,C014322,2026-01-07 13:45:00,BC,Mobile wallet,Electronics,Everyday,217.96,0,0,83.4,1012,2,103.7,13,0,2026-01-07,2026-01-05,0.4620624517422383,0,Guarded,combined behavioural signal
TX0016878,C008423,2026-01-07 13:47:00,BC,E-commerce,Fuel,Affluent,15.84,0,0,42.5,236,4,39.2,13,0,2026-01-07,2026-01-05,0.5811421335594954,0,High,combined behavioural signal
TX0041003,C002031,2026-01-07 13:57:00,QC,E-commerce,Dining,Everyday,55.89,0,0,81.8,1046,2,9.7,13,0,2026-01-07,2026-01-05,0.3289779632274089,0,Guarded,combined behavioural signal
TX0008716,C004099,2026-01-07 14:02:00,QC,Point of sale,Travel,Everyday,167.84,0,1,46.3,1326,4,12.0,14,0,2026-01-07,2026-01-05,0.2888121282647484,0,Guarded,combined behavioural signal
TX0059867,C012349,2026-01-07 14:14:00,ON,Point of sale,Grocery,Everyday,329.82,0,1,36.4,191,2,0.1,14,0,2026-01-07,2026-01-05,0.29760930893128995,0,Guarded,combined behavioural signal
TX0018340,C009871,2026-01-07 14:15:00,NB,E-commerce,Cash,Affluent,359.42,0,0,73.6,302,7,1.6,14,0,2026-01-07,2026-01-05,0.714877363635365,1,High,combined behavioural signal
TX0056707,C008695,2026-01-07 14:19:00,QC,Point of sale,Digital services,Small business,178.53,0,1,52.3,203,4,24.9,14,0,2026-01-07,2026-01-05,0.3512625239186619,0,Guarded,combined behavioural signal
TX0059137,C010259,2026-01-07 14:32:00,QC,Point of sale,Grocery,Affluent,93.63,0,1,66.0,1164,3,5.8,14,0,2026-01-07,2026-01-05,0.21827410246973789,0,Low,combined behavioural signal
TX0008376,C012858,2026-01-07 14:34:00,ON,Point of sale,Fuel,Student,289.47,0,1,78.3,1630,6,1.8,14,0,2026-01-07,2026-01-05,0.3254306136244942,0,Guarded,combined behavioural signal
TX0020545,C009194,2026-01-07 14:59:00,AB,E-commerce,Dining,Everyday,54.07,0,0,70.9,277,7,38.3,14,0,2026-01-07,2026-01-05,0.6222401874615613,0,High,combined behavioural signal
TX0036433,C006990,2026-01-07 15:01:00,QC,ATM,Dining,Everyday,189.33,1,0,82.3,211,3,14.6,15,0,2026-01-07,2026-01-05,0.5962131938812733,0,High,international
TX0048642,C002596,2026-01-07 15:04:00,NS,Recurring,Grocery,Everyday,40.97,0,0,81.8,1565,4,3.9,15,0,2026-01-07,2026-01-05,0.12748263069932192,0,Low,combined behavioural signal
TX0030780,C012823,2026-01-07 15:31:00,ON,E-commerce,Digital services,Affluent,236.64,0,0,52.8,1323,3,44.5,15,0,2026-01-07,2026-01-05,0.766444714548872,1,Critical,combined behavioural signal
TX0046921,C000635,2026-01-07 15:54:00,QC,ATM,Grocery,Everyday,70.56,0,0,48.1,671,4,4.2,15,0,2026-01-07,2026-01-05,0.24614824564553606,0,Low,combined behavioural signal
TX0024798,C009937,2026-01-07 15:55:00,ON,Recurring,Dining,Affluent,23.8,0,0,93.4,974,4,14.4,15,0,2026-01-07,2026-01-05,0.15528338490011195,0,Low,combined behavioural signal
TX0019336,C007383,2026-01-07 16:02:00,BC,E-commerce,Digital services,Affluent,65.6,0,0,92.0,1643,2,0.7,16,0,2026-01-07,2026-01-05,0.40529689502933264,0,Guarded,combined behavioural signal
TX0006196,C001452,2026-01-07 16:07:00,ON,Mobile wallet,Cash,Everyday,806.4,0,0,81.6,727,3,28.9,16,0,2026-01-07,2026-01-05,0.6442363781970334,1,High,high amount
TX0004346,C013250,2026-01-07 16:38:00,QC,E-commerce,Grocery,Everyday,23.49,0,0,41.9,2113,5,44.7,16,0,2026-01-07,2026-01-05,0.6558809203863417,1,High,combined behavioural signal
TX0032418,C012182,2026-01-07 16:43:00,QC,Recurring,Fuel,New-to-bank,42.01,0,0,100.0,281,4,3.4,16,0,2026-01-07,2026-01-05,0.11478896306769937,0,Low,combined behavioural signal
TX0016270,C001296,2026-01-07 16:54:00,ON,Point of sale,Grocery,Affluent,43.1,0,1,67.5,212,4,3.2,16,0,2026-01-07,2026-01-05,0.18931838489628516,0,Low,combined behavioural signal
TX0022535,C013266,2026-01-07 17:02:00,BC,E-commerce,Grocery,New-to-bank,12.61,0,0,48.3,587,5,12.0,17,0,2026-01-07,2026-01-05,0.5234201751172027,0,High,combined behavioural signal
TX0036689,C014455,2026-01-07 17:02:00,BC,Point of sale,Fuel,Everyday,53.8,0,1,48.0,2117,1,1.3,17,0,2026-01-07,2026-01-05,0.11625229220062637,0,Low,combined behavioural signal
TX0041396,C009908,2026-01-07 17:04:00,AB,Recurring,Electronics,New-to-bank,26.34,0,0,64.5,713,4,29.7,17,0,2026-01-07,2026-01-05,0.2971003179056208,0,Guarded,combined behavioural signal
TX0014711,C005067,2026-01-07 17:07:00,QC,E-commerce,Travel,Everyday,307.57,1,0,100.0,685,4,29.6,17,0,2026-01-07,2026-01-05,0.8675190740746392,1,Critical,international
TX0036673,C005199,2026-01-07 17:09:00,BC,ATM,Grocery,Everyday,272.88,0,0,56.2,1657,4,1.9,17,0,2026-01-07,2026-01-05,0.28900152854846156,0,Guarded,combined behavioural signal
TX0015182,C000719,2026-01-07 17:09:00,QC,Point of sale,Fuel,Student,101.09,0,1,62.7,1661,7,0.8,17,0,2026-01-07,2026-01-05,0.320361860787475,0,Guarded,combined behavioural signal
TX0011098,C013398,2026-01-07 17:10:00,AB,Mobile wallet,Cash,New-to-bank,45.01,0,0,53.1,1246,3,47.7,17,0,2026-01-07,2026-01-05,0.34963921554269006,0,Guarded,combined behavioural signal
TX0043642,C013323,2026-01-07 17:14:00,MB,Point of sale,Other,Everyday,298.44,0,1,49.2,685,3,117.9,17,0,2026-01-07,2026-01-05,0.4388331051814768,0,Guarded,combined behavioural signal
TX0043559,C014681,2026-01-07 17:18:00,ON,E-commerce,Grocery,New-to-bank,80.54,0,0,50.2,747,2,4.0,17,0,2026-01-07,2026-01-05,0.42590009829437286,0,Guarded,combined behavioural signal
TX0002085,C001671,2026-01-07 17:19:00,BC,Point of sale,Electronics,Student,95.77,0,1,47.3,1281,2,0.2,17,0,2026-01-07,2026-01-05,0.2330082108538405,0,Low,combined behavioural signal
TX0021712,C002593,2026-01-07 17:32:00,ON,Point of sale,Electronics,Everyday,117.45,0,1,76.2,3491,5,19.8,17,0,2026-01-07,2026-01-05,0.329049909139923,0,Guarded,combined behavioural signal
TX0026830,C005066,2026-01-07 17:45:00,QC,Point of sale,Grocery,Small business,42.97,0,1,36.3,862,6,18.0,17,0,2026-01-07,2026-01-05,0.3082524635326622,0,Guarded,combined behavioural signal
TX0054667,C007414,2026-01-07 17:47:00,ON,Recurring,Dining,Affluent,133.77,0,0,82.3,489,2,11.0,17,0,2026-01-07,2026-01-05,0.14942422130130395,0,Low,combined behavioural signal
TX0026350,C006578,2026-01-07 17:48:00,ON,Point of sale,Grocery,Everyday,67.82,0,1,72.3,400,3,183.1,17,0,2026-01-07,2026-01-05,0.2750747617133502,0,Guarded,distance anomaly
TX0008096,C001013,2026-01-07 17:49:00,NB,Point of sale,Dining,Everyday,116.41,0,1,51.9,561,3,66.5,17,0,2026-01-07,2026-01-05,0.20212194389028146,0,Low,combined behavioural signal
TX0049111,C014411,2026-01-07 17:52:00,MB,Recurring,Dining,Everyday,72.73,0,0,86.4,349,3,29.5,17,0,2026-01-07,2026-01-05,0.12502324116326172,0,Low,combined behavioural signal
TX0018896,C004547,2026-01-07 17:59:00,ON,Point of sale,Digital services,Affluent,44.81,0,1,96.6,419,4,20.5,17,0,2026-01-07,2026-01-05,0.19924064455923707,0,Low,combined behavioural signal
TX0010611,C014727,2026-01-07 18:06:00,BC,E-commerce,Electronics,Small business,37.79,1,0,58.3,658,2,94.1,18,0,2026-01-07,2026-01-05,0.8789947805222504,1,Critical,international
TX0055078,C010376,2026-01-07 18:09:00,ON,E-commerce,Grocery,Everyday,12.01,0,0,100.0,781,4,1.3,18,0,2026-01-07,2026-01-05,0.27494818367422946,0,Guarded,combined behavioural signal
TX0009793,C005094,2026-01-07 18:15:00,QC,E-commerce,Other,New-to-bank,5.3,0,0,54.2,1089,3,0.1,18,0,2026-01-07,2026-01-05,0.457920651324206,0,Guarded,combined behavioural signal
TX0018954,C012777,2026-01-07 18:19:00,ON,Point of sale,Travel,Student,327.21,0,1,100.0,1414,7,33.0,18,0,2026-01-07,2026-01-05,0.3193659388420232,0,Guarded,combined behavioural signal
TX0058155,C007948,2026-01-07 18:32:00,NS,E-commerce,Grocery,Affluent,45.38,0,0,75.5,818,2,17.8,18,0,2026-01-07,2026-01-05,0.3197581744852674,0,Guarded,combined behavioural signal
TX0000274,C008712,2026-01-07 18:39:00,BC,Point of sale,Digital services,Everyday,371.18,0,1,61.5,535,3,9.5,18,0,2026-01-07,2026-01-05,0.3474969521040813,0,Guarded,combined behavioural signal
TX0012015,C006147,2026-01-07 18:47:00,ON,E-commerce,Grocery,Student,186.82,0,0,57.6,1412,1,42.0,18,0,2026-01-07,2026-01-05,0.47135847591406854,0,Guarded,combined behavioural signal
TX0014808,C013528,2026-01-07 18:50:00,AB,ATM,Fuel,Student,78.26,1,0,58.5,2084,4,32.4,18,0,2026-01-07,2026-01-05,0.6999479250947503,1,High,international
TX0004033,C003536,2026-01-07 18:51:00,ON,E-commerce,Grocery,New-to-bank,60.52,0,0,77.8,673,3,45.0,18,0,2026-01-07,2026-01-05,0.40159790498393005,0,Guarded,combined behavioural signal
TX0044963,C000610,2026-01-07 18:58:00,NS,Point of sale,Digital services,Everyday,31.19,0,1,82.0,1990,4,9.9,18,0,2026-01-07,2026-01-05,0.16378877236988906,0,Low,combined behavioural signal
TX0016987,C006000,2026-01-07 18:59:00,ON,Point of sale,Fuel,Everyday,186.59,0,1,70.9,116,4,12.0,18,0,2026-01-07,2026-01-05,0.18333403743911522,0,Low,combined behavioural signal
TX0026648,C005748,2026-01-07 19:03:00,QC,ATM,Grocery,Student,319.4,0,0,91.1,1187,2,28.7,19,0,2026-01-07,2026-01-05,0.19393289127250155,0,Low,combined behavioural signal
TX0012579,C001203,2026-01-07 19:06:00,ON,Point of sale,Travel,Everyday,238.34,0,1,86.5,726,7,44.1,19,0,2026-01-07,2026-01-05,0.29859818898563223,0,Guarded,combined behavioural signal
TX0012345,C011717,2026-01-07 19:08:00,NS,Recurring,Digital services,Affluent,168.75,0,0,81.4,373,3,64.9,19,0,2026-01-07,2026-01-05,0.27693104689613685,0,Guarded,combined behavioural signal
TX0007199,C010866,2026-01-07 19:12:00,QC,ATM,Electronics,Student,84.18,0,0,37.1,1327,4,12.0,19,0,2026-01-07,2026-01-05,0.39916229926653984,0,Guarded,combined behavioural signal
TX0034813,C009164,2026-01-07 19:12:00,QC,Point of sale,Electronics,Student,195.71,0,1,100.0,846,5,23.3,19,0,2026-01-07,2026-01-05,0.2762427354130048,0,Guarded,combined behavioural signal
TX0046764,C000496,2026-01-07 19:14:00,ON,ATM,Digital services,Small business,115.37,0,0,73.5,1089,6,19.2,19,0,2026-01-07,2026-01-05,0.30408016987525854,0,Guarded,combined behavioural signal
TX0037012,C009227,2026-01-07 19:16:00,AB,Mobile wallet,Travel,New-to-bank,224.15,0,0,100.0,204,4,4.5,19,0,2026-01-07,2026-01-05,0.25617124593806084,0,Guarded,combined behavioural signal
TX0040020,C003910,2026-01-07 19:25:00,AB,E-commerce,Cash,Everyday,29.55,1,0,86.1,86,5,20.0,19,0,2026-01-07,2026-01-05,0.8068632475469322,1,Critical,"international, new account"
TX0010864,C000407,2026-01-07 19:41:00,AB,Point of sale,Cash,Affluent,163.58,1,1,87.3,448,2,7.0,19,0,2026-01-07,2026-01-05,0.5055350117742344,0,High,international
TX0033066,C008269,2026-01-07 19:51:00,ON,Mobile wallet,Fuel,Everyday,86.34,0,0,50.7,1346,4,4.4,19,0,2026-01-07,2026-01-05,0.3386998716889849,0,Guarded,combined behavioural signal
TX0020426,C001553,2026-01-07 20:15:00,ON,Point of sale,Digital services,Everyday,81.24,0,1,70.4,1204,2,19.7,20,0,2026-01-07,2026-01-05,0.17385799457115836,0,Low,combined behavioural signal
TX0041056,C011844,2026-01-07 20:20:00,AB,E-commerce,Travel,Affluent,289.17,0,0,71.0,1515,6,35.3,20,0,2026-01-07,2026-01-05,0.7307642281376159,1,High,combined behavioural signal
TX0030963,C002465,2026-01-07 20:27:00,AB,ATM,Electronics,Affluent,1412.3,0,0,58.6,2783,4,44.2,20,0,2026-01-07,2026-01-05,0.9546026354029121,1,Critical,high amount
TX0044069,C013596,2026-01-07 20:36:00,BC,Point of sale,Other,Everyday,55.53,0,1,100.0,457,2,1.4,20,0,2026-01-07,2026-01-05,0.0660256149815651,0,Low,combined behavioural signal
TX0011368,C005560,2026-01-07 20:39:00,ON,Point of sale,Dining,Affluent,207.96,1,1,26.2,1690,2,79.8,20,0,2026-01-07,2026-01-05,0.8272086685894992,1,Critical,"international, low device trust"
TX0015630,C013561,2026-01-07 20:59:00,ON,E-commerce,Cash,Student,207.91,0,0,35.0,278,4,10.0,20,1,2026-01-07,2026-01-05,0.6143785736770832,0,High,combined behavioural signal
TX0028416,C005829,2026-01-07 21:07:00,ON,E-commerce,Grocery,New-to-bank,8.29,0,0,42.9,1525,2,19.0,21,0,2026-01-07,2026-01-05,0.41876226781991094,0,Guarded,combined behavioural signal
TX0005153,C013786,2026-01-07 21:10:00,ON,Recurring,Dining,Student,61.98,0,0,72.5,1520,2,115.4,21,0,2026-01-07,2026-01-05,0.1947930872677373,0,Low,combined behavioural signal
TX0049085,C008535,2026-01-07 21:12:00,AB,Point of sale,Other,Small business,29.74,0,1,77.5,1708,4,12.3,21,0,2026-01-07,2026-01-05,0.13634922927784315,0,Low,combined behavioural signal
TX0037695,C011020,2026-01-07 21:30:00,ON,Point of sale,Grocery,Small business,510.91,0,1,42.9,1018,4,67.3,21,0,2026-01-07,2026-01-05,0.4909972345076666,0,Guarded,high amount
TX0023856,C006109,2026-01-07 21:32:00,QC,Point of sale,Electronics,New-to-bank,127.05,0,1,48.4,418,6,21.2,21,0,2026-01-07,2026-01-05,0.44540299315687076,0,Guarded,combined behavioural signal
TX0004666,C012887,2026-01-07 21:36:00,ON,Point of sale,Travel,Small business,25.25,1,1,71.8,1876,2,22.8,21,0,2026-01-07,2026-01-05,0.39052838833076714,0,Guarded,international
TX0036475,C012661,2026-01-07 21:45:00,ON,Mobile wallet,Electronics,Affluent,87.07,0,0,75.9,609,6,15.1,21,0,2026-01-07,2026-01-05,0.5155099380203411,0,High,combined behavioural signal
TX0015519,C006238,2026-01-07 21:46:00,ON,ATM,Grocery,Small business,24.76,0,0,97.8,2019,3,39.3,21,0,2026-01-07,2026-01-05,0.08791627556220688,0,Low,combined behavioural signal
TX0034031,C010970,2026-01-07 21:47:00,ON,Point of sale,Other,Student,23.99,1,1,53.2,1455,5,25.6,21,0,2026-01-07,2026-01-05,0.7082366039847979,1,High,international
TX0051938,C004781,2026-01-07 21:58:00,ON,E-commerce,Dining,Student,45.13,0,0,85.1,1083,3,18.2,21,0,2026-01-07,2026-01-05,0.31689476828023433,0,Guarded,combined behavioural signal
TX0014561,C008865,2026-01-07 22:02:00,AB,Point of sale,Electronics,Affluent,272.3,0,1,91.4,716,2,47.2,22,0,2026-01-07,2026-01-05,0.26856337337901276,0,Guarded,combined behavioural signal
TX0012279,C008570,2026-01-07 22:10:00,ON,Mobile wallet,Digital services,Small business,8.87,0,0,80.9,550,3,6.6,22,0,2026-01-07,2026-01-05,0.2108753418464035,0,Low,combined behavioural signal
TX0007353,C001354,2026-01-07 22:13:00,BC,Point of sale,Dining,Affluent,82.45,1,1,90.5,1143,5,43.8,22,0,2026-01-07,2026-01-05,0.6111654407822743,0,High,international
TX0029256,C003207,2026-01-07 22:13:00,QC,Point of sale,Electronics,Everyday,73.41,0,1,64.7,2414,3,14.3,22,0,2026-01-07,2026-01-05,0.23440711843398274,0,Low,combined behavioural signal
TX0042595,C000260,2026-01-07 22:17:00,ON,Mobile wallet,Digital services,Student,32.7,0,0,48.5,167,2,9.2,22,0,2026-01-07,2026-01-05,0.3277755487421966,0,Guarded,combined behavioural signal
TX0032575,C006926,2026-01-07 22:22:00,NS,ATM,Fuel,Everyday,62.77,0,0,71.7,1430,2,122.8,22,0,2026-01-07,2026-01-05,0.1456792352913049,0,Low,distance anomaly
TX0001963,C000912,2026-01-07 22:24:00,NB,E-commerce,Digital services,Everyday,114.31,0,0,45.1,909,3,164.3,22,0,2026-01-07,2026-01-05,0.7249336540710382,1,High,distance anomaly
TX0055070,C003645,2026-01-07 22:26:00,ON,Point of sale,Other,Everyday,41.98,0,1,85.3,845,7,21.0,22,0,2026-01-07,2026-01-05,0.2148597894583115,0,Low,combined behavioural signal
TX0019640,C007779,2026-01-07 22:27:00,QC,E-commerce,Other,Everyday,22.43,0,0,87.8,965,3,40.2,22,0,2026-01-07,2026-01-05,0.3500374121120623,0,Guarded,combined behavioural signal
TX0006844,C011705,2026-01-07 22:29:00,ON,E-commerce,Fuel,Everyday,209.01,0,0,88.2,144,1,5.8,22,0,2026-01-07,2026-01-05,0.2535303621336247,0,Guarded,combined behavioural signal
TX0034728,C013473,2026-01-07 22:32:00,ON,Mobile wallet,Grocery,Everyday,215.81,0,0,28.1,429,4,40.2,22,0,2026-01-07,2026-01-05,0.5355982945885994,0,High,low device trust
TX0015160,C013377,2026-01-07 22:33:00,ON,Point of sale,Other,Everyday,13.91,0,1,84.8,425,3,43.2,22,0,2026-01-07,2026-01-05,0.1131641061419068,0,Low,combined behavioural signal
TX0009908,C000111,2026-01-07 22:37:00,QC,E-commerce,Fuel,Everyday,85.2,0,0,80.5,1977,4,62.5,22,0,2026-01-07,2026-01-05,0.4624144861735136,0,Guarded,combined behavioural signal
TX0040158,C005061,2026-01-07 22:40:00,ON,Point of sale,Travel,Affluent,217.56,0,1,73.3,167,3,97.2,22,0,2026-01-07,2026-01-05,0.25739618043453455,0,Guarded,combined behavioural signal
TX0053478,C011320,2026-01-07 22:42:00,ON,E-commerce,Grocery,Affluent,124.69,0,0,40.8,1801,5,31.5,22,0,2026-01-07,2026-01-05,0.699128206174099,1,High,combined behavioural signal
TX0059749,C012002,2026-01-07 22:51:00,ON,E-commerce,Grocery,Small business,18.03,0,0,68.2,563,1,24.3,22,0,2026-01-07,2026-01-05,0.22982028281909317,0,Low,combined behavioural signal
TX0053993,C004698,2026-01-07 22:58:00,AB,E-commerce,Grocery,Everyday,15.54,0,0,34.1,1593,1,2.7,22,0,2026-01-07,2026-01-05,0.3857260288275614,0,Guarded,low device trust
TX0041370,C011683,2026-01-07 23:11:00,SK,E-commerce,Cash,Student,54.81,0,0,91.9,585,3,50.4,23,0,2026-01-07,2026-01-05,0.2880933074253564,0,Guarded,unusual hour
TX0058780,C005000,2026-01-07 23:13:00,ON,ATM,Grocery,Everyday,41.85,0,0,64.6,1051,4,33.2,23,0,2026-01-07,2026-01-05,0.1739318130780134,0,Low,unusual hour
TX0051907,C004066,2026-01-07 23:31:00,BC,Point of sale,Other,Student,457.76,0,1,54.1,121,5,104.8,23,0,2026-01-07,2026-01-05,0.5511886308636342,0,High,unusual hour
TX0022527,C008053,2026-01-07 23:33:00,AB,Point of sale,Digital services,Everyday,371.4,0,1,82.3,1677,3,3.5,23,0,2026-01-07,2026-01-05,0.2963126039454322,0,Guarded,unusual hour
TX0040013,C013429,2026-01-07 23:33:00,MB,Point of sale,Fuel,Student,27.41,0,1,37.2,125,6,13.7,23,0,2026-01-07,2026-01-05,0.26256936173920026,0,Guarded,unusual hour
TX0026724,C000248,2026-01-07 23:44:00,ON,Mobile wallet,Fuel,Everyday,33.06,0,0,75.3,7,3,18.0,23,0,2026-01-07,2026-01-05,0.17988838564738868,0,Low,"unusual hour, new account"
TX0000916,C005474,2026-01-07 23:58:00,BC,E-commerce,Other,Student,119.14,0,0,96.8,1224,3,84.8,23,0,2026-01-07,2026-01-05,0.403652841823056,0,Guarded,unusual hour
TX0015855,C003026,2026-01-08 00:08:00,BC,Point of sale,Fuel,Affluent,139.83,0,1,71.0,2358,6,60.2,0,0,2026-01-08,2026-01-05,0.4577741473328885,0,Guarded,unusual hour
TX0004975,C011132,2026-01-08 00:10:00,NS,Point of sale,Fuel,New-to-bank,19.86,0,1,95.0,1073,4,34.5,0,0,2026-01-08,2026-01-05,0.14247155680633264,0,Low,unusual hour
TX0006539,C001395,2026-01-08 00:27:00,QC,Point of sale,Grocery,New-to-bank,25.49,0,1,82.3,938,6,7.8,0,0,2026-01-08,2026-01-05,0.27706122060252636,0,Guarded,unusual hour
TX0031965,C004734,2026-01-08 00:30:00,ON,Mobile wallet,Fuel,Everyday,326.68,0,0,75.2,1835,4,49.0,0,0,2026-01-08,2026-01-05,0.5758494553285135,0,High,unusual hour
TX0056007,C002574,2026-01-08 00:33:00,AB,Point of sale,Travel,Student,53.64,0,1,82.8,901,4,2.4,0,0,2026-01-08,2026-01-05,0.19164785003556697,0,Low,unusual hour
TX0046607,C008910,2026-01-08 00:46:00,ON,E-commerce,Other,Student,202.91,0,0,69.8,376,6,7.1,0,0,2026-01-08,2026-01-05,0.7357584773056595,1,High,unusual hour
TX0034374,C005182,2026-01-08 00:52:00,BC,Point of sale,Other,Everyday,19.49,0,1,40.8,523,5,19.0,0,0,2026-01-08,2026-01-05,0.3514303294895965,0,Guarded,unusual hour
TX0005758,C012364,2026-01-08 00:57:00,BC,E-commerce,Travel,New-to-bank,610.74,1,0,100.0,998,1,17.9,0,1,2026-01-08,2026-01-05,0.9118012911068689,1,Critical,"international, high amount, unusual hour"
TX0057639,C001304,2026-01-08 00:59:00,MB,Mobile wallet,Travel,Everyday,726.04,0,0,69.5,295,8,18.6,0,0,2026-01-08,2026-01-05,0.8666664206980584,1,Critical,"high velocity, high amount, unusual hour"
TX0026117,C007049,2026-01-08 01:00:00,ON,Point of sale,Grocery,Small business,40.36,0,1,88.3,308,2,66.5,1,0,2026-01-08,2026-01-05,0.13117698879497278,0,Low,unusual hour
TX0016874,C007585,2026-01-08 01:01:00,SK,Point of sale,Grocery,Everyday,125.18,0,1,90.9,485,3,29.2,1,0,2026-01-08,2026-01-05,0.16982468456184316,0,Low,unusual hour
TX0045587,C005843,2026-01-08 01:03:00,ON,E-commerce,Electronics,Affluent,344.96,0,0,80.2,890,3,54.5,1,0,2026-01-08,2026-01-05,0.8039274274334386,1,Critical,unusual hour
TX0048994,C003806,2026-01-08 01:12:00,QC,E-commerce,Grocery,Everyday,138.97,1,0,74.9,433,2,49.7,1,0,2026-01-08,2026-01-05,0.8864201426004313,1,Critical,"international, unusual hour"
TX0023737,C000646,2026-01-08 01:17:00,ON,E-commerce,Grocery,Small business,9.93,0,0,74.3,2282,2,0.1,1,0,2026-01-08,2026-01-05,0.35391749215826496,0,Guarded,unusual hour
TX0022761,C002166,2026-01-08 01:20:00,NS,Point of sale,Grocery,Small business,6.94,0,1,57.8,1029,2,8.7,1,0,2026-01-08,2026-01-05,0.1232362587147374,0,Low,unusual hour
TX0010638,C007141,2026-01-08 01:26:00,ON,Point of sale,Cash,Everyday,10.82,0,1,74.0,2581,3,76.3,1,0,2026-01-08,2026-01-05,0.22094147272647918,0,Low,unusual hour
TX0037494,C010062,2026-01-08 01:29:00,BC,Point of sale,Electronics,Everyday,52.01,0,1,65.2,642,4,58.6,1,0,2026-01-08,2026-01-05,0.3562959881399545,0,Guarded,unusual hour
TX0053069,C011813,2026-01-08 01:33:00,ON,E-commerce,Grocery,Everyday,37.75,0,0,78.8,665,2,17.7,1,0,2026-01-08,2026-01-05,0.387783256735477,0,Guarded,unusual hour
TX0041936,C004704,2026-01-08 01:48:00,ON,Point of sale,Dining,Everyday,24.84,0,1,48.7,2029,4,27.8,1,0,2026-01-08,2026-01-05,0.3007604985415771,0,Guarded,unusual hour
TX0017957,C002645,2026-01-08 01:57:00,BC,Point of sale,Digital services,Everyday,27.22,0,1,100.0,384,3,4.7,1,0,2026-01-08,2026-01-05,0.1522685185749002,0,Low,unusual hour
TX0015491,C006374,2026-01-08 01:59:00,QC,Mobile wallet,Digital services,Small business,117.55,0,0,63.4,501,2,22.7,1,0,2026-01-08,2026-01-05,0.43390324042464196,0,Guarded,unusual hour
TX0043229,C001502,2026-01-08 02:23:00,BC,ATM,Grocery,Everyday,18.99,0,0,100.0,2036,3,35.8,2,0,2026-01-08,2026-01-05,0.1367137997217869,0,Low,unusual hour
TX0029695,C012641,2026-01-08 02:24:00,ON,Point of sale,Grocery,Student,96.9,0,1,85.4,938,2,9.4,2,0,2026-01-08,2026-01-05,0.1486965940427112,0,Low,unusual hour
TX0036397,C011684,2026-01-08 02:33:00,QC,Mobile wallet,Electronics,Everyday,71.37,0,0,80.7,831,5,0.1,2,0,2026-01-08,2026-01-05,0.498453433002953,0,Guarded,unusual hour
TX0052028,C000297,2026-01-08 02:36:00,AB,E-commerce,Grocery,New-to-bank,65.38,1,0,86.4,2965,4,6.9,2,0,2026-01-08,2026-01-05,0.8882999305154665,1,Critical,"international, unusual hour"
TX0033595,C006905,2026-01-08 02:39:00,QC,Point of sale,Electronics,Student,405.57,0,1,98.2,566,3,97.3,2,0,2026-01-08,2026-01-05,0.5014596100420929,0,High,unusual hour
TX0039104,C001854,2026-01-08 02:40:00,QC,ATM,Grocery,Everyday,38.75,0,0,73.4,1529,2,35.4,2,0,2026-01-08,2026-01-05,0.19246561432716733,0,Low,unusual hour
TX0003318,C011979,2026-01-08 02:43:00,ON,E-commerce,Dining,New-to-bank,51.95,0,0,53.3,566,2,28.2,2,0,2026-01-08,2026-01-05,0.5117294714935438,0,High,unusual hour
TX0030565,C011695,2026-01-08 02:49:00,BC,Mobile wallet,Grocery,Small business,330.33,0,0,67.3,1527,6,10.3,2,0,2026-01-08,2026-01-05,0.591937136581438,0,High,unusual hour
TX0013878,C012532,2026-01-08 02:59:00,QC,E-commerce,Electronics,Affluent,138.08,0,0,48.7,304,6,32.3,2,0,2026-01-08,2026-01-05,0.8671673886733126,1,Critical,unusual hour
TX0006058,C002482,2026-01-08 03:08:00,QC,ATM,Other,Everyday,62.01,0,0,63.4,342,5,17.7,3,0,2026-01-08,2026-01-05,0.32793758945832924,0,Guarded,unusual hour
TX0057781,C007118,2026-01-08 03:16:00,QC,E-commerce,Dining,Everyday,71.94,0,0,98.2,453,5,5.2,3,0,2026-01-08,2026-01-05,0.46069495347121664,0,Guarded,unusual hour
TX0005544,C014315,2026-01-08 03:20:00,QC,E-commerce,Dining,Everyday,97.26,0,0,90.2,803,4,11.1,3,0,2026-01-08,2026-01-05,0.47347415205311266,0,Guarded,unusual hour
TX0002261,C008646,2026-01-08 03:34:00,QC,Point of sale,Grocery,Everyday,32.61,0,1,77.0,949,4,67.1,3,0,2026-01-08,2026-01-05,0.2542870661646906,0,Guarded,unusual hour
TX0032430,C010182,2026-01-08 03:34:00,ON,E-commerce,Other,New-to-bank,20.82,0,0,28.6,597,2,12.9,3,0,2026-01-08,2026-01-05,0.5983263117046099,0,High,"low device trust, unusual hour"
TX0053768,C005423,2026-01-08 03:46:00,QC,E-commerce,Digital services,Everyday,122.57,0,0,55.4,488,6,40.2,3,0,2026-01-08,2026-01-05,0.8169238737636574,1,Critical,unusual hour
TX0041215,C009160,2026-01-08 03:50:00,QC,Point of sale,Other,Everyday,115.24,0,1,64.1,2045,1,95.3,3,0,2026-01-08,2026-01-05,0.28862255284911736,0,Guarded,unusual hour
TX0030142,C002705,2026-01-08 03:57:00,BC,Mobile wallet,Travel,Student,74.08,0,0,70.9,233,1,51.1,3,0,2026-01-08,2026-01-05,0.2522045056668497,0,Guarded,unusual hour
TX0018551,C014587,2026-01-08 03:59:00,QC,Recurring,Digital services,Everyday,129.49,0,0,73.3,1579,3,12.8,3,0,2026-01-08,2026-01-05,0.33731817509876805,0,Guarded,unusual hour
TX0016852,C000546,2026-01-08 04:07:00,MB,ATM,Fuel,Affluent,93.93,0,0,81.3,2065,2,27.3,4,0,2026-01-08,2026-01-05,0.19827785481699522,0,Low,unusual hour
TX0048042,C006610,2026-01-08 04:13:00,ON,E-commerce,Dining,Affluent,54.2,0,0,100.0,637,5,3.0,4,0,2026-01-08,2026-01-05,0.4790369124592222,0,Guarded,unusual hour
TX0011352,C014771,2026-01-08 04:20:00,BC,E-commerce,Digital services,Student,84.28,0,0,47.6,728,3,8.6,4,0,2026-01-08,2026-01-05,0.656397307407393,1,High,unusual hour
TX0008624,C000512,2026-01-08 04:24:00,QC,E-commerce,Digital services,New-to-bank,171.08,1,0,70.4,1068,2,11.6,4,1,2026-01-08,2026-01-05,0.9225971408642967,1,Critical,"international, unusual hour"
TX0042494,C006203,2026-01-08 04:30:00,ON,Point of sale,Cash,Everyday,30.32,0,1,51.5,1568,5,59.6,4,0,2026-01-08,2026-01-05,0.3311584910723167,0,Guarded,unusual hour
TX0038036,C000874,2026-01-08 04:34:00,ON,Point of sale,Cash,Everyday,86.24,0,1,53.5,377,2,22.3,4,0,2026-01-08,2026-01-05,0.1864623424303329,0,Low,unusual hour
TX0037238,C005959,2026-01-08 04:42:00,BC,Point of sale,Other,Everyday,210.17,0,1,67.0,690,5,62.1,4,0,2026-01-08,2026-01-05,0.4010372328290135,0,Guarded,unusual hour
TX0052487,C010461,2026-01-08 04:56:00,QC,Point of sale,Fuel,Everyday,326.81,0,1,100.0,185,2,140.0,4,0,2026-01-08,2026-01-05,0.29735543782557894,0,Guarded,"unusual hour, distance anomaly"
TX0018862,C000308,2026-01-08 04:57:00,QC,ATM,Digital services,Everyday,166.71,0,0,68.0,155,3,54.5,4,0,2026-01-08,2026-01-05,0.3907979968131637,0,Guarded,unusual hour
TX0013958,C005265,2026-01-08 05:02:00,BC,ATM,Cash,Everyday,60.2,0,0,65.5,828,4,33.7,5,0,2026-01-08,2026-01-05,0.2162425439178527,0,Low,combined behavioural signal
TX0007065,C013730,2026-01-08 05:10:00,ON,ATM,Cash,Student,116.27,1,0,31.5,1265,5,12.0,5,0,2026-01-08,2026-01-05,0.8335604110746551,1,Critical,"international, low device trust"
TX0040323,C001569,2026-01-08 05:22:00,QC,Point of sale,Cash,Small business,195.09,0,1,62.0,1009,5,2.6,5,0,2026-01-08,2026-01-05,0.2871542827809856,0,Guarded,combined behavioural signal
TX0038196,C013906,2026-01-08 05:40:00,QC,E-commerce,Dining,New-to-bank,21.54,0,0,46.6,582,3,25.3,5,0,2026-01-08,2026-01-05,0.5674191414251962,0,High,combined behavioural signal
TX0058747,C007340,2026-01-08 05:48:00,NB,Point of sale,Digital services,Everyday,73.92,0,1,47.7,1368,3,25.5,5,0,2026-01-08,2026-01-05,0.30798180817354776,0,Guarded,combined behavioural signal
TX0000290,C006087,2026-01-08 05:54:00,AB,ATM,Digital services,Small business,20.09,0,0,66.7,508,1,30.0,5,0,2026-01-08,2026-01-05,0.1822243080297438,0,Low,combined behavioural signal
TX0059446,C010855,2026-01-08 05:57:00,ON,E-commerce,Grocery,Everyday,81.59,0,0,95.7,1328,5,25.4,5,0,2026-01-08,2026-01-05,0.4920997897526387,0,Guarded,combined behavioural signal
TX0055845,C012540,2026-01-08 06:20:00,QC,Point of sale,Travel,Everyday,536.26,1,1,81.0,796,5,6.5,6,0,2026-01-08,2026-01-05,0.8535208957809362,1,Critical,"international, high amount"
TX0034668,C001752,2026-01-08 06:30:00,QC,Point of sale,Grocery,Everyday,40.06,0,1,73.3,2365,2,90.2,6,0,2026-01-08,2026-01-05,0.2248283115446852,0,Low,combined behavioural signal
TX0003102,C010627,2026-01-08 06:35:00,ON,Recurring,Fuel,Everyday,80.45,0,0,80.2,1181,5,31.2,6,0,2026-01-08,2026-01-05,0.24516417624573958,0,Low,combined behavioural signal
TX0021541,C006725,2026-01-08 06:40:00,BC,Point of sale,Grocery,Everyday,27.81,0,1,74.6,1757,4,1.6,6,0,2026-01-08,2026-01-05,0.16905317950210696,0,Low,combined behavioural signal
TX0054381,C005881,2026-01-08 06:45:00,QC,ATM,Grocery,Everyday,98.8,1,0,92.9,215,3,16.2,6,0,2026-01-08,2026-01-05,0.5635730679584507,0,High,international
TX0043660,C014052,2026-01-08 06:46:00,AB,E-commerce,Dining,Everyday,120.85,0,0,100.0,573,1,10.5,6,0,2026-01-08,2026-01-05,0.28937690761742507,0,Guarded,combined behavioural signal
TX0015112,C005276,2026-01-08 06:47:00,NB,Point of sale,Fuel,Everyday,178.74,0,1,53.9,2591,7,2.3,6,0,2026-01-08,2026-01-05,0.3946223965788781,0,Guarded,combined behavioural signal
TX0014317,C014415,2026-01-08 06:52:00,BC,E-commerce,Cash,Student,204.71,0,0,63.9,861,5,4.3,6,1,2026-01-08,2026-01-05,0.6168500133864099,0,High,combined behavioural signal
TX0035154,C003479,2026-01-08 06:53:00,BC,Point of sale,Grocery,Everyday,35.08,0,1,83.7,417,5,36.0,6,0,2026-01-08,2026-01-05,0.19206198674527303,0,Low,combined behavioural signal
TX0038032,C005573,2026-01-08 07:04:00,BC,E-commerce,Other,Small business,321.78,0,0,47.3,275,3,12.9,7,0,2026-01-08,2026-01-05,0.6474676837498528,1,High,combined behavioural signal
TX0018360,C006265,2026-01-08 07:09:00,BC,Point of sale,Digital services,Student,480.29,0,1,70.0,423,4,30.1,7,0,2026-01-08,2026-01-05,0.5388966783553414,0,High,combined behavioural signal
TX0012007,C013436,2026-01-08 07:18:00,MB,Point of sale,Digital services,Student,79.05,0,1,52.2,1416,2,21.8,7,0,2026-01-08,2026-01-05,0.2955554870491528,0,Guarded,combined behavioural signal
TX0016378,C000587,2026-01-08 07:19:00,ON,Point of sale,Dining,Student,57.53,0,1,69.3,2818,2,103.4,7,0,2026-01-08,2026-01-05,0.2501822857382814,0,Guarded,combined behavioural signal
TX0057499,C010513,2026-01-08 07:25:00,QC,Point of sale,Grocery,Everyday,367.61,0,1,36.5,1020,5,69.1,7,0,2026-01-08,2026-01-05,0.6278058749731309,0,High,combined behavioural signal
TX0008201,C005968,2026-01-08 07:40:00,ON,E-commerce,Digital services,Student,445.37,0,0,49.7,521,4,25.6,7,0,2026-01-08,2026-01-05,0.8595580011564278,1,Critical,combined behavioural signal
TX0012350,C005763,2026-01-08 07:41:00,ON,Point of sale,Fuel,Small business,16.51,0,1,59.5,908,7,0.3,7,1,2026-01-08,2026-01-05,0.2586988424237572,0,Guarded,combined behavioural signal
TX0005323,C002117,2026-01-08 07:48:00,QC,E-commerce,Grocery,Affluent,25.52,0,0,83.3,770,3,0.5,7,0,2026-01-08,2026-01-05,0.4378107532909325,0,Guarded,combined behavioural signal
TX0005445,C011498,2026-01-08 07:53:00,ON,ATM,Other,Everyday,117.83,0,0,50.3,682,2,24.5,7,0,2026-01-08,2026-01-05,0.2521209192666268,0,Guarded,combined behavioural signal
TX0021582,C006918,2026-01-08 07:54:00,ON,Point of sale,Electronics,Student,461.71,0,1,66.1,244,3,30.3,7,0,2026-01-08,2026-01-05,0.5141648218259119,0,High,combined behavioural signal
TX0033912,C010905,2026-01-08 07:57:00,ON,E-commerce,Travel,Small business,130.2,1,0,73.5,1206,7,46.1,7,0,2026-01-08,2026-01-05,0.9280873657480841,1,Critical,international
TX0007658,C013149,2026-01-08 07:58:00,ON,Point of sale,Other,Small business,553.73,0,1,53.6,2343,2,81.7,7,0,2026-01-08,2026-01-05,0.5391109433601239,0,High,high amount
TX0051297,C013764,2026-01-08 08:03:00,AB,Point of sale,Digital services,Student,53.48,0,1,57.5,1159,4,52.1,8,0,2026-01-08,2026-01-05,0.39830704440382486,0,Guarded,combined behavioural signal
TX0009833,C009514,2026-01-08 08:19:00,ON,E-commerce,Cash,Affluent,24.08,0,0,73.9,1061,5,38.9,8,0,2026-01-08,2026-01-05,0.5718465654085073,0,High,combined behavioural signal
TX0030225,C000831,2026-01-08 08:21:00,ON,Mobile wallet,Dining,Everyday,97.3,0,0,54.9,385,4,0.6,8,0,2026-01-08,2026-01-05,0.3844885543597828,0,Guarded,combined behavioural signal
TX0037216,C002863,2026-01-08 08:21:00,NB,Mobile wallet,Grocery,Everyday,373.0,0,0,61.0,865,8,4.4,8,0,2026-01-08,2026-01-05,0.6883504673830328,1,High,high velocity
TX0027118,C006497,2026-01-08 08:24:00,ON,E-commerce,Dining,Student,27.42,0,0,72.5,1596,4,3.0,8,0,2026-01-08,2026-01-05,0.4667760116065698,0,Guarded,combined behavioural signal
TX0034597,C002026,2026-01-08 08:30:00,ON,ATM,Digital services,Everyday,117.5,0,0,93.1,626,4,42.5,8,0,2026-01-08,2026-01-05,0.27171111785022994,0,Guarded,combined behavioural signal
TX0059407,C013398,2026-01-08 08:31:00,ON,Point of sale,Other,Everyday,66.57,0,1,83.1,805,3,77.2,8,0,2026-01-08,2026-01-05,0.20821657008116165,0,Low,combined behavioural signal
TX0057352,C014911,2026-01-08 08:48:00,MB,E-commerce,Other,Affluent,45.45,0,0,91.8,167,5,56.0,8,0,2026-01-08,2026-01-05,0.5750748140889925,0,High,combined behavioural signal
TX0034763,C000064,2026-01-08 09:01:00,AB,Point of sale,Other,Everyday,473.35,0,1,86.0,766,5,10.6,9,0,2026-01-08,2026-01-05,0.4337040495194158,0,Guarded,combined behavioural signal
TX0057312,C013521,2026-01-08 09:05:00,MB,Point of sale,Digital services,New-to-bank,198.53,0,1,50.9,1012,4,34.0,9,0,2026-01-08,2026-01-05,0.4581840207281316,0,Guarded,combined behavioural signal
TX0020778,C004165,2026-01-08 09:09:00,ON,Mobile wallet,Grocery,Small business,85.08,0,0,64.7,841,2,6.6,9,0,2026-01-08,2026-01-05,0.23966613269333686,0,Low,combined behavioural signal
TX0001845,C001925,2026-01-08 09:24:00,ON,E-commerce,Travel,Affluent,536.27,0,0,69.8,177,4,29.6,9,0,2026-01-08,2026-01-05,0.7885873393777977,1,Critical,high amount
TX0004082,C000407,2026-01-08 09:28:00,ON,Mobile wallet,Fuel,Everyday,25.77,0,0,68.3,359,3,28.9,9,0,2026-01-08,2026-01-05,0.27132077472533017,0,Guarded,combined behavioural signal
TX0009690,C011624,2026-01-08 09:31:00,ON,Point of sale,Dining,Small business,62.47,0,1,79.4,1344,4,30.5,9,0,2026-01-08,2026-01-05,0.16191095984967804,0,Low,combined behavioural signal
TX0036842,C000676,2026-01-08 09:35:00,ON,Recurring,Other,Affluent,70.34,0,0,66.5,732,4,34.0,9,0,2026-01-08,2026-01-05,0.3168732192387932,0,Guarded,combined behavioural signal
TX0038178,C000581,2026-01-08 09:35:00,BC,Point of sale,Other,Everyday,34.16,0,1,47.4,823,6,9.0,9,0,2026-01-08,2026-01-05,0.3228773748508742,0,Guarded,combined behavioural signal
TX0004698,C013998,2026-01-08 09:40:00,QC,E-commerce,Digital services,Student,219.54,0,0,91.3,617,8,48.3,9,0,2026-01-08,2026-01-05,0.8232486905004647,1,Critical,high velocity
TX0017471,C001239,2026-01-08 09:40:00,QC,Recurring,Grocery,Everyday,27.95,0,0,76.8,1267,6,35.4,9,0,2026-01-08,2026-01-05,0.2921335407985721,0,Guarded,combined behavioural signal
TX0033520,C000854,2026-01-08 09:46:00,QC,Point of sale,Digital services,Student,105.44,0,1,100.0,560,3,47.7,9,0,2026-01-08,2026-01-05,0.22581958760927243,0,Low,combined behavioural signal
TX0032645,C001480,2026-01-08 09:50:00,BC,E-commerce,Travel,Everyday,50.83,1,0,54.8,706,5,47.2,9,0,2026-01-08,2026-01-05,0.905669746559041,1,Critical,international
TX0008599,C003260,2026-01-08 09:54:00,ON,E-commerce,Grocery,Student,21.05,0,0,85.9,1636,3,6.6,9,0,2026-01-08,2026-01-05,0.3696846764549431,0,Guarded,combined behavioural signal
TX0050719,C011627,2026-01-08 09:56:00,MB,Point of sale,Digital services,Student,9.29,0,1,88.8,953,2,13.8,9,0,2026-01-08,2026-01-05,0.14795864007617035,0,Low,combined behavioural signal
TX0016087,C013170,2026-01-08 09:57:00,QC,Point of sale,Other,Everyday,57.41,0,1,100.0,537,6,54.5,9,0,2026-01-08,2026-01-05,0.24719613175753116,0,Low,combined behavioural signal
TX0043228,C009541,2026-01-08 09:57:00,QC,ATM,Other,New-to-bank,553.14,0,0,57.1,871,5,17.8,9,0,2026-01-08,2026-01-05,0.6413390175108754,1,High,high amount
TX0052275,C004214,2026-01-08 10:05:00,NS,Mobile wallet,Fuel,Everyday,13.1,0,0,89.0,1930,3,0.4,10,0,2026-01-08,2026-01-05,0.16526651823896812,0,Low,combined behavioural signal
TX0042843,C003307,2026-01-08 10:08:00,SK,Point of sale,Other,Student,190.86,0,1,24.7,988,3,13.4,10,0,2026-01-08,2026-01-05,0.38644671073080483,0,Guarded,low device trust
TX0036258,C013821,2026-01-08 10:09:00,QC,Point of sale,Other,Student,20.44,0,1,66.8,208,4,24.2,10,0,2026-01-08,2026-01-05,0.2278392902920152,0,Low,combined behavioural signal
TX0038109,C009540,2026-01-08 10:14:00,ON,ATM,Electronics,Student,217.59,0,0,37.7,772,1,31.2,10,0,2026-01-08,2026-01-05,0.38405340449491415,0,Guarded,combined behavioural signal
TX0002244,C007793,2026-01-08 10:29:00,ON,ATM,Travel,Everyday,59.34,0,0,71.9,1884,5,20.8,10,0,2026-01-08,2026-01-05,0.22847362636758872,0,Low,combined behavioural signal
TX0049132,C003670,2026-01-08 10:30:00,ON,Point of sale,Grocery,Everyday,59.52,0,1,47.1,970,7,35.7,10,0,2026-01-08,2026-01-05,0.40693097284148666,0,Guarded,combined behavioural signal
TX0028938,C008709,2026-01-08 10:33:00,QC,Mobile wallet,Digital services,Affluent,134.49,0,0,34.1,660,3,45.7,10,0,2026-01-08,2026-01-05,0.684928005120899,1,High,low device trust
TX0004287,C013486,2026-01-08 10:37:00,ON,Point of sale,Electronics,Small business,70.21,0,1,39.7,1387,4,9.4,10,0,2026-01-08,2026-01-05,0.34012836071630886,0,Guarded,combined behavioural signal
TX0010493,C000160,2026-01-08 10:39:00,ON,Recurring,Digital services,Everyday,20.82,0,0,64.0,2420,1,35.2,10,0,2026-01-08,2026-01-05,0.2178381680228553,0,Low,combined behavioural signal
TX0058092,C009342,2026-01-08 10:39:00,QC,ATM,Other,Student,81.36,0,0,66.3,626,2,3.7,10,0,2026-01-08,2026-01-05,0.18749154641034987,0,Low,combined behavioural signal
TX0024786,C003373,2026-01-08 10:41:00,BC,Mobile wallet,Dining,Everyday,10.53,0,0,62.7,876,4,2.2,10,0,2026-01-08,2026-01-05,0.28793725480938265,0,Guarded,combined behavioural signal
TX0026210,C014033,2026-01-08 10:41:00,AB,Point of sale,Digital services,New-to-bank,155.82,0,1,100.0,862,8,62.0,10,0,2026-01-08,2026-01-05,0.4857477044894564,0,Guarded,high velocity
TX0056740,C006959,2026-01-08 10:48:00,NB,ATM,Grocery,New-to-bank,18.09,0,0,100.0,1579,5,51.8,10,0,2026-01-08,2026-01-05,0.1605698344148425,0,Low,combined behavioural signal
TX0017633,C011998,2026-01-08 10:55:00,ON,Point of sale,Dining,Student,603.46,0,1,93.4,250,4,27.3,10,0,2026-01-08,2026-01-05,0.40604547037472005,0,Guarded,high amount
TX0028564,C005680,2026-01-08 10:55:00,AB,Point of sale,Cash,Affluent,18.62,0,1,50.7,662,4,5.5,10,0,2026-01-08,2026-01-05,0.2517218324250568,0,Guarded,combined behavioural signal
TX0016657,C008866,2026-01-08 10:57:00,ON,Mobile wallet,Other,Everyday,9.19,0,0,78.4,1408,5,6.1,10,0,2026-01-08,2026-01-05,0.33932436113503583,0,Guarded,combined behavioural signal
TX0026716,C012561,2026-01-08 10:57:00,NB,Mobile wallet,Travel,Everyday,76.12,0,0,98.3,1271,5,5.3,10,0,2026-01-08,2026-01-05,0.22088558243712955,0,Low,combined behavioural signal
TX0043627,C013711,2026-01-08 10:59:00,QC,Mobile wallet,Electronics,Affluent,255.47,0,0,77.7,588,6,16.7,10,0,2026-01-08,2026-01-05,0.6967063157762081,1,High,combined behavioural signal
TX0009775,C005541,2026-01-08 11:02:00,ON,E-commerce,Digital services,Student,32.7,0,0,53.7,1251,2,24.1,11,0,2026-01-08,2026-01-05,0.5639929606359292,0,High,combined behavioural signal
TX0053702,C013760,2026-01-08 11:22:00,ON,Mobile wallet,Digital services,Everyday,35.85,0,0,61.5,2494,6,0.4,11,0,2026-01-08,2026-01-05,0.5516666910861383,0,High,combined behavioural signal
TX0039686,C014658,2026-01-08 11:23:00,MB,Point of sale,Electronics,Everyday,270.82,0,1,36.2,1699,4,33.6,11,0,2026-01-08,2026-01-05,0.5463611609238285,0,High,combined behavioural signal
TX0024048,C011039,2026-01-08 11:25:00,QC,E-commerce,Other,Student,20.41,0,0,100.0,645,2,1.4,11,0,2026-01-08,2026-01-05,0.2889816117922945,0,Guarded,combined behavioural signal
TX0004782,C004767,2026-01-08 11:26:00,QC,Recurring,Other,Everyday,26.53,0,0,87.9,1555,2,15.2,11,0,2026-01-08,2026-01-05,0.13353012460305863,0,Low,combined behavioural signal
TX0004964,C008802,2026-01-08 11:29:00,ON,Point of sale,Other,Affluent,9.05,0,1,46.8,1857,5,26.5,11,0,2026-01-08,2026-01-05,0.37182937109957437,0,Guarded,combined behavioural signal
TX0048486,C011397,2026-01-08 11:35:00,ON,Point of sale,Grocery,Small business,7.69,0,1,66.9,479,4,6.9,11,1,2026-01-08,2026-01-05,0.14183463707157443,0,Low,combined behavioural signal
TX0024647,C000662,2026-01-08 11:41:00,QC,Mobile wallet,Fuel,Everyday,26.53,0,0,68.7,953,3,12.1,11,0,2026-01-08,2026-01-05,0.26898812733346605,0,Guarded,combined behavioural signal
TX0044381,C011946,2026-01-08 11:47:00,ON,E-commerce,Grocery,Affluent,42.46,0,0,92.4,1531,3,34.0,11,0,2026-01-08,2026-01-05,0.42477219486125684,0,Guarded,combined behavioural signal
TX0042752,C000707,2026-01-08 11:49:00,AB,Mobile wallet,Other,Student,12.96,0,0,61.3,3042,2,34.1,11,0,2026-01-08,2026-01-05,0.35814612433784193,0,Guarded,combined behavioural signal
TX0044188,C009495,2026-01-08 12:00:00,ON,Mobile wallet,Fuel,Small business,41.9,0,0,100.0,2959,3,7.4,12,0,2026-01-08,2026-01-05,0.1657247717761237,0,Low,combined behavioural signal
TX0001479,C005283,2026-01-08 12:10:00,ON,ATM,Dining,New-to-bank,119.94,0,0,60.5,1553,5,0.4,12,0,2026-01-08,2026-01-05,0.28511394319305894,0,Guarded,combined behavioural signal
TX0024010,C001799,2026-01-08 12:12:00,ON,ATM,Digital services,Affluent,45.04,1,0,70.1,1313,2,33.9,12,0,2026-01-08,2026-01-05,0.7139304680659678,1,High,international
TX0025227,C009014,2026-01-08 12:13:00,ON,Point of sale,Grocery,Everyday,56.7,0,1,89.2,295,3,119.9,12,0,2026-01-08,2026-01-05,0.18465761701266717,0,Low,combined behavioural signal
TX0020641,C011549,2026-01-08 12:15:00,ON,ATM,Grocery,Student,283.08,0,0,39.5,1116,5,15.0,12,0,2026-01-08,2026-01-05,0.4744115461119154,0,Guarded,combined behavioural signal
TX0000991,C006889,2026-01-08 12:33:00,ON,Recurring,Fuel,Affluent,34.88,0,0,44.2,1066,5,14.3,12,0,2026-01-08,2026-01-05,0.3400367302732739,0,Guarded,combined behavioural signal
TX0015311,C002716,2026-01-08 12:44:00,BC,E-commerce,Digital services,Everyday,8.96,0,0,62.4,1574,2,6.3,12,0,2026-01-08,2026-01-05,0.4520472570221675,0,Guarded,combined behavioural signal
TX0054989,C007372,2026-01-08 12:44:00,QC,Mobile wallet,Other,Affluent,920.9,0,0,74.3,908,6,18.9,12,0,2026-01-08,2026-01-05,0.9027691378631657,1,Critical,high amount
TX0015461,C011281,2026-01-08 12:45:00,AB,Point of sale,Dining,Everyday,74.47,0,1,51.0,692,4,17.9,12,0,2026-01-08,2026-01-05,0.24848455507209247,0,Low,combined behavioural signal
TX0032199,C013995,2026-01-08 12:46:00,NS,ATM,Dining,Small business,64.5,0,0,76.2,1143,2,58.5,12,0,2026-01-08,2026-01-05,0.11201026801535098,0,Low,combined behavioural signal
TX0054450,C004578,2026-01-08 12:46:00,QC,Mobile wallet,Dining,Affluent,11.24,0,0,96.2,67,3,10.4,12,0,2026-01-08,2026-01-05,0.22065111496126968,0,Low,new account
TX0036717,C004921,2026-01-08 12:49:00,ON,Recurring,Cash,Everyday,31.57,0,0,67.3,1637,3,61.5,12,0,2026-01-08,2026-01-05,0.19372712415292923,0,Low,combined behavioural signal
TX0038659,C007155,2026-01-08 12:51:00,QC,Point of sale,Other,Student,34.69,0,1,85.9,1592,2,43.3,12,0,2026-01-08,2026-01-05,0.15137182636855268,0,Low,combined behavioural signal
TX0059857,C007768,2026-01-08 12:51:00,BC,E-commerce,Grocery,Everyday,38.17,0,0,57.5,879,3,1.9,12,0,2026-01-08,2026-01-05,0.41208816827390043,0,Guarded,combined behavioural signal
TX0042310,C011648,2026-01-08 13:06:00,ON,Recurring,Other,Everyday,89.01,0,0,46.3,889,2,36.0,13,0,2026-01-08,2026-01-05,0.2436986720293856,0,Low,combined behavioural signal
TX0018722,C010298,2026-01-08 13:13:00,ON,Point of sale,Grocery,Everyday,46.24,0,1,67.5,1244,4,38.0,13,0,2026-01-08,2026-01-05,0.2033458780250719,0,Low,combined behavioural signal
TX0058682,C009961,2026-01-08 13:15:00,ON,Point of sale,Grocery,Student,29.31,0,1,84.5,181,1,6.0,13,0,2026-01-08,2026-01-05,0.07942685152235451,0,Low,combined behavioural signal
TX0035860,C004300,2026-01-08 13:26:00,NS,E-commerce,Grocery,Small business,249.32,0,0,76.5,206,3,11.0,13,0,2026-01-08,2026-01-05,0.3903065497698864,0,Guarded,combined behavioural signal
TX0001969,C003686,2026-01-08 13:28:00,QC,E-commerce,Other,Student,62.6,0,0,93.2,167,5,59.5,13,0,2026-01-08,2026-01-05,0.5324210490986142,0,High,combined behavioural signal
TX0024722,C006031,2026-01-08 13:29:00,QC,ATM,Travel,Everyday,33.92,1,0,51.0,1837,4,13.7,13,0,2026-01-08,2026-01-05,0.684451825913474,1,High,international
TX0025516,C002484,2026-01-08 13:31:00,ON,E-commerce,Fuel,Everyday,294.07,0,0,59.8,1181,2,66.6,13,0,2026-01-08,2026-01-05,0.6012806110957033,0,High,combined behavioural signal
TX0043677,C004784,2026-01-08 13:35:00,ON,Mobile wallet,Electronics,Affluent,178.68,0,0,65.9,2590,4,4.1,13,0,2026-01-08,2026-01-05,0.5862764133932304,0,High,combined behavioural signal
TX0039605,C014074,2026-01-08 13:51:00,NB,Recurring,Other,Small business,8.86,0,0,57.4,184,4,30.9,13,0,2026-01-08,2026-01-05,0.17105344513951243,0,Low,combined behavioural signal
TX0033382,C010486,2026-01-08 13:54:00,ON,Point of sale,Other,Small business,27.86,1,1,76.3,213,2,39.5,13,0,2026-01-08,2026-01-05,0.47072848593145394,0,Guarded,international
TX0015983,C005536,2026-01-08 14:00:00,BC,E-commerce,Grocery,Student,31.96,0,0,76.9,612,3,39.4,14,0,2026-01-08,2026-01-05,0.38274358670247965,0,Guarded,combined behavioural signal
TX0018970,C013518,2026-01-08 14:00:00,ON,E-commerce,Grocery,Everyday,139.43,0,0,50.8,161,2,54.5,14,0,2026-01-08,2026-01-05,0.518761761195045,0,High,combined behavioural signal
TX0004312,C006370,2026-01-08 14:10:00,ON,Recurring,Grocery,Everyday,15.91,0,0,75.5,1152,7,5.0,14,0,2026-01-08,2026-01-05,0.2527329130230702,0,Guarded,combined behavioural signal
TX0038607,C009311,2026-01-08 14:15:00,ON,ATM,Grocery,Everyday,8.84,0,0,46.4,213,2,43.2,14,0,2026-01-08,2026-01-05,0.17790056681262242,0,Low,combined behavioural signal
TX0025231,C005007,2026-01-08 14:19:00,BC,Recurring,Digital services,Affluent,55.6,0,0,91.1,858,3,30.9,14,0,2026-01-08,2026-01-05,0.21515144778754336,0,Low,combined behavioural signal
TX0050566,C004847,2026-01-08 14:21:00,ON,ATM,Dining,Everyday,75.08,1,0,80.4,707,2,7.6,14,0,2026-01-08,2026-01-05,0.4676140104139539,0,Guarded,international
TX0000958,C011455,2026-01-08 14:23:00,SK,Point of sale,Grocery,Student,22.59,0,1,61.4,861,1,75.1,14,0,2026-01-08,2026-01-05,0.14699719504449735,0,Low,combined behavioural signal
TX0051001,C004938,2026-01-08 14:27:00,ON,E-commerce,Dining,New-to-bank,66.43,0,0,82.4,116,5,31.3,14,0,2026-01-08,2026-01-05,0.4739557723126684,0,Guarded,combined behavioural signal
TX0020094,C010322,2026-01-08 14:27:00,QC,Point of sale,Digital services,New-to-bank,53.01,0,1,89.0,895,3,8.4,14,0,2026-01-08,2026-01-05,0.18200664395950847,0,Low,combined behavioural signal
TX0057924,C012570,2026-01-08 14:34:00,ON,Mobile wallet,Fuel,Student,59.67,0,0,44.3,938,3,69.1,14,0,2026-01-08,2026-01-05,0.4203127643064472,0,Guarded,combined behavioural signal
TX0028593,C011488,2026-01-08 14:35:00,ON,E-commerce,Other,Everyday,45.55,0,0,60.6,237,3,32.3,14,0,2026-01-08,2026-01-05,0.4712369993442399,0,Guarded,combined behavioural signal
TX0009047,C000142,2026-01-08 14:41:00,ON,Point of sale,Grocery,Everyday,124.38,0,1,50.4,562,5,28.4,14,0,2026-01-08,2026-01-05,0.30387676511658396,0,Guarded,combined behavioural signal
TX0033016,C009187,2026-01-08 14:45:00,BC,Point of sale,Dining,New-to-bank,41.82,0,1,72.1,299,3,11.9,14,0,2026-01-08,2026-01-05,0.1269367870760669,0,Low,combined behavioural signal
TX0029824,C004829,2026-01-08 14:48:00,ON,ATM,Dining,Student,47.56,0,0,57.4,662,2,16.0,14,0,2026-01-08,2026-01-05,0.157489947110937,0,Low,combined behavioural signal
TX0051995,C014557,2026-01-08 15:00:00,ON,E-commerce,Digital services,Everyday,22.27,0,0,79.9,773,2,22.7,15,0,2026-01-08,2026-01-05,0.4024813395188535,0,Guarded,combined behavioural signal
TX0002791,C013676,2026-01-08 15:04:00,BC,E-commerce,Travel,Everyday,468.64,0,0,86.0,1781,2,104.4,15,0,2026-01-08,2026-01-05,0.6272795832099477,0,High,combined behavioural signal
TX0051676,C006312,2026-01-08 15:06:00,MB,E-commerce,Grocery,Small business,37.03,0,0,75.7,109,1,15.3,15,0,2026-01-08,2026-01-05,0.2313890850549116,0,Low,combined behavioural signal
TX0039995,C003043,2026-01-08 15:08:00,ON,E-commerce,Other,Affluent,97.44,0,0,69.0,1929,5,41.9,15,0,2026-01-08,2026-01-05,0.6657249289354953,1,High,combined behavioural signal
TX0017220,C007640,2026-01-08 15:10:00,ON,Point of sale,Travel,Everyday,108.45,0,1,85.7,1985,5,45.9,15,0,2026-01-08,2026-01-05,0.20443131376537335,0,Low,combined behavioural signal
TX0041446,C006063,2026-01-08 15:10:00,ON,E-commerce,Grocery,New-to-bank,98.27,0,0,90.6,674,4,2.3,15,0,2026-01-08,2026-01-05,0.3864847181313355,0,Guarded,combined behavioural signal
TX0005347,C003506,2026-01-08 15:12:00,ON,Point of sale,Fuel,Affluent,128.82,0,1,81.6,944,3,81.0,15,0,2026-01-08,2026-01-05,0.22452853508040702,0,Low,combined behavioural signal
TX0029483,C009654,2026-01-08 15:18:00,QC,Point of sale,Grocery,Student,177.27,0,1,86.2,1571,5,6.7,15,0,2026-01-08,2026-01-05,0.23698513915237554,0,Low,combined behavioural signal
TX0017876,C014787,2026-01-08 15:30:00,ON,Point of sale,Dining,Everyday,39.05,0,1,65.6,758,5,12.0,15,0,2026-01-08,2026-01-05,0.19623910340237463,0,Low,combined behavioural signal
TX0051934,C011090,2026-01-08 15:33:00,AB,Point of sale,Electronics,Everyday,51.29,0,1,84.8,1308,8,22.4,15,0,2026-01-08,2026-01-05,0.39021024208344385,0,Guarded,high velocity
TX0041024,C006923,2026-01-08 15:38:00,BC,ATM,Grocery,Small business,50.44,0,0,71.1,1217,5,88.1,15,0,2026-01-08,2026-01-05,0.23255471461616803,0,Low,combined behavioural signal
TX0041189,C009422,2026-01-08 15:45:00,ON,Recurring,Grocery,Small business,123.09,0,0,83.3,1055,4,11.3,15,0,2026-01-08,2026-01-05,0.15469913020760737,0,Low,combined behavioural signal
TX0042245,C002481,2026-01-08 15:51:00,ON,E-commerce,Travel,New-to-bank,357.76,0,0,90.0,1810,3,71.4,15,0,2026-01-08,2026-01-05,0.5877613017997372,0,High,combined behavioural signal
TX0048332,C000776,2026-01-08 16:07:00,QC,Point of sale,Electronics,Student,18.05,0,1,83.0,679,4,9.3,16,0,2026-01-08,2026-01-05,0.20537778040248866,0,Low,combined behavioural signal
TX0013882,C003755,2026-01-08 16:11:00,QC,Point of sale,Electronics,Everyday,64.3,0,1,72.0,593,6,22.9,16,0,2026-01-08,2026-01-05,0.3383415925980208,0,Guarded,combined behavioural signal
TX0038017,C007940,2026-01-08 16:17:00,QC,ATM,Grocery,New-to-bank,66.07,0,0,78.6,721,2,24.8,16,0,2026-01-08,2026-01-05,0.1360455861109259,0,Low,combined behavioural signal
TX0001181,C009593,2026-01-08 16:21:00,QC,Point of sale,Fuel,Everyday,168.91,0,1,91.8,1289,2,0.2,16,0,2026-01-08,2026-01-05,0.10920507923831851,0,Low,combined behavioural signal
TX0057230,C001394,2026-01-08 16:26:00,QC,Mobile wallet,Other,Everyday,16.42,0,0,85.7,1212,1,8.5,16,0,2026-01-08,2026-01-05,0.16588907986307327,0,Low,combined behavioural signal
TX0049640,C002615,2026-01-08 16:35:00,BC,Point of sale,Travel,Everyday,63.74,0,1,100.0,2061,3,54.6,16,0,2026-01-08,2026-01-05,0.10418308468278034,0,Low,combined behavioural signal
TX0044404,C002937,2026-01-08 16:46:00,ON,Mobile wallet,Cash,Everyday,164.64,0,0,88.3,1566,5,38.1,16,0,2026-01-08,2026-01-05,0.34782768348286264,0,Guarded,combined behavioural signal
TX0013812,C002646,2026-01-08 16:52:00,QC,Recurring,Dining,Small business,15.94,0,0,84.1,751,9,49.9,16,0,2026-01-08,2026-01-05,0.31503730397552737,0,Guarded,high velocity
TX0003199,C002788,2026-01-08 17:07:00,QC,Point of sale,Travel,New-to-bank,339.09,0,1,52.8,455,5,3.3,17,0,2026-01-08,2026-01-05,0.37915295402624255,0,Guarded,combined behavioural signal
TX0047342,C000019,2026-01-08 17:12:00,ON,Recurring,Electronics,Everyday,485.81,0,0,85.7,907,3,12.9,17,0,2026-01-08,2026-01-05,0.3887209784912118,0,Guarded,combined behavioural signal
TX0015003,C001493,2026-01-08 17:18:00,ON,E-commerce,Fuel,Everyday,72.03,0,0,100.0,497,5,78.1,17,0,2026-01-08,2026-01-05,0.4292630523314489,0,Guarded,combined behavioural signal
TX0044913,C008699,2026-01-08 17:29:00,AB,Mobile wallet,Fuel,Student,24.43,0,0,82.5,116,4,31.1,17,0,2026-01-08,2026-01-05,0.25352832939158054,0,Guarded,combined behavioural signal
TX0031491,C014865,2026-01-08 17:32:00,BC,Recurring,Fuel,Student,49.03,0,0,81.3,374,2,14.4,17,0,2026-01-08,2026-01-05,0.09463835267507496,0,Low,combined behavioural signal
TX0007442,C012496,2026-01-08 18:04:00,ON,ATM,Dining,Affluent,333.85,0,0,48.2,922,3,7.1,18,0,2026-01-08,2026-01-05,0.365883200178264,0,Guarded,combined behavioural signal
TX0015540,C006810,2026-01-08 18:09:00,ON,Recurring,Other,Everyday,121.85,0,0,93.4,351,2,26.1,18,0,2026-01-08,2026-01-05,0.117917310252499,0,Low,combined behavioural signal
TX0031830,C001017,2026-01-08 18:14:00,QC,Recurring,Dining,Affluent,132.27,0,0,92.5,814,5,7.5,18,0,2026-01-08,2026-01-05,0.2236667773367368,0,Low,combined behavioural signal
TX0024327,C000361,2026-01-08 18:17:00,ON,Mobile wallet,Other,New-to-bank,223.82,0,0,93.2,173,4,11.2,18,0,2026-01-08,2026-01-05,0.32029199585373824,0,Guarded,combined behavioural signal
TX0035129,C011817,2026-01-08 18:25:00,MB,E-commerce,Travel,Affluent,10.49,0,0,66.5,455,4,54.7,18,0,2026-01-08,2026-01-05,0.48841333249372104,0,Guarded,combined behavioural signal
TX0054065,C002259,2026-01-08 18:25:00,SK,Recurring,Travel,Everyday,209.17,0,0,96.4,910,6,11.0,18,0,2026-01-08,2026-01-05,0.20276942591002392,0,Low,combined behavioural signal
TX0008340,C007901,2026-01-08 18:30:00,QC,E-commerce,Digital services,Everyday,82.8,0,0,35.3,1346,3,7.1,18,0,2026-01-08,2026-01-05,0.6527527331715791,1,High,combined behavioural signal
TX0055184,C009339,2026-01-08 18:36:00,ON,Mobile wallet,Grocery,Everyday,22.44,0,0,74.8,1675,3,46.6,18,0,2026-01-08,2026-01-05,0.2588347118779594,0,Guarded,combined behavioural signal
TX0000887,C014796,2026-01-08 18:47:00,ON,Recurring,Travel,Student,73.62,0,0,62.2,136,5,29.9,18,0,2026-01-08,2026-01-05,0.2306948362568654,0,Low,combined behavioural signal
TX0058943,C002092,2026-01-08 18:50:00,QC,Point of sale,Grocery,Affluent,33.3,0,1,44.4,828,2,13.9,18,0,2026-01-08,2026-01-05,0.20318206841180383,0,Low,combined behavioural signal
TX0023006,C007624,2026-01-08 18:54:00,MB,ATM,Travel,Everyday,97.95,1,0,57.0,773,5,1.9,18,0,2026-01-08,2026-01-05,0.6606996115248315,1,High,international
TX0013102,C000169,2026-01-08 18:55:00,QC,Point of sale,Digital services,Everyday,65.69,0,1,45.1,722,7,18.8,18,0,2026-01-08,2026-01-05,0.47097314512694205,0,Guarded,combined behavioural signal
TX0028216,C014324,2026-01-08 19:00:00,ON,Point of sale,Grocery,Everyday,19.31,0,1,72.5,1875,5,37.3,19,0,2026-01-08,2026-01-05,0.19418111821934408,0,Low,combined behavioural signal
TX0043227,C005111,2026-01-08 19:38:00,QC,Point of sale,Dining,Everyday,133.27,0,1,51.0,148,2,78.7,19,0,2026-01-08,2026-01-05,0.22585077038127388,0,Low,combined behavioural signal
TX0001660,C008775,2026-01-08 19:42:00,AB,E-commerce,Grocery,Affluent,67.71,0,0,55.5,1628,4,10.4,19,0,2026-01-08,2026-01-05,0.5737900800900457,0,High,combined behavioural signal
TX0054368,C010562,2026-01-08 19:43:00,AB,Recurring,Grocery,Everyday,201.05,0,0,65.5,2933,4,112.7,19,0,2026-01-08,2026-01-05,0.40485817959909826,0,Guarded,combined behavioural signal
TX0049934,C010799,2026-01-08 19:58:00,BC,Point of sale,Grocery,Student,33.91,0,1,59.4,1268,1,72.5,19,0,2026-01-08,2026-01-05,0.13677105741680262,0,Low,combined behavioural signal
TX0039740,C004854,2026-01-08 19:59:00,ON,Point of sale,Dining,Small business,116.47,0,1,50.3,754,3,3.8,19,0,2026-01-08,2026-01-05,0.15655666400249513,0,Low,combined behavioural signal
TX0049329,C011612,2026-01-08 20:03:00,BC,E-commerce,Grocery,Everyday,16.68,0,0,89.2,1690,4,25.4,20,0,2026-01-08,2026-01-05,0.3257111862880657,0,Guarded,combined behavioural signal
TX0033586,C001623,2026-01-08 20:06:00,ON,Point of sale,Grocery,Everyday,69.62,0,1,47.4,668,3,25.2,20,0,2026-01-08,2026-01-05,0.18634853348267877,0,Low,combined behavioural signal
TX0036865,C008098,2026-01-08 20:07:00,ON,E-commerce,Digital services,Affluent,42.01,0,0,74.2,1047,2,8.1,20,0,2026-01-08,2026-01-05,0.4550571455218526,0,Guarded,combined behavioural signal
TX0052228,C008600,2026-01-08 20:09:00,AB,Recurring,Travel,Everyday,36.85,0,0,66.0,819,4,18.3,20,0,2026-01-08,2026-01-05,0.1671149111328875,0,Low,combined behavioural signal
